room_id,url,city,contextualPicturesCount,lat,long,listingObjType,pdpUrlType,name,roomTypeCategory,canInstantBook,weeklyPriceFactor,structuredStayDisplayPrice,maxGuestCapacity,SYSTEM_COOKING_BASICS,SYSTEM_WI_FI,SYSTEM_WORKSPACE,SYSTEM_MAPS_CAR_RENTAL,SYSTEM_TV,SYSTEM_WASHER,SYSTEM_SNOWFLAKE,SYSTEM_SURVEILLANCE,SYSTEM_ELEVATOR,SYSTEM_DRYER,isSuperHost,isVerified,price,price_full,SYSTEM_LOCK_ON_DOOR,SYSTEM_NO_DETECTOR_CO2,rating,reviewCount,SYSTEM_PETS,SYSTEM_EV_CHARGER,SYSTEM_PATIO_BALCONY,SYSTEM_FLOWER,SYSTEM_LUGGAGE_DROP,SYSTEM_NO_DETECTOR_SMOKE,yearHosting,SYSTEM_BEACH,SYSTEM_JACUZZI,SYSTEM_NO_LOCK_ON_DOOR,SYSTEM_VIEW_CITY,SYSTEM_POOL,SYSTEM_VIEW_OCEAN,SYSTEM_VIEW_MOUNTAIN,SYSTEM_SMOKING_ALLOWED,SYSTEM_HAIRDRYER,SYSTEM_SAUNA,SYSTEM_BREAKFAST,SYSTEM_FIREPLACE,SYSTEM_BATHTUB,SYSTEM_FIREPIT,SYSTEM_REFRIGERATOR,SYSTEM_GOLF,SYSTEM_TOYS,SYSTEM_MAPS_RESORT,SYSTEM_BOAT_SAIL,SYSTEM_HIGH_CHAIR
867773733983217424,https://www.airbnb.com.vn/rooms/867773733983217424,ThÃ nh phá»‘ Báº¯c Giang,24,21.28314,106.20261,REGULAR,,"PhÃ²ng Háº¡ng E, Ä‘á»§ Ä‘á»“.",private_room,False,,/ Ä‘Ãªm,2,True,True,True,True,True,True,True,True,,,,,,,,,,,,,,,,,,,,,,,,,,,,,,,,,,,,,
858255375464933332,https://www.airbnb.com.vn/rooms/858255375464933332,ThÃ nh phá»‘ Báº¯c Giang,14,21.282329844879275,106.20143865283063,REGULAR,,PhÃ²ng Premium studio táº¡i Linn Hotel Báº¯c Giang,entire_home,False,,/ Ä‘Ãªm,2,True,True,True,True,True,True,True,True,True,True,,,,,,,,,,,,,,,,,,,,,,,,,,,,,,,,,,,
645909291524288764,https://www.airbnb.com.vn/rooms/645909291524288764,ThÃ nh phá»‘ Báº¯c Giang,15,21.27577,106.19377,REGULAR,,Báº¯c Giang*Trung tÃ¢m*Phong cÃ¡ch* Kiá»ƒm soÃ¡t phÃ²ng thÃ´ng minh *BB Inc,private_room,False,,/ Ä‘Ãªm,4,True,True,True,True,True,True,,,True,True,True,True,990.000,â‚«990.000,True,False,,,,,,,,,,,,,,,,,,,,,,,,,,,,,
7336424,https://www.airbnb.com.vn/rooms/7336424,Cat Ba island,30,20.80641,107.03943,REGULAR,,NhÃ  cá»• Viá»‡t Háº£i - NhÃ  riÃªng,entire_home,False,,/ Ä‘Ãªm,2,True,,True,True,,,,,,,,,,,,False,"4,91",70,True,True,True,True,True,False,,,,,,,,,,,,,,,,,,,,,
26684212,https://www.airbnb.com.vn/rooms/26684212,ThÃ nh phá»‘ Háº¡ Long,25,20.93972,107.10943,REGULAR,,Sá»‘ng cÃ¹ng gia Ä‘Ã¬nh báº£n xá»© Háº¡ Long Lily - PhÃ²ng háº¡ng sang 201,private_room,False,,/ Ä‘Ãªm,3,True,True,,True,True,True,,,,,True,True,1.043,â‚«1.043.869,,False,"4,9",90,,,,,,False,5,True,True,False,,,,,,,,,,,,,,,,,
869036682068984816,https://www.airbnb.com.vn/rooms/869036682068984816,Haiphong,22,20.86377,106.66613,REGULAR,,CÄƒn há»™ 4 phÃ²ng ngá»§ hiá»‡n Ä‘áº¡i táº¡i Vinhome Imperia,entire_home,False,,/ Ä‘Ãªm,10,True,True,True,True,,,,,,,,,2.858,â‚«2.858.590,,False,,,True,,,True,,False,,,,,True,True,,,,,,,,,,,,,,,
645614243188847606,https://www.airbnb.com.vn/rooms/645614243188847606,ThÃ nh phá»‘ Háº¡ Long,30,20.95352,107.01208,REGULAR,,CÄƒn há»™ áº¥m cÃºng vá»›i táº§m nhÃ¬n tuyá»‡t vá»i - thÃ nh phá»‘ Háº¡ Long,entire_home,False,,/ Ä‘Ãªm,2,True,True,True,,True,,True,,,,,,1.078,â‚«1.078.910,,False,"4,84",50,,,,,,,,True,,,,True,True,True,,,,,,,,,,,,,
886108842791627080,https://www.airbnb.com.vn/rooms/886108842791627080,ThÃ nh phá»‘ Báº¯c Ninh,8,21.18026,106.06696,REGULAR,,cho thuÃª cÄƒn há»™,private_room,False,,/ Ä‘Ãªm,2,True,True,True,True,True,True,True,True,,,,,,,,False,,,,,,,,False,,,,,,,,,,,,,,,,,,,,,
26895495,https://www.airbnb.com.vn/rooms/26895495,ThÃ nh phá»‘ Háº¡ Long,24,20.94134,107.10973,REGULAR,,Sá»‘ng cÃ¹ng gia Ä‘Ã¬nh báº£n xá»© Háº¡ Long Lily - PhÃ²ng 203,hotel_room,False,,/ Ä‘Ãªm,3,True,True,,True,True,True,True,,,,,,749.420,â‚«749.420,,False,"4,95",101,,,,,,False,,,True,,,,True,,,,,,,,,,,,,,
760273033454675459,https://www.airbnb.com.vn/rooms/760273033454675459,,5,21.17773,106.06258,REGULAR,,CÄƒn há»™ mini 1 phÃ²ng ngá»§ táº¡i TP Báº¯c Ninh,private_room,False,,/ Ä‘Ãªm,2,True,,,True,True,True,True,,,,False,True,279.702,â‚«279.702,True,False,"4,33",3,True,,,,,False,5,,,,,,,,True,,,,,,,,,,,,
42233929,https://www.airbnb.com.vn/rooms/42233929,tt. CÃ¡t BÃ ,28,20.75172,106.99507,REGULAR,,J6 PhÃ²ng Deluxe - JOYSTAY,private_room,False,,/ Ä‘Ãªm,2,,True,,True,,True,True,,,,,,,,,False,"4,96",24,,,,True,True,False,,,,,,,,,,True,,,,,,,,,,,
625011935264035999,https://www.airbnb.com.vn/rooms/625011935264035999,ThÃ nh phá»‘ Háº¡ Long,23,20.959726,107.008675,REGULAR,,CÄƒn há»™  Greenbay Garden- ToÃ  A 707,entire_home,False,,/ Ä‘Ãªm,2,True,True,True,True,True,,,,,,,,,,,False,"4,97",30,,,,,,,,True,,,,True,True,,,,,,,,,,,,,,
764792211968108791,https://www.airbnb.com.vn/rooms/764792211968108791,CÃ¡t BÃ ,30,20.73089,107.050934,REGULAR,,-30%Free big breakfast-laundry-cook with host,private_room,False,,/ Ä‘Ãªm,2,True,True,True,True,,True,,,,True,False,True,503.341,â‚«503.341,True,False,"5,0",10,,,,,,,2,True,,,True,,,,,,,,,,,,,,,,
42439056,https://www.airbnb.com.vn/rooms/42439056,Viá»‡t Háº£i,17,20.80009,107.04472,REGULAR,,Äáº£o Catba - Sá»‘ng cÃ¹ng gia Ä‘Ã¬nh báº£n xá»© Lan,private_room,False,,/ Ä‘Ãªm,4,True,True,True,True,,,True,,,,True,False,947.177,â‚«947.177,True,,"5,0",8,True,,,True,,,3,,True,,,,,True,,,,,,,,,,,,,
874445693790678735,https://www.airbnb.com.vn/rooms/874445693790678735,Há»“ng BÃ ng,11,20.865135979254607,106.6731121391058,REGULAR,,Central Single Bed,private_room,False,,/ Ä‘Ãªm,2,,True,True,True,,,True,,,,False,True,268.177,â‚«268.177,True,False,,,,,,,,False,,,,,,,,,,,,,,,,,,,,,
640758253687473206,https://www.airbnb.com.vn/rooms/640758253687473206,Thanh Thá»§y,29,20.505597225184324,106.54102675616741,REGULAR,,Cozy Japanese vibe 3BR apartment,entire_home,False,,/ Ä‘Ãªm,6,True,True,,True,True,,True,,,,,,,,,,,,True,,,,True,,,,True,,,,,,,True,True,,,,,,,,,,
623424256387180031,https://www.airbnb.com.vn/rooms/623424256387180031,TrÃ¢n ChÃ¢u,19,20.769485473632812,107.02233123779297,REGULAR,,Cat ba park homestay - single room 1,private_room,False,,/ Ä‘Ãªm,2,True,True,True,True,,,,True,,,,,342.353,â‚«342.353,,False,"4,9",20,,,,True,,False,,,,,,,True,,,,,,,,,,,,,,
861279501044710852,https://www.airbnb.com.vn/rooms/861279501044710852,TrÃ¢n ChÃ¢u,23,20.767532946711253,107.02153399160157,REGULAR,,Cat Ba Countryside Homestay for a Real Holiday,private_room,False,,/ Ä‘Ãªm,4,,True,,True,,,True,True,,,False,True,,,True,False,,1,,,True,,,False,5,,,,,True,,,,True,,,,,,,,,,,
28728634,https://www.airbnb.com.vn/rooms/28728634,CÃ¡t Háº£i,30,20.76872,107.06477,REGULAR,,10. InnerX-Stay. Ha Long Floating Homestay,private_room,False,,/ Ä‘Ãªm,2,,,,,,,,,,,False,True,428.233,â‚«428.233,,False,"4,83",236,True,,,,,False,5,,,False,,,,,True,,,True,,,,,,,,,
879363010875314958,https://www.airbnb.com.vn/rooms/879363010875314958,ThÃ nh phá»‘ Báº¯c Giang,20,21.28329,106.20104,REGULAR,,"PhÃ²ng Háº¡ng D, cÃ³ 2 loáº¡i giÆ°á»ng",private_room,False,,/ Ä‘Ãªm,2,True,True,True,True,True,True,True,True,,,,,,,,,,,,,,,,,,,,,,,,,,,,,,,,,,,,,
683030627488369789,https://www.airbnb.com.vn/rooms/683030627488369789,TrÃ¢n ChÃ¢u,30,20.80547,107.03889,REGULAR,,NgÃ´i NhÃ  XÆ°a - PhÃ²ng RiÃªng,entire_home,False,,/ Ä‘Ãªm,2,True,,,True,,,,,,,,,1.132,â‚«1.132.198,,False,"4,9",20,True,True,True,True,True,False,,,,,,,,,,,,,True,,,,,,,,
26798876,https://www.airbnb.com.vn/rooms/26798876,ThÃ nh phá»‘ Háº¡ Long,24,20.93954,107.10966,REGULAR,,Gia Ä‘Ã¬nh báº£n xá»© Háº¡ Long Lily - PhÃ²ng 202,private_room,False,,/ Ä‘Ãªm,2,True,True,,True,True,True,True,,,,True,True,711.981,â‚«711.981,,,"4,96",137,,,,,,,5,,True,False,,,,,,True,,True,,,,,,,,,
878795357664933402,https://www.airbnb.com.vn/rooms/878795357664933402,ThÃ nh phá»‘ Báº¯c Ninh,8,21.179856835016665,106.06589522212744,REGULAR,,cho thuÃª phÃ²ng gáº§n ngÃ£ 6,private_room,False,,/ Ä‘Ãªm,2,True,True,True,True,True,True,True,True,,,,,,,,False,,,,,,,,,,,,,,,,,,True,,,,,,,,,,,
831529824465276900,https://www.airbnb.com.vn/rooms/831529824465276900,,5,21.17722,106.063,REGULAR,,NhÃ  nghá»‰ cho thuÃª 1 giÆ°á»ng,private_room,False,,/ Ä‘Ãªm,2,True,True,,True,True,True,,True,,,False,True,294.424,â‚«294.424,True,False,,1,True,,,,,False,5,,,,,,,,,,,,,,,,,,,,
874437361328119566,https://www.airbnb.com.vn/rooms/874437361328119566,Há»“ng BÃ ng,8,20.8648763,106.6731829,REGULAR,,Cozy central Flex room 3,private_room,False,,/ Ä‘Ãªm,2,,True,True,True,True,,True,,,,False,True,,,True,False,,,,,,,,False,,,,,,,,,,,,,,,,,,,,,
861275879144545110,https://www.airbnb.com.vn/rooms/861275879144545110,TrÃ¢n ChÃ¢u,23,20.76745269270024,107.02149107625733,REGULAR,,Cat Ba Countryside Homestay 2,private_room,False,,/ Ä‘Ãªm,4,,True,,True,,,True,True,,,False,True,,,True,False,,,,,True,,,False,,,,,,True,,,,True,,,,,,,,,,,
804952829063438667,https://www.airbnb.com.vn/rooms/804952829063438667,XuÃ¢n ÄÃ¡m,23,20.74925,106.99728,REGULAR,,Cat Ba SOL Beach- Beachfront house,private_room,False,,/ Ä‘Ãªm,16,,True,True,True,True,,,,,,,,,,,False,,,,,,,,False,,True,,,,True,True,,,,,,,,,,,,,,
25894050,https://www.airbnb.com.vn/rooms/25894050,tt. CÃ¡t BÃ ,25,20.73292,107.05891,REGULAR,,Aroma House - PhÃ²ng Ä‘Ã´i riÃªng,private_room,False,,/ Ä‘Ãªm,2,True,True,,True,,,True,,,,True,True,802.991,â‚«802.991,,False,"4,82",18,,,True,True,,False,8,,,False,,,True,,,,,,,,,,,,,,
880974780222731226,https://www.airbnb.com.vn/rooms/880974780222731226,ThÃ nh phá»‘ Háº¡ Long,21,20.97176,107.01646,REGULAR,,CÄƒn há»™ 2308 ToÃ  A greenbay garden,entire_home,False,,/ Ä‘Ãªm,2,True,True,True,True,True,,,,,,,,422.235,â‚«422.235,,False,,,True,,,,,,,True,,,,True,True,,,,,,,,,,,,,,
698187430550474976,https://www.airbnb.com.vn/rooms/698187430550474976,NgÃ´ Quyá»n,20,20.839567910179657,106.69477082750855,REGULAR,,Má»™t nÆ¡i giá»‘ng nhÆ° ngÃ´i nhÃ  ngá»t ngÃ o cá»§a báº¡n,entire_home,False,,/ Ä‘Ãªm,4,True,True,True,True,True,True,,,True,True,,,863.491,â‚«863.491,,False,"4,86",22,True,,,,,,,,,,,,,,,,,,,,,,,,,,
43155066,https://www.airbnb.com.vn/rooms/43155066,ThÃ nh phá»‘ Háº¡ Long,30,20.96063,107.00836,REGULAR,,PhÃ²ng táº­p áº¥m cÃºng aptâ¤Greenbay Garden view â¤seaâ¤ gym&pool,entire_home,False,,/ Ä‘Ãªm,3,True,True,True,,True,True,True,,True,,,,,,,,"4,83",48,,,True,,,,,True,,,,True,,,,,,,,,,,,,,,
857049317260509464,https://www.airbnb.com.vn/rooms/857049317260509464,ThÃ nh phá»‘ Háº¡ Long,18,20.95081,107.02654,REGULAR,,Minh21 -70m2 - BÃ£i biá»ƒn nhÃ¬n ra biá»ƒn-Near,entire_home,False,,/ Ä‘Ãªm,7,True,True,True,True,,,,True,,,,,576.236,â‚«576.236,,False,"4,83",6,True,,,,,False,,,,,,True,True,,,,,,,,,,,,,,
845901024705008618,https://www.airbnb.com.vn/rooms/845901024705008618,Háº¡ Long,30,20.95267,107.01237,REGULAR,,Citadines Marina HaLong - 2 br,entire_home,False,,/ Ä‘Ãªm,5,True,True,True,,True,True,True,,True,,,,,,,,"5,0",8,,,,,,,,True,,,,True,,,,,,,,True,,,,,,,
800987213442289173,https://www.airbnb.com.vn/rooms/800987213442289173,ThÃ nh phá»‘ Báº¯c Giang,5,21.276708,106.1955491,REGULAR,,CÄƒn há»™ cao cáº¥p Mandala Báº¯c Giang,private_room,False,,/ Ä‘Ãªm,2,,True,,True,True,,True,True,,,,,1.368,â‚«1.368.271,,False,,,,,,,,,,,,,,True,,,,,,,,,,,,,,,
757607854670789072,https://www.airbnb.com.vn/rooms/757607854670789072,Há»“ng BÃ ng,11,20.87137,106.66877,REGULAR,,Cheechee homestay 3 - cÄƒn gÃ¡c mÃ¡i áº¥m Ã¡p,private_room,False,,/ Ä‘Ãªm,2,,True,,True,,,True,True,,,True,True,529.832,â‚«529.832,True,False,"5,0",5,,,,,,False,6,,True,,,,,,,,,,,,,,,,,,
819213388681145043,https://www.airbnb.com.vn/rooms/819213388681145043,BÃ¬nh Tháº¡nh,15,21.06308,106.0857,REGULAR,,CÄƒn há»™ 1 phÃ²ng ngá»§ phÃ¹ há»£p vá»›i gia Ä‘Ã¬nh cÃ³ bá»“n táº¯m gáº§n trung tÃ¢m,entire_home,False,,/ Ä‘Ãªm,2,True,True,True,True,True,,True,,True,,,,455.019,â‚«455.019,,False,,,,,,,,False,,,,,,,,,,True,,,,,,,,,,,
37521569,https://www.airbnb.com.vn/rooms/37521569,VÃ´i,20,21.34724,106.25542,REGULAR,,NhÃ  nghá»‰ G9,private_room,False,,/ Ä‘Ãªm,16,True,True,,True,True,True,True,,,True,,,285.294,â‚«285.294,,False,,,,,,,,,,,,,,,,,,True,,,True,,,,,,,,
34321154,https://www.airbnb.com.vn/rooms/34321154,CÃ¡t Háº£i,30,20.76791,107.06533,REGULAR,,"5.InnerX-Stay, Ha Long Floating Homestay",private_room,False,,/ Ä‘Ãªm,2,,,,,,,,,,,False,True,428.233,â‚«428.233,,False,"4,92",157,True,,,,,False,5,,,False,,,,,True,,,True,,,,,,,,,
866539515465649974,https://www.airbnb.com.vn/rooms/866539515465649974,ThÃ nh phá»‘ Báº¯c Giang,11,21.28273,106.2008,REGULAR,,"PhÃ²ng Háº¡ng B, view máº·t phá»‘",private_room,False,,/ Ä‘Ãªm,2,True,True,True,True,True,True,True,True,,True,,,,,,,,,,,,,True,,,,,,,,,,,,,,,,,,,,,,
878869627271155324,https://www.airbnb.com.vn/rooms/878869627271155324,Háº¡ Long,8,20.95347119421807,107.0025600139138,REGULAR,,CÄƒn há»™ nghá»‰ dÆ°á»¡ng táº¡i Háº¡ Long,entire_home,False,,/ Ä‘Ãªm,2,True,True,,True,True,True,True,,,,,,,,,False,,,,,,,,,,True,True,,,,,,,True,,,,,,,,,,,
786804411927058939,https://www.airbnb.com.vn/rooms/786804411927058939,ThÃ nh phá»‘ Báº¯c Giang,5,21.28152,106.21555,REPRESENTATIVE,,PhÃ²ng Deluxe 2 ngÆ°á»i lá»›n Báº¯c Giang,private_room,False,,/ Ä‘Ãªm,2,,True,True,True,True,,True,True,,,,,,,,,,,,,,,,,,,,,True,,,,,,,,,,,,,,,,
29493868,https://www.airbnb.com.vn/rooms/29493868,CÃ¡t Háº£i,30,20.805569756387527,107.03937280923128,REGULAR,,PhÃ²ng riÃªng cho gia Ä‘Ã¬nh cá»•,entire_home,False,,/ Ä‘Ãªm,5,True,,True,True,,,,,,,,,1.640,â‚«1.640.693,,False,"5,0",5,True,True,True,True,True,False,,,,,,,,,,,,,,,,,,,,,
41249002,https://www.airbnb.com.vn/rooms/41249002,,9,20.750492744736707,106.99589654803276,REGULAR,,Homestay má»™c máº¡c - phÃ²ng Ä‘Ã´i vá»›i phÃ²ng táº¯m riÃªng,private_room,False,,/ Ä‘Ãªm,2,True,True,,True,,,True,True,,,False,False,456.471,â‚«456.471,True,False,,,,,,,,False,,,,,,,,,,,,,,,True,True,,,,,
849785178607694698,https://www.airbnb.com.vn/rooms/849785178607694698,ThÃ nh phá»‘ Báº¯c Ninh,5,21.17725,106.06244,REGULAR,,phÃ²ng khÃ¡ch sáº¡n 1 giÆ°á»ng ngá»§,private_room,False,,/ Ä‘Ãªm,2,True,True,,True,True,True,True,True,,,False,True,368.600,â‚«368.600,,False,,2,,,,,,False,5,,,False,,,,,,,,,,,,,,,,,
38942481,https://www.airbnb.com.vn/rooms/38942481,ThÃ nh phá»‘ Háº¡ Long,29,20.94775,107.07364,REGULAR,,Romantic room with bathtub - 100m to seacoast,private_room,False,,/ Ä‘Ãªm,2,,True,,True,True,,True,,,,,,958.589,â‚«958.589,,False,"5,0",25,,,True,,,False,,,,,,,,,,True,,,True,,,True,,,,,
715911916428086226,https://www.airbnb.com.vn/rooms/715911916428086226,CÃ¡t Háº£i,14,20.724482,107.053356,REGULAR,,HÆ°Æ¡ng vá»‹ cÃ  phÃª vÃ  bá»¯a sÃ¡ng,private_room,False,,/ Ä‘Ãªm,2,,True,True,True,True,,True,True,,,,,466.970,â‚«466.970,,False,"4,58",24,,,True,,,,,True,,,,,,,,,,,,,,,,,,,
41021092,https://www.airbnb.com.vn/rooms/41021092,XuÃ¢n ÄÃ¡m,28,20.75173,106.99504,REGULAR,,J2 PhÃ²ng Deluxe - JOYSTAY,private_room,False,,/ Ä‘Ãªm,2,,True,,True,,True,True,,,True,False,True,,,True,False,"4,83",12,,,,True,,False,3,,,,,,,,,,,,,,,,,,,,
877061058396844670,https://www.airbnb.com.vn/rooms/877061058396844670,ThÃ nh phá»‘ Háº¡ Long,15,20.95462,107.00331,REGULAR,,Halong And Me Ancient Town View,private_room,False,,/ Ä‘Ãªm,3,True,True,True,True,,True,True,,,,False,True,,,True,False,,,,,,,,False,,True,,,,,,,,,,,,,,,,,,,
892536768026708547,https://www.airbnb.com.vn/rooms/892536768026708547,ThÃ nh phá»‘ Háº¡ Long,7,20.950862563010126,107.1128293494912,REGULAR,,Mint House Apartment - FLC Háº¡ Long Bay,private_room,False,,/ Ä‘Ãªm,2,True,True,,True,,,,,,,,,,,,False,,,True,,,True,,False,,True,True,,,,,,,,,,,,,,True,,,,
712145929448402488,https://www.airbnb.com.vn/rooms/712145929448402488,Háº¡ Long,15,20.95547,107.01364,REGULAR,,CÄƒn há»™ cao cáº¥p vá»›i táº§m nhÃ¬n tuyá»‡t Ä‘áº¹p ra Vá»‹nh Háº¡ Long,entire_home,False,,/ Ä‘Ãªm,3,True,True,,True,True,,,True,True,,,,941.420,â‚«941.420,,,"4,85",13,,,,,,,,True,,,,True,True,,,,,,,,,,,,,,
688275793706514315,https://www.airbnb.com.vn/rooms/688275793706514315,ThÃ nh phá»‘ Háº¡ Long,21,20.958513151728248,107.05127108842134,REGULAR,,"NhÃ  táº¡o máº«u phÃ²ng riÃªng, phÃ²ng sáº¡ch sáº½ vÃ  giÃ¡ ráº», ngáº«u nhiÃªn",private_room,False,,/ Ä‘Ãªm,2,True,True,,,True,,True,,,,,,342.353,â‚«342.353,,False,"4,9",30,True,,,,,False,,,,,,,,,,True,,,,,,,,,,,
42438457,https://www.airbnb.com.vn/rooms/42438457,Viá»‡t Háº£i,23,20.80019,107.04246,REGULAR,,Äáº£o Catba - Sá»‘ng cÃ¹ng gia Ä‘Ã¬nh báº£n xá»© Lan,private_room,False,,/ Ä‘Ãªm,4,True,True,True,True,,,True,,,,,,878.706,â‚«878.706,,,,,True,,True,True,,,,,True,,,,,,,,,,,,,,,,,,
801070980806249697,https://www.airbnb.com.vn/rooms/801070980806249697,ThÃ nh phá»‘ Báº¯c Giang,5,21.276708,106.1955491,REGULAR,,CÄƒn há»™ 3 phÃ²ng ngá»§ Mandala Báº¯c Giang,private_room,False,,/ Ä‘Ãªm,6,True,True,True,True,True,,True,True,,,False,True,3.994,â‚«3.994.120,,False,,,,,,,,,,,,False,,True,,,,,,,,,,,,,,,
878696428197632765,https://www.airbnb.com.vn/rooms/878696428197632765,Há»“ng BÃ ng,10,20.863931028858385,106.65939196944238,REGULAR,,Cosy private room on high floor,private_room,False,,/ Ä‘Ãªm,2,,True,,True,True,,True,,,,False,True,456.471,â‚«456.471,True,False,"5,0",3,,,True,,,,6,,,,True,,True,,,True,,,,,,,,,,,
890455266788195520,https://www.airbnb.com.vn/rooms/890455266788195520,ThÃ nh phá»‘ Háº¡ Long,22,20.96092,107.01969,REGULAR,,Luxury Studio Citadin Ha Long,entire_home,False,,/ Ä‘Ãªm,2,True,True,True,True,True,True,True,True,,,,,,,,False,,,,,,,,,,True,,,,,,,,,,,,,,,,,,,
838972876461893104,https://www.airbnb.com.vn/rooms/838972876461893104,CÃ¡t Háº£i,30,20.730898829653373,107.0511332899332,REGULAR,,-30% Include laundry big - breakfast- VNese coffee,private_room,False,,/ Ä‘Ãªm,2,True,True,True,,,True,,,,True,False,True,605.828,â‚«605.828,True,False,"5,0",6,,,,,,False,2,True,,,True,,,,,,,,,,,,,,,,
33232324,https://www.airbnb.com.vn/rooms/33232324,CÃ¡t Háº£i,30,20.7571,107.05627,REGULAR,,"1. InnerX-Stay, Ha Long Floating Homestay",private_room,False,,/ Ä‘Ãªm,2,,,,,,,,,,,False,True,428.233,â‚«428.233,True,False,"4,85",191,True,,True,,,False,5,True,,,,,True,,,,,True,,,,True,,,,,
875203021953103503,https://www.airbnb.com.vn/rooms/875203021953103503,ThÃ nh phá»‘ Báº¯c Giang,18,21.28265,106.20245,REGULAR,,PhÃ²ng Háº¡ng A 701,private_room,False,,/ Ä‘Ãªm,2,True,True,True,True,True,True,True,True,,,,,,,,,,,,,,,,,,,,,,,,,,,,,,,,,,,,,
887930490793895863,https://www.airbnb.com.vn/rooms/887930490793895863,ThÃ nh phá»‘ Háº¡ Long,6,20.950816975979937,107.11280037485199,REGULAR,,Mint House Apartment - FLC Háº¡ Long,private_room,False,,/ Ä‘Ãªm,2,True,True,,True,,,,,,,,,,,,False,,,True,,,True,,False,,True,True,,,,,,,,,,,,,,True,,,,
883765589019332011,https://www.airbnb.com.vn/rooms/883765589019332011,ThÃ nh phá»‘ Háº¡ Long,30,20.956263866462077,107.00447056442499,REGULAR,,Halong And Me Deluxe Stay,private_room,False,,/ Ä‘Ãªm,6,True,True,True,True,True,True,True,,,,,,,,,False,,,,,,,,,,True,,,,,,,,,,,,,True,,,,,,
33625101,https://www.airbnb.com.vn/rooms/33625101,ThÃ nh phá»‘ Háº¡ Long,23,20.95869,107.00423,REGULAR,,"Blue ROSE - 2 phÃ²ng ngá»§, 70m2, NhÃ¬n ra biá»ƒn, Há»“ bÆ¡i",entire_home,False,,/ Ä‘Ãªm,7,True,True,True,True,True,,,,,,,,576.236,â‚«576.236,,False,"4,53",17,True,,,,,,,True,,,,,True,,,,,,,,,,,,,,
37697797,https://www.airbnb.com.vn/rooms/37697797,,20,20.80486,106.93085,REGULAR,,Nghá»‰ Ä‘Ãªm trÃªn Du thuyá»n truyá»n thá»‘ng - Vá»‹nh Háº¡ Long - Vá»‹nh Lan Háº¡,private_room,False,,/ Ä‘Ãªm,2,True,,,,,,True,,,,,,4.148,â‚«4.148.710,,False,,,,,,,,,,,,,,,,,True,,,True,,,,True,,,,,
636008327449633390,https://www.airbnb.com.vn/rooms/636008327449633390,Háº¡ Long,26,20.954054,107.012756,REGULAR,,"Studio áº¥m cÃºng - táº§m nhÃ¬n toÃ n cáº£nh vá»‹nh Long, Netflix miá»…n phÃ­",entire_home,False,,/ Ä‘Ãªm,3,True,True,True,True,True,,,,,,,,970.000,â‚«970.000,,False,"4,9",49,,,,,,,,True,,,True,True,True,,,,,,,,,,,,,,
872279379215375728,https://www.airbnb.com.vn/rooms/872279379215375728,NgÃ´ Quyá»n,12,20.85682,106.68318,REGULAR,,Sunflower Homestay (NhÃ  sÃ n riÃªng biá»‡t),private_room,False,,/ Ä‘Ãªm,2,True,True,True,True,True,True,True,,,True,False,True,,,True,False,,1,,,,,,,,,,,,,,,,,,,,,,,,,,,
816538185774457620,https://www.airbnb.com.vn/rooms/816538185774457620,TÃ¢n PhÃº,5,21.06396,106.08678,REGULAR,,PhÃ²ng Ä‘iá»u hÃ²a áº¥m cÃºng gáº§n sÃ¢n bay,private_room,False,,/ Ä‘Ãªm,2,True,True,,True,,,True,,,,False,True,344.612,â‚«344.612,True,False,,,True,,,,,False,,,,,,,,,,,,,,,,,,,,,
42439382,https://www.airbnb.com.vn/rooms/42439382,Viá»‡t Háº£i,17,20.79907,107.04319,REGULAR,,Äáº£o Catba - Sá»‘ng cÃ¹ng gia Ä‘Ã¬nh báº£n xá»© Lan,private_room,False,,/ Ä‘Ãªm,4,True,True,True,True,,,True,,,,True,False,805.671,â‚«805.671,True,,"4,67",3,True,,,True,,,3,,True,,,,,,,,,,,,,,,,,,
887280582542615674,https://www.airbnb.com.vn/rooms/887280582542615674,CÃ¡t Háº£i,30,20.73463,107.04617,REGULAR,,Hungsen Homestay,entire_home,False,,/ Ä‘Ãªm,16,True,True,True,True,True,True,,True,,,,,,,,False,,,True,,,,,False,,,,,,,,,,,,,,,,,,,,,
867955555470733674,https://www.airbnb.com.vn/rooms/867955555470733674,Háº¡ Long,30,20.95364910671932,107.01288599520922,REGULAR,,CÄƒn há»™ hÆ°á»›ng biá»ƒn - Citadines 5*,entire_home,False,,/ Ä‘Ãªm,4,True,True,True,True,,,,True,,,,,,,,,,,,,,,,,,True,True,,True,True,True,,,,,,,,,,,,,,
825869674204843630,https://www.airbnb.com.vn/rooms/825869674204843630,BÃ¬nh Tháº¡nh,22,21.06381,106.08598,REGULAR,,CÄƒn há»™ Cityview cÃ³ ban cÃ´ng,entire_home,False,,/ Ä‘Ãªm,2,True,True,True,True,True,True,,True,True,,,,916.365,â‚«916.365,,False,"5,0",3,,,,,,,,,,,True,,,,,,,,,,,,,,,,
891901613128371597,https://www.airbnb.com.vn/rooms/891901613128371597,CÃ¡t Háº£i,23,20.75156,106.99823,REGULAR,,Bed in dormitory-CatBa SOL Beach,shared_room,False,,/ Ä‘Ãªm,16,,True,True,True,,,True,True,,True,,,,,,False,,,,,,,,False,,True,,,,True,,,,,,,,,,,,,,,
769274508062906305,https://www.airbnb.com.vn/rooms/769274508062906305,CÃ¡t Háº£i,11,20.724482,107.053356,REGULAR,,Bancony hÆ°Æ¡ng cÃ  phÃª vÃ  bá»¯a sÃ¡ng,private_room,False,,/ Ä‘Ãªm,2,,True,True,True,True,True,True,,,,,,,,,False,"4,86",7,,,True,,,,,,,,,,,True,,,,,,,,,,True,,,
52144321,https://www.airbnb.com.vn/rooms/52144321,ThÃ nh phá»‘ Háº¡ Long,18,20.9608,107.00732,REGULAR,,CÄƒn há»™ 1BR vá»›i ban cÃ´ng vÃ  táº§m nhÃ¬n ra biá»ƒn - Greenbay Garden,entire_home,False,,/ Ä‘Ãªm,3,True,True,True,,True,True,True,,True,,,,,,,,"4,75",28,,,True,True,,,,,,,,True,,,,,,,,,,,,,,,
870045871771379306,https://www.airbnb.com.vn/rooms/870045871771379306,ThÃ nh phá»‘ Háº¡ Long,13,20.954221362679927,107.01295506209135,REGULAR,,Diva B906 Citadines Marina,entire_home,False,,/ Ä‘Ãªm,2,True,True,True,,True,,,True,,,,,,,,False,,,,,,,,False,,True,,,,True,True,,,,,,,,,,,,,,
794006918111373560,https://www.airbnb.com.vn/rooms/794006918111373560,ThÃ nh phá»‘ Háº¡ Long,28,20.95821,107.00641,REGULAR,,Green Háº¡ Long Homestay,entire_home,False,,/ Ä‘Ãªm,4,True,True,True,True,True,,,,True,,,,456.471,â‚«456.471,,False,"5,0",6,,,,,,,,True,,,,True,True,,,,,,,,,,,,,,
45429572,https://www.airbnb.com.vn/rooms/45429572,ThÃ nh phá»‘ Háº¡ Long,20,20.95887,107.00803,REGULAR,,CÄƒn há»™ chung cÆ° 2 phÃ²ng ngá»§ táº¡i TP. Háº¡ Long,entire_home,False,,/ Ä‘Ãªm,4,True,True,True,True,True,,,,,,,,,,,False,"4,75",4,,,,,,,,,,,True,True,True,,,,,,,,,,,,,,
33233157,https://www.airbnb.com.vn/rooms/33233157,CÃ¡t Háº£i,30,20.76995,107.06399,REGULAR,,"2.InnerX-Stay, Ha Long Floating Homestay",private_room,False,,/ Ä‘Ãªm,2,,,,,,,,,,,False,True,428.233,â‚«428.233,True,False,"4,9",167,True,,,,,False,5,,,,,,,,True,,,True,,,,,,,,,
863399523217438665,https://www.airbnb.com.vn/rooms/863399523217438665,ThÃ nh phá»‘ Báº¯c Giang,22,21.28289,106.19981,REGULAR,,CÄƒn Studio Háº¡ng E: PhÃ²ng 102,private_room,False,,/ Ä‘Ãªm,2,True,True,True,True,True,True,True,True,,,,,,,,,,,,,,,,,,,,,True,,,,,,,,,,,,,,,,
30723262,https://www.airbnb.com.vn/rooms/30723262,tt. CÃ¡t BÃ ,14,20.73132,107.0601,REGULAR,,#1 du lá»‹ch Vá»‹nh Lan HÃ  - Äáº£o BÃ  NÃ  - NhÃ³m nhá»!,private_room,False,,/ Ä‘Ãªm,4,,True,,,,,True,,,,False,True,2.339,â‚«2.339.413,,False,"4,71",17,,,,,,False,4,,True,False,,,,,,,,True,,,,,,,,,
864031366845044258,https://www.airbnb.com.vn/rooms/864031366845044258,Haiphong,12,20.72576,107.05313,REGULAR,,Dá»‹ch Vá»¥ Bá»n Vá»¯ng,private_room,False,,/ Ä‘Ãªm,16,True,True,True,True,True,True,,True,,True,,,,,,False,,,True,,,,,,,,,,,,,,,,,,,,,,,,,,
836667692777296508,https://www.airbnb.com.vn/rooms/836667692777296508,ThÃ nh phá»‘ Háº¡ Long,15,20.96019225971029,107.00811333954334,REGULAR,,"1 phÃ²ng ngá»§ , táº§m nhÃ¬n ra biá»ƒn Háº¡ Long",entire_home,False,,/ Ä‘Ãªm,4,True,True,,True,True,True,True,,True,,,,,,,False,"4,0",4,,,,,,,,,,,,True,,,,True,,,,,,,,,,,
35621905,https://www.airbnb.com.vn/rooms/35621905,ThÃ nh phá»‘ Háº¡ Long,24,20.95303,107.08438,REGULAR,,KhÃ´ng Gian áº¨n Háº¡ Long - Friendzone,private_room,False,,/ Ä‘Ãªm,4,True,True,True,True,,,,,,,False,True,513.530,â‚«513.530,True,False,"4,75",4,True,,,True,,False,4,,,,,,,True,,,,,,,,,,,,,
38827833,https://www.airbnb.com.vn/rooms/38827833,ThÃ nh phá»‘ Háº¡ Long,20,20.9786,107.01043,REGULAR,,â˜…Garden Bungalowâ˜…2km Ä‘áº¿nVá»‹nhHáº¡Longâ˜…Bá»¯a sÃ¡ngmiá»…nphÃ­,entire_home,False,,/ Ä‘Ãªm,2,True,True,,True,,,True,True,,,,,669.159,â‚«669.159,,False,"4,88",17,,,,True,,False,,,,,,,,,,True,,True,,,,,,,,,
875749065516043133,https://www.airbnb.com.vn/rooms/875749065516043133,ThÃ nh phá»‘ Háº¡ Long,12,20.95783,107.00916,REGULAR,,"Homestay siÃªu xinh xáº¯n, má»›i tinh",entire_home,False,,/ Ä‘Ãªm,7,True,True,True,True,True,True,True,True,,,,,,,,False,,,,,,,,,,,,,,True,,,,,,,,,,,,,,,
574822534067855700,https://www.airbnb.com.vn/rooms/574822534067855700,ThÃ nh phá»‘ Báº¯c Ninh,6,21.17527,106.06927,REGULAR,,"CÄƒn há»™ trung tÃ¢m, Ä‘áº§y Ä‘á»§ tiá»‡n nghi táº¡i Báº¯c Ninh",entire_home,False,,/ Ä‘Ãªm,3,True,True,True,,True,True,True,True,,,,,912.942,â‚«912.942,,False,"5,0",6,,,,,,,,,,,,,,,,True,,,True,,,,,,,,
877382489263670574,https://www.airbnb.com.vn/rooms/877382489263670574,ThÃ nh phá»‘ Háº¡ Long,9,20.95935,107.06941,REGULAR,,CH view cáº§u BÃ£i ChÃ¡y siÃªu Ä‘áº¹p,entire_home,False,,/ Ä‘Ãªm,3,True,True,,True,True,,True,,True,,,,,,,,,,,True,,,,,,,,,,,True,,,,,,,,,,,,,,
738656501053636835,https://www.airbnb.com.vn/rooms/738656501053636835,CÃ¡t Háº£i,8,20.72870575678952,107.04398137567138,REGULAR,,PhÃ²ng Ä‘Ã´i trong nhÃ  má»™c máº¡c vá»›i táº§m nhÃ¬n 32,private_room,False,,/ Ä‘Ãªm,2,,True,,True,,True,True,True,,,,,570.589,â‚«570.589,,False,"4,64",25,,,,,,,,,,,,,,,,True,,,,,,True,,,,,
893050990993094422,https://www.airbnb.com.vn/rooms/893050990993094422,ThÆ°á»£ng LÃ½,13,20.86582,106.66389,REGULAR,,CÄƒn há»™ Ã¡p mÃ¡i tÃ¡ch ngá»§ siÃªu hot,entire_home,False,,/ Ä‘Ãªm,2,True,True,True,True,True,True,True,,,,,,570.589,â‚«570.589,,False,,,,,,,,False,,,,,,,,,,,,,,,,,,,,,
24587271,https://www.airbnb.com.vn/rooms/24587271,CÃ¡t Háº£i,30,20.80484,107.03999,REGULAR,,NhÃ  cá»• cho gia Ä‘Ã¬nh hoáº·c nhÃ³m báº¡n bÃ¨,entire_home,False,,/ Ä‘Ãªm,6,,,,True,,,,,,,,,2.297,â‚«2.297.843,,False,"4,75",4,True,,True,True,True,False,,,,,,,,,True,True,,,True,,,,,,,,
876019788582312659,https://www.airbnb.com.vn/rooms/876019788582312659,ThÃ nh phá»‘ Báº¯c Ninh,5,21.17795,106.06244,REGULAR,,Cho thuÃª phÃ²ng nghá»‰,private_room,False,,/ Ä‘Ãªm,2,True,True,True,True,True,True,,True,,,,,271.030,â‚«271.030,,False,,,True,,,,,False,,,,,,,,,,,,,,,,,,,,,
34789852,https://www.airbnb.com.vn/rooms/34789852,CÃ¡t Háº£i,30,20.74166,107.04138,REGULAR,,CornerCatBa,private_room,False,,/ Ä‘Ãªm,2,True,True,,True,,,,,,,False,True,684.706,â‚«684.706,True,False,"5,0",5,True,,,True,,False,4,,,,,,True,True,,,,,,,,,,,,,
857560235283428193,https://www.airbnb.com.vn/rooms/857560235283428193,ThÃ nh phá»‘ Háº¡ Long,10,20.95483,107.01238,REGULAR,,2106 Studio Ä‘á»§ tiá»‡n nghi á»Ÿ Citadines Háº¡ Long,entire_home,False,,/ Ä‘Ãªm,2,True,True,True,True,True,,,True,True,,,,867.104,â‚«867.104,,False,"5,0",6,,,,,,,,,,,,True,True,,,,,,,,,,,,,,
40493182,https://www.airbnb.com.vn/rooms/40493182,ThÃ nh phá»‘ Háº¡ Long,30,20.95298,107.02552,REGULAR,,CÄƒn há»™ 2 phÃ²ng ngá»§ áº¥m cÃºng Táº§m nhÃ¬nâ­ tuyá»‡t Ä‘áº¹p ra Vá»‹nhâ­ Neares Harbour,entire_home,False,,/ Ä‘Ãªm,5,True,True,True,,True,,,,True,,,,780.236,â‚«780.236,,False,"4,84",25,True,,,,,,,True,,,,True,True,,,,,,,,,,,,,,
798340530307593216,https://www.airbnb.com.vn/rooms/798340530307593216,ThÃ nh phá»‘ Háº¡ Long,24,20.95042,107.07052,REGULAR,,3Br Harbor House - Trung tÃ¢m thÃ nh phá»‘,entire_home,False,,/ Ä‘Ãªm,8,True,,True,True,True,,,True,,,,,2.286,â‚«2.286.589,,False,"4,75",4,True,,,,,False,,,,,,,True,,,,,,,,,,,,,,
31130642,https://www.airbnb.com.vn/rooms/31130642,CÃ¡t Háº£i,14,20.73862,107.03225,REGULAR,,Cabin trÃªn Ä‘á»‰nh nÃºi M8,private_room,False,,/ Ä‘Ãªm,2,,True,,True,,,True,,,,False,True,,,,False,"4,16",32,True,,True,,,False,7,,,False,,True,True,,,,,,,,,,,,,,
41479916,https://www.airbnb.com.vn/rooms/41479916,Lan Ha Bay,30,20.77244,107.05075,REGULAR,,"8. InnerX-Stay, Ha Long Floating Homestay",private_room,False,,/ Ä‘Ãªm,2,,,,,,,,,,,False,True,428.241,â‚«428.241,,False,"4,9",31,,,,,,False,5,,,False,,,,,True,,,True,,,,,,,,,
41480047,https://www.airbnb.com.vn/rooms/41480047,Lan Ha Bay,30,20.77252,107.05245,REGULAR,,"9. InnerX-Stay, Ha Long Floating Homestay",private_room,False,,/ Ä‘Ãªm,2,,,,,,,,,,,False,True,428.233,â‚«428.233,,False,"4,76",34,,,True,,,False,5,,,False,,,True,True,True,,,True,,,,True,,,,,
863638970321876575,https://www.airbnb.com.vn/rooms/863638970321876575,ThÃ nh phá»‘ Báº¯c Giang,19,21.28271,106.2015,REGULAR,,CÄƒn Studio Háº¡ng E: PhÃ²ng 104,private_room,False,,/ Ä‘Ãªm,2,True,True,True,True,True,True,True,True,,,,,,,,,,,,,,True,,,,,,,True,,,,,,,,,,,,,,,,
46072301,https://www.airbnb.com.vn/rooms/46072301,ThÃ nh phá»‘ Háº¡ Long,25,20.95397,107.02518,REGULAR,,PhÃ²ng ngá»§ Queenâ˜… thoáº£i mÃ¡i phong cÃ¡ch ÄÃ´ng DÆ°Æ¡ngâ˜… Trung tÃ¢m HL,private_room,False,,/ Ä‘Ãªm,2,True,True,True,True,True,True,True,,,,,,378.041,â‚«378.041,,False,"4,83",12,,,,,,False,,,,,True,,,,,,,,,,,,,,,,
30113487,https://www.airbnb.com.vn/rooms/30113487,Ha Long,30,20.97951,107.01699,REGULAR,,PHÃ’NG áº¤M CÃšNG/TRUNG TÃ‚M Háº  LONG,private_room,False,,/ Ä‘Ãªm,3,True,True,,True,True,True,True,,,,False,True,570.589,â‚«570.589,True,False,"4,93",15,True,,,,,False,5,,,,,,,,,,,,,,,,,,,,
800197228202769885,https://www.airbnb.com.vn/rooms/800197228202769885,ChÃ­ Linh,6,21.11347,106.30234,REGULAR,,NgÃ´i nhÃ  yÃªn tÄ©nh giá»¯a thiÃªn nhiÃªn,entire_home,False,,/ Ä‘Ãªm,4,True,True,True,True,,,True,,,,,,513.530,â‚«513.530,,False,,,True,,,,,False,,,,,,,True,,,True,,,,,,,,,,,
37129603,https://www.airbnb.com.vn/rooms/37129603,ThÃ nh phá»‘ Háº¡ Long,30,20.95391,107.0702,REGULAR,,CÄƒn há»™ cao cáº¥p Sapphire Háº¡ Long - 3 phÃ²ng ngá»§,entire_home,False,,/ Ä‘Ãªm,8,True,True,True,True,True,True,,,True,,,,,,,,"4,93",14,,,,,,,,True,True,,,True,,,,,,,,,,,,,,,
40271688,https://www.airbnb.com.vn/rooms/40271688,ThÃ nh phá»‘ Háº¡ Long,30,20.94974,107.07447,REGULAR,,CÄƒn há»™ cao cáº¥p Háº¡ Long 1108,entire_home,False,,/ Ä‘Ãªm,4,True,True,True,,True,True,,,True,,,,,,,False,"4,71",24,,True,,,,,,True,,,,,True,,,,,,,,,,,,,,
888619276398026704,https://www.airbnb.com.vn/rooms/888619276398026704,CÃ¡t Háº£i,29,20.72985,107.05239,REGULAR,,A Duplex Studio with kitchen.,private_room,False,,/ Ä‘Ãªm,8,,,True,True,True,,,,,,,,,,,False,,,True,,True,True,,False,,,True,,,,,,,,,,,True,,,,,,,
45765088,https://www.airbnb.com.vn/rooms/45765088,ThÃ nh phá»‘ Háº¡ Long,23,20.95548,107.02353,REGULAR,,â™¥ PhÃ²ng ngá»§ Ä‘áº¹p â™¥ Äi bá»™ má»i nÆ¡i! â™¥,private_room,False,,/ Ä‘Ãªm,3,True,True,,True,True,True,True,,,,,,458.349,â‚«458.349,,False,"4,76",33,,,,,,False,,,,,True,,,,,True,,,,,,,,,,,
742620296142324195,https://www.airbnb.com.vn/rooms/742620296142324195,CÃ¡t Háº£i,10,20.7308192,107.056785,REGULAR,,KhÃ¡ch sáº¡n Dung Lai Sea View,private_room,False,,/ Ä‘Ãªm,4,True,True,True,True,True,True,True,True,,,,,935.765,â‚«935.765,,,"4,86",7,,,,,,,,,,,,,,,,,,,,,,,,,,,
704195690168297633,https://www.airbnb.com.vn/rooms/704195690168297633,ThÃ nh phá»‘ Háº¡ Long,21,20.95955,107.05062,REGULAR,,"PhÃ²ng Ä‘áº¹p, sáº¡ch sáº½ á»Ÿ trung tÃ¢m Háº¡ Long (phÃ²ng ngáº«u nhiÃªn)",private_room,False,,/ Ä‘Ãªm,2,True,True,,,True,,True,,,,,,301.367,â‚«301.367,,False,"4,88",16,True,,,,,False,,,,,,,,,,True,,,,,,,,,,,
715898880706275016,https://www.airbnb.com.vn/rooms/715898880706275016,CÃ¡t Háº£i,9,20.724482,107.053356,REGULAR,,Coffee Scent deluxe vá»›i bá»¯a sÃ¡ng,private_room,False,,/ Ä‘Ãªm,2,,True,True,True,True,,True,,,,,,437.261,â‚«437.261,,False,"4,7",10,,,True,,,,,,,,,,,True,,,,,,,True,,,,,,
46812024,https://www.airbnb.com.vn/rooms/46812024,ThÃ nh phá»‘ Háº¡ Long,17,20.95833,107.01813,REGULAR,,Homestay Thá»§y Háº¡ Long,entire_home,False,,/ Ä‘Ãªm,3,True,True,True,True,True,True,,,,,,,,,,False,"4,67",18,,,,,,,,True,,,,True,True,,,,,,,,,,,,,,
41398012,https://www.airbnb.com.vn/rooms/41398012,Ha Long city,30,20.9521,107.0244,REGULAR,,SEA-View PHÃ’NG NGá»¦ 3BR/cÄƒn há»™ [[sq]] Netflix + Há»“ bÆ¡i [[vi]] Near Beach,entire_home,False,,/ Ä‘Ãªm,11,True,True,,True,True,True,True,True,,,,,1.045,â‚«1.045.000,,,"4,77",57,,,True,,,,,True,,,,True,,,,,,,,,,,,,,,
885782938114152974,https://www.airbnb.com.vn/rooms/885782938114152974,CÃ¡t Háº£i,11,20.7293106,107.0419825,REGULAR,,Green Home,entire_home,False,,/ Ä‘Ãªm,8,True,True,,True,True,,True,True,,,,,,,,False,,,True,,,,,False,,,,,True,,,,,,,,,,,,,,,,
891733142118418005,https://www.airbnb.com.vn/rooms/891733142118418005,Háº¡ Long,29,20.95339019426204,107.00244817882776,REGULAR,,CÄƒn há»™ cao cáº¥p view Biá»ƒn,private_room,False,,/ Ä‘Ãªm,2,True,True,True,,True,True,,True,,,,,1.103,â‚«1.103.138,,False,,,,,,,,False,,True,,,,True,,,,,,,,,,,,,,,
884518488107292613,https://www.airbnb.com.vn/rooms/884518488107292613,ThÃ nh phá»‘ Háº¡ Long,13,20.94671076203458,107.03580043395996,REGULAR,,PhÃ²ng Ä‘Ã´i sÃ¡t biá»ƒn * Le Cactus2B,private_room,False,,/ Ä‘Ãªm,2,True,True,True,True,True,,,True,True,,,,640.885,â‚«640.885,,False,,,,,,,,,,True,,,,,,,,,,,,,,,,,True,,
17045836,https://www.airbnb.com.vn/rooms/17045836,Äáº±ng Giang,10,20.83587,106.70142,REGULAR,,"PhÃ²ng riÃªng, khu vá»±c quá»‘c táº¿, gáº§n sÃ¢n bay",private_room,False,,/ Ä‘Ãªm,4,True,True,,True,,True,True,,,,False,True,254.282,â‚«254.282,True,False,"4,79",43,True,,,,,False,5,,,,,,,,,True,,,,,,,,,,,
863261089810973169,https://www.airbnb.com.vn/rooms/863261089810973169,ThÃ nh phá»‘ Báº¯c Giang,8,21.28014,106.19886,REGULAR,,KhÃ¡ch sáº¡n á»Ÿ trá»‹ trÃ­ trung tÃ¢m TP,private_room,False,,/ Ä‘Ãªm,2,True,True,True,True,True,True,True,True,,,,,,,,,,,,,,True,,,,,,,True,,,,,,,,,,,,,,,,
867843119721551787,https://www.airbnb.com.vn/rooms/867843119721551787,NgÃ´ Quyá»n,12,20.85503,106.69233,REGULAR,,Modern house sprinkled with charm,private_room,False,,/ Ä‘Ãªm,2,True,True,,True,,True,True,,,,False,True,,,,False,,,,,,,,False,,,,False,,,,,,,,,,,,,,,,,
892653689694561995,https://www.airbnb.com.vn/rooms/892653689694561995,ThÃ nh phá»‘ Háº¡ Long,25,20.96152,107.07135,REGULAR,,Green Diamond  Luxury Apartment,entire_home,False,,/ Ä‘Ãªm,4,True,True,,True,True,True,True,True,,,,,,,,False,,,,,,,,,,True,,,,,True,,,,,,,,,,,,,,
604970307762418068,https://www.airbnb.com.vn/rooms/604970307762418068,ThÃ nh phá»‘ Háº¡ Long,26,20.95852,107.00686,REGULAR,,TÃ¹ng Minh Homestay Háº¡ Long,entire_home,False,,/ Ä‘Ãªm,3,True,True,,True,True,,,,True,,,,,,,False,"4,88",8,,,,,,,,True,,,True,True,True,,,,,,,,,,,,,,
589331747560811245,https://www.airbnb.com.vn/rooms/589331747560811245,ThÃ nh phá»‘ Háº¡ Long,30,20.96039,107.00919,REGULAR,,Tonkin3-Seaview-3BedRooms-Near Sunworld-HaLong Bay,entire_home,False,,/ Ä‘Ãªm,8,True,True,True,,True,,,True,True,,,,1.728,â‚«1.728.824,,,"4,81",32,,,,,,,,True,,,True,True,True,,,,,,,,,,,,,,
25329705,https://www.airbnb.com.vn/rooms/25329705,TT. CÃ¡t BÃ ,27,20.73938,107.03167,REGULAR,,Cabin trÃªn Ä‘á»‰nh nÃºi M1,private_room,False,,/ Ä‘Ãªm,2,,True,,True,,,True,,,,False,True,,,True,False,"4,22",32,True,,True,,,False,7,,,,,True,True,,,,,,,,,,,,,,
40995476,https://www.airbnb.com.vn/rooms/40995476,ThÃ nh phá»‘ Háº¡ Long,30,20.960251,107.047096,REGULAR,,Nghá»‰ dÆ°á»¡ng Ä‘Ã¡ng yÃªu trong cÄƒn há»™ phong cÃ¡ch cÄƒn gÃ¡c Ä‘áº¹p ğŸŒº201,entire_home,False,,/ Ä‘Ãªm,2,True,True,,True,True,True,True,True,,True,,,,,,,"4,96",50,,,True,True,,,,,,,,,,,,,,,,,,,,,,,
844812073863983357,https://www.airbnb.com.vn/rooms/844812073863983357,ThÃ nh phá»‘ Háº¡ Long,13,20.953276599773453,107.01222755195282,REGULAR,,Studio Ä‘áº§y mÃ u sáº¯c vá»›i táº§m nhÃ¬n ra biá»ƒn trong tÃ²a nhÃ  5 sao,entire_home,False,,/ Ä‘Ãªm,2,True,True,,True,True,True,,,,,,,772.828,â‚«772.828,,False,,,,,,,,,,True,,,,True,True,,,,,,,,,,,,,,
883660885975858256,https://www.airbnb.com.vn/rooms/883660885975858256,Háº¡ Long,9,20.757873426440717,106.29306795640932,REGULAR,,CÄƒn há»™ 5* ALaCarte Háº¡ Long,entire_home,False,,/ Ä‘Ãªm,2,True,True,True,True,True,True,,,,,,,,,,False,,,True,,,,,,,True,True,,,,,,,,,,,,,,,,,,
20274290,https://www.airbnb.com.vn/rooms/20274290,tt. CÃ¡t BÃ ,8,20.73413,107.04571,REGULAR,,"Sá»Ÿ há»¯u má»™t ngÃ´i nhÃ , bao gá»“m Ä‘iá»u hÃ²a, WIFI miá»…n phÃ­",entire_home,False,,/ Ä‘Ãªm,4,True,True,True,True,True,True,True,,,True,,,342.353,â‚«342.353,,False,"4,69",30,True,,,,,,,,,,,,,,,,,,,,,,,,,,
41781815,https://www.airbnb.com.vn/rooms/41781815,ThÃ nh phá»‘ Háº¡ Long,20,20.95903,107.00778,REGULAR,,Nháº¥t ÄÄƒng Home Stay,entire_home,False,,/ Ä‘Ãªm,4,True,True,True,True,True,True,,,,,,,495.224,â‚«495.224,,False,"4,63",16,True,,,,,,,True,,,,True,,,,,,,,,,,,,,,
872417197360674721,https://www.airbnb.com.vn/rooms/872417197360674721,NgÃ´ Quyá»n,10,20.856090107117854,106.68419402092695,REGULAR,,Sunflower Homestay (PhÃ²ng ngá»§ phong cÃ¡ch HÃ n Quá»‘c),private_room,False,,/ Ä‘Ãªm,2,True,True,True,,True,True,True,,,True,False,True,,,True,False,,1,,,,,,False,,,,,,,,,,,,,,,,,,,,,
661466834535082105,https://www.airbnb.com.vn/rooms/661466834535082105,ThÃ nh phá»‘ Háº¡ Long,30,20.95313,107.01347,REGULAR,,CÄƒn há»™ Studio Citadines view toÃ n cáº£nh Halong bay,entire_home,False,,/ Ä‘Ãªm,3,True,True,True,True,True,,,,,,,,,,,False,"4,67",9,,,,,,,,True,,,True,True,True,,,,,,,,,,,,,,
865776290749510875,https://www.airbnb.com.vn/rooms/865776290749510875,tt. CÃ¡t Háº£i,30,20.75718,107.08652,REGULAR,,#1 Lan Ha Bay 4.5 Star Cruise-Cat Ba Island,private_room,False,,/ Ä‘Ãªm,4,,True,True,,True,,True,,,,,,,,,False,,,,,True,True,,,,True,,,,True,,,,,True,,,,,,,,,,
867879274009478733,https://www.airbnb.com.vn/rooms/867879274009478733,Äá»“ SÆ¡n,5,20.69521,106.79245,REGULAR,,phÃ²ng trá» bÃ¬nh dÃ¢n khu I Äá»“ SÆ¡n,shared_room,False,,/ Ä‘Ãªm,16,,True,True,True,,,True,True,,,,,,,,False,,,,,,,,False,,,,,,,,,,,,,,,,,,,,,
36085163,https://www.airbnb.com.vn/rooms/36085163,ThÃ nh phá»‘ Háº¡ Long,30,20.95814,107.00668,REGULAR,,KÃ¢y.5Br vá»›i/NhÃ  báº¿p/Vá»‹ trÃ­ tuyá»‡t vá»i/Há»“ bÆ¡i vÃ PhÃ²ng táº­p thá»ƒ dá»¥c chung,entire_home,False,,/ Ä‘Ãªm,16,True,True,True,True,True,,,,,,,,,,,False,"5,0",28,True,,,,,False,,,True,,,True,,,,,,,,,,,,,,,
830735988313793593,https://www.airbnb.com.vn/rooms/830735988313793593,ThÃ nh phá»‘ Háº¡ Long,7,20.95507,107.0162,REGULAR,,View vá»‹nh má»—i sÃ¡ng thá»©c dáº­y,entire_home,False,,/ Ä‘Ãªm,2,True,True,True,,True,True,True,,,,,,,,,False,,,,,True,,,,,True,,,,,,,,True,,,,,,,,,,,
40064943,https://www.airbnb.com.vn/rooms/40064943,CÃ¡t Háº£i,30,20.76946,107.0638,REGULAR,,"7. InnerX-Stay, Ha Long Floating Homestay",private_room,False,,/ Ä‘Ãªm,2,,,,,,,,,,,False,True,428.233,â‚«428.233,True,False,"4,82",65,,,,,,False,5,,,,,,,,True,,,True,,,,,,,,,
872752281677739898,https://www.airbnb.com.vn/rooms/872752281677739898,NgÃ´ Quyá»n,10,20.856068803571027,106.68421983718872,REGULAR,,Sunflower Homestay(phÃ²ng ngá»§ phong cÃ¡ch Nháº­t Báº£n),private_room,False,,/ Ä‘Ãªm,2,True,True,True,True,True,True,,True,,,False,True,,,True,False,,1,,,,,,False,,,,,,,,,,,,,,,,,,,,,
891717626631008961,https://www.airbnb.com.vn/rooms/891717626631008961,Há»“ng BÃ ng,10,20.8649469111042,106.66851112861939,REGULAR,,"CÄƒn há»™ 1 ngá»§  Vinhomes Imperia, full ná»™i tháº¥t.",entire_home,False,,/ Ä‘Ãªm,2,True,True,True,True,True,,,True,,,,,798.824,â‚«798.824,,False,,,,,,,,False,,,True,,,True,,,,,,,,,,,,,,,
45948637,https://www.airbnb.com.vn/rooms/45948637,LÃª ChÃ¢n,10,20.824484687856728,106.69061054340821,REGULAR,,CÄƒn há»™ 2 ngá»§ view thÃ nh phá»‘ - Minato Residence,entire_home,False,,/ Ä‘Ãªm,5,True,True,,True,True,,True,,,,,,1.141,â‚«1.141.177,,False,,,True,,,,,False,,,,,True,,True,,,,,,,,,,,,,,
627114849719415588,https://www.airbnb.com.vn/rooms/627114849719415588,TrÃ¢n ChÃ¢u,11,20.77074,107.01183,REGULAR,,Homestay cÃ´ng viÃªn CÃ¡t Ba - PhÃ²ng giÆ°á»ng Ä‘Ã´i 01,private_room,False,,/ Ä‘Ãªm,4,True,True,True,True,,,,True,,,,,456.471,â‚«456.471,,False,,,,,,True,,False,,,,,,True,,,,,,,,,,,,,,,
695142638199656992,https://www.airbnb.com.vn/rooms/695142638199656992,ThÃ nh phá»‘ Háº¡ Long,30,20.9566643,107.0559751,REGULAR,,"KhÃ¡ch sáº¡n táº¡i trung tÃ¢m, thuáº­n tiá»‡n di chuyá»ƒn.",private_room,False,,/ Ä‘Ãªm,16,,True,True,True,True,,True,True,,,,,591.130,â‚«591.130,,,"4,44",9,,,,,,,,True,,,,,True,,,True,,,,,,,,,,,
28351107,https://www.airbnb.com.vn/rooms/28351107,Hai Phong City,16,20.77049,107.06924,REGULAR,,Pho Ì€ ng Lake View Æ¡ Ì‰ Heart of Catba Island,private_room,False,,/ Ä‘Ãªm,4,,True,True,True,True,True,,,True,,,,900.139,â‚«900.139,,,"4,33",12,True,,,True,,,,,,,,,True,True,,,,,,,,,,,,,
51118502,https://www.airbnb.com.vn/rooms/51118502,ThÆ°á»£ng LÃ½,17,20.86996,106.66934,REGULAR,,Cheechee homestay 1 - cáº£m giÃ¡c nhÆ° á»Ÿ nhÃ ,private_room,False,,/ Ä‘Ãªm,2,,True,,True,,,,,True,,True,True,524.941,â‚«524.941,True,False,,2,True,,,,,False,6,,,,,,True,,,,,,,,,,,,,True,
766440286419266287,https://www.airbnb.com.vn/rooms/766440286419266287,Há»“ng BÃ ng,30,20.8599097,106.6726417,REGULAR,,Lá»u Vá»‹t Äáº¥t 2,private_room,False,,/ Ä‘Ãªm,2,True,True,True,True,,,,True,,,True,True,611.100,â‚«611.100,True,False,"5,0",4,,True,,,,False,4,,,,True,,,,,,,,,,,,,,,,
893011169928857286,https://www.airbnb.com.vn/rooms/893011169928857286,Sá»Ÿ Dáº§u,11,20.87067,106.65952,REGULAR,,CÄƒn há»™ 1 ngá»§ Vinhomes Imperia.,entire_home,False,,/ Ä‘Ãªm,2,True,True,True,True,True,True,True,,,,,,627.647,â‚«627.647,,False,,,,,,,,False,,,True,,,,,,,,,,,,,,,,,,
877050010431440293,https://www.airbnb.com.vn/rooms/877050010431440293,CÃ¡t Háº£i,6,20.72769,107.04143,REGULAR,,Seoul Hotel And Apartment - Superior Room 302,private_room,False,,/ Ä‘Ãªm,4,,True,True,True,True,True,True,True,,,,,,,,False,,,True,,,,,,,True,,,,,,,,,,,,,,,,,,,
30514217,https://www.airbnb.com.vn/rooms/30514217,CÃ¡t Háº£i,30,20.73696,107.04256,REGULAR,,Cabin trÃªn Ä‘á»‰nh nÃºi M2,private_room,False,,/ Ä‘Ãªm,2,,True,,True,,,True,,,,False,True,,,True,False,"4,36",89,True,,,,,False,7,,,,True,True,True,,,,,,,,,,,,,,
762522736841757298,https://www.airbnb.com.vn/rooms/762522736841757298,Hai Phong,12,20.7223,106.77964,REGULAR,,Marina aparment - PhÃ²ng mini áº¥m cÃºng,private_room,False,,/ Ä‘Ãªm,2,True,True,True,True,True,True,,True,,,False,True,819.365,â‚«819.365,,False,"4,0",4,,,,,,,5,,,False,,True,,,,,,,,,,,,,,,
877066494023698280,https://www.airbnb.com.vn/rooms/877066494023698280,Háº¡ Long,10,20.9601875,107.0703125,REGULAR,,"Green House - Apt 2Br, Bay view",entire_home,False,,/ Ä‘Ãªm,4,True,True,True,True,True,True,True,,,,,,,,,False,,,,,,,,,,,,,,,,,,True,,,,,,,,,,,
861166896678600007,https://www.airbnb.com.vn/rooms/861166896678600007,ThÃ nh phá»‘ Háº¡ Long,15,20.9579668,107.0072114,REGULAR,,CÄƒn Studio B2515 view biá»ƒn,entire_home,False,,/ Ä‘Ãªm,2,True,True,True,,True,,,True,,,,,,,,False,,,,,,,,,,True,,,,True,True,,,,,,,,,,,,,,
53547954,https://www.airbnb.com.vn/rooms/53547954,CÃ¡t Háº£i,30,20.73184,107.05113,REGULAR,,Ladu Cottage - Homestay and garden,entire_home,False,,/ Ä‘Ãªm,4,True,,True,True,,,True,,,,,,,,,False,"4,44",25,True,,,True,,False,,,,,,,,True,,,,,,,,,,,,,
32057408,https://www.airbnb.com.vn/rooms/32057408,Cat Ba island,8,20.77153,106.98524,REGULAR,,Chalet má»™t phÃ²ng ngá»§ táº¡i nhÃ  nghá»‰ CÃ¡t BÃ ,private_room,False,,/ Ä‘Ãªm,2,,True,,True,True,True,True,,,True,,,1.739,â‚«1.739.781,,False,"4,58",12,True,,,,,False,,,,,,True,,,,,,,,,,,,,,,
883685685344995589,https://www.airbnb.com.vn/rooms/883685685344995589,CÃ¡t Háº£i,30,20.73274,107.04507,REGULAR,,PhÃ²ng giÃ¡ ráº».Phá»¥c vá»¥ chu Ä‘Ã¡o,entire_home,False,,/ Ä‘Ãªm,16,True,True,True,True,True,True,,True,,,,,,,,False,,,True,,,,,False,,,,,,,,,,,,,,,,,,,,,
39163915,https://www.airbnb.com.vn/rooms/39163915,Háº¡ Long,30,20.94877,107.07217,REGULAR,,Superior Double Room - 100m To Seacoast,private_room,False,,/ Ä‘Ãªm,2,,True,,True,True,,True,,True,,False,True,798.824,â‚«798.824,True,False,"4,8",5,,,,,,False,5,,,,,,,,,True,,,True,,,,,,,,
28790059,https://www.airbnb.com.vn/rooms/28790059,ThÃ nh phá»‘ Háº¡ Long,13,20.957968,107.00721,REGULAR,,1504,entire_home,False,,/ Ä‘Ãªm,6,True,True,,True,True,,,,True,,,,,,,False,"4,91",53,,,,,,,,True,,,,True,True,,,,,,,,,,,,,,
796347988697832753,https://www.airbnb.com.vn/rooms/796347988697832753,XuÃ¢n ÄÃ¡m,26,20.75234960422928,106.99411878363651,REPRESENTATIVE,,Bungalow tuyá»‡t vá»i trong VÆ°á»n mÃ¹a xuÃ¢n,private_room,False,,/ Ä‘Ãªm,2,True,True,True,True,,,,True,,,False,True,770.000,â‚«770.000,True,False,"5,0",5,,,,True,,,8,True,,,,,,,,,,,,,,,,,,,
878471490541595654,https://www.airbnb.com.vn/rooms/878471490541595654,ThÃ nh phá»‘ Háº¡ Long,7,20.97032,107.01637,REGULAR,,1BR sky suite - Alacarte Halong,entire_home,False,,/ Ä‘Ãªm,4,True,True,True,True,True,,,True,,,,,,,,False,,,,,,,,False,,True,,,,,True,,,,,,,,,,,,,,
18715959,https://www.airbnb.com.vn/rooms/18715959,tt. CÃ¡t BÃ ,9,20.72663,107.05064,REGULAR,,PhÃ²ng trÃªn nÃºi (Cool),private_room,False,,/ Ä‘Ãªm,2,True,True,True,True,True,True,,,,,False,True,342.353,â‚«342.353,True,False,"4,63",93,True,,,,,False,6,,,,,,,,,,,,,,,,,,,,
749530968984185584,https://www.airbnb.com.vn/rooms/749530968984185584,XuÃ¢n ÄÃ¡m,12,20.75037,106.98857,REGULAR,,PhÃ²ng yÃªn tÄ©nh vÃ  riÃªng tÆ° á»Ÿ Ä‘áº£o CÃ¡t BÃ ,private_room,False,,/ Ä‘Ãªm,2,True,True,True,True,True,,True,True,,,,,684.706,â‚«684.706,,False,,,,,,,,False,,,,,,True,,,,,,,,,,,,,,,
883985972069504741,https://www.airbnb.com.vn/rooms/883985972069504741,ThÃ nh phá»‘ Háº¡ Long,9,20.96083,107.07154,REGULAR,,N's Home,entire_home,False,,/ Ä‘Ãªm,2,True,True,,True,True,,True,,True,,,,,,,,,,,True,True,,,,,,,,,,True,,,True,,,,,,,,,,,
28877896,https://www.airbnb.com.vn/rooms/28877896, Hai Phong,25,20.7944,107.04755,REGULAR,,NÃ´ng tráº¡i rá»«ng Catba,private_room,False,,/ Ä‘Ãªm,6,True,True,True,True,True,True,,,,True,,,906.847,â‚«906.847,,,"4,73",16,True,,,True,,,,,,,,,,,,,,,,,,,,,,,
41524341,https://www.airbnb.com.vn/rooms/41524341,Háº£i An,30,20.85288,106.71455,REGULAR,,CÄƒn há»™ S20 - PhÃ²ng há»c - Háº£i PhÃ²ng,entire_home,False,,/ Ä‘Ãªm,6,True,True,,True,,True,True,True,,,,,467.883,â‚«467.883,,False,,,,,,,,False,,,,,,,True,,,,,,True,,,,,,,,
47570914,https://www.airbnb.com.vn/rooms/47570914,ThÃ nh phá»‘ Háº¡ Long,30,20.9571,107.00813,REGULAR,,* Chung cÆ° Homestay Háº¡ Long @ Sunrise Apartment-2 BR,entire_home,False,,/ Ä‘Ãªm,4,True,True,True,,True,True,True,True,True,,,,1.129,â‚«1.129.765,,False,"4,67",15,,,,,,,,True,,,,,,,,,,,,,,,,,,,
796209405439776870,https://www.airbnb.com.vn/rooms/796209405439776870,XuÃ¢n ÄÃ¡m,16,20.752510128247632,106.99409732596439,REPRESENTATIVE,,Bungalow Ä‘áº¹p vá»›i há»“ bÆ¡i vÃ  vÆ°á»n ngoÃ i trá»i,private_room,False,,/ Ä‘Ãªm,4,True,True,True,True,,,,True,,,,,1.920,â‚«1.920.000,,False,,,,,,True,,,,True,,,True,True,,,,,,,,,,,,,,,
39089625,https://www.airbnb.com.vn/rooms/39089625,ThÃ nh phá»‘ Háº¡ Long,14,20.95044,107.0255,REGULAR,,Minh23 - 2Br-High Floor-Sea View,entire_home,False,,/ Ä‘Ãªm,8,True,True,True,True,,,,True,,,,,1.124,â‚«1.124.001,,False,"5,0",3,,,,,,,,True,,,True,True,True,,,,,,,,,,,,,,
877037165383834509,https://www.airbnb.com.vn/rooms/877037165383834509,CÃ¡t Háº£i,12,20.72762,107.04128,REGULAR,,Seoul Hotel And Apartment - Apartment 401,entire_home,False,,/ Ä‘Ãªm,8,True,True,True,True,,,,True,,,,,,,,False,,,,,,,,,,True,True,,,,True,,,,,,,,,,,,,True,
609019411417091116,https://www.airbnb.com.vn/rooms/609019411417091116,Cat Ba,8,20.71531,107.06457,REGULAR,,"KhÃ¡ch sáº¡n giÃ¡ ráº» Coffee Scent. 
02 giÆ°á»ng Queen",private_room,False,,/ Ä‘Ãªm,2,,True,True,True,True,True,True,True,,,,,342.353,â‚«342.353,,False,,,,,True,,,,,,,,,,,True,,,,,,,,,,,,,
14954469,https://www.airbnb.com.vn/rooms/14954469,,30,20.73945,107.03159,REGULAR,,Bungalow giÆ°á»ng táº§ng Ä‘Ã´i vÃ  giÆ°á»ng táº§ng Ä‘Æ¡n B4,private_room,False,,/ Ä‘Ãªm,3,,True,,True,,,True,,,,False,True,410.824,â‚«410.824,True,False,"4,27",31,True,,True,True,,False,7,,,,,True,,,,,,,,,,,,,,,
887449362842137945,https://www.airbnb.com.vn/rooms/887449362842137945,ThÃ nh phá»‘ Háº¡ Long,20,20.95307,107.02483,REGULAR,,Journey 10 - 2 Brs - Pool View,entire_home,False,,/ Ä‘Ãªm,7,True,True,True,True,,,,True,,,,,,,,False,,,True,,,,,,,,,,,True,True,,,,,,,,,,,,,,
856199359620528461,https://www.airbnb.com.vn/rooms/856199359620528461,ThÃ nh phá»‘ Háº¡ Long,17,20.9503804,107.0788939,REGULAR,,T4 Vá»‹ trÃ­ trung tÃ¢m Ä‘á»§ tiá»‡n Ã­ch,private_room,False,,/ Ä‘Ãªm,3,True,True,,True,,True,True,True,,,,,445.919,â‚«445.919,,False,,,,,,,,False,,True,,,,,,True,,,,,,,,,,,,,
851295984865753776,https://www.airbnb.com.vn/rooms/851295984865753776,Háº¡ Long,26,20.955894409356677,107.09499847143888,REGULAR,,Luxury Studio Citadin Háº¡ Long,entire_home,False,,/ Ä‘Ãªm,2,True,True,True,,True,True,True,True,,,,,,,,,,,,,True,True,,,,,,,,,True,,,,,,,,,,,,,,
817228699978377872,https://www.airbnb.com.vn/rooms/817228699978377872,ThÃ nh phá»‘ Háº¡ Long,11,20.953795366228366,107.01305497437716,REGULAR,,Sea View studio Citadin Marine,entire_home,False,,/ Ä‘Ãªm,2,True,True,True,True,True,True,True,True,,,,,878.140,â‚«878.140,,,,,,,,,,,,True,,,,,True,,,,,,,,,,,,,,
877808670926560599,https://www.airbnb.com.vn/rooms/877808670926560599,ThÃ nh phá»‘ Háº¡ Long,16,20.952521350253903,107.08045000883845,REGULAR,,Orion Hotel Halong,private_room,False,,/ Ä‘Ãªm,16,,True,True,True,True,,True,True,True,,,,,,,,,,True,,True,,True,,,,,,,,,,,,,,,,,,,,,,
839998398894081777,https://www.airbnb.com.vn/rooms/839998398894081777,Há»“ng BÃ ng,29,20.86467,106.66095,REGULAR,,Homestay Honey Appartment Háº£i PhÃ²ng 2 - HHG Tower,entire_home,False,,/ Ä‘Ãªm,6,True,True,True,True,True,,,True,,,,,1.208,â‚«1.208.857,,False,,,True,,,,,,,,,,,True,True,,,,,,,,,,,,,,
720510120596811750,https://www.airbnb.com.vn/rooms/720510120596811750,ThÃ nh phá»‘ Háº¡ Long,30,20.9521,107.02403,REGULAR,,CÄƒn há»™ 3 phÃ²ng ngá»§ Ä‘Ã¡ng yÃªu vá»›i há»“ bÆ¡i vÃ  táº§m nhÃ¬n ra biá»ƒn,entire_home,False,,/ Ä‘Ãªm,8,True,True,True,True,True,,,,,,,,,,,False,,,,,,,,,,True,,,,True,True,,,,,,,,,,,,,,
40977882,https://www.airbnb.com.vn/rooms/40977882,ThÃ nh phá»‘ Háº¡ Long,28,20.94908,107.0716,REGULAR,,Side-Seaview Bunkbed Room - 100m To Seacoast,private_room,False,,/ Ä‘Ãªm,2,,True,,True,True,,True,,,,False,True,616.236,â‚«616.236,True,False,"4,9",10,,,,,,False,5,,,,,,,,,True,,,True,,,,,,,,
42233488,https://www.airbnb.com.vn/rooms/42233488,tt. CÃ¡t BÃ ,26,20.75167,106.99509,REGULAR,,PhÃ²ng J5 Deluxe - JoyStay,private_room,False,,/ Ä‘Ãªm,2,,True,,True,,True,True,,,,False,True,596.265,â‚«596.265,True,False,"4,67",6,,,,True,,False,3,,,,,,,,,,,,,,,,,,,,
24587905,https://www.airbnb.com.vn/rooms/24587905,,30,20.73123,107.05894,REGULAR,,AROMA HOUSE - PhÃ²ng ba riÃªng,private_room,False,,/ Ä‘Ãªm,3,True,True,True,True,True,,True,,,,True,True,936.822,â‚«936.822,True,False,"4,83",6,,,True,,,False,8,,,,,,,,,,,,,,,,,,,,
681005607431395780,https://www.airbnb.com.vn/rooms/681005607431395780,TrÃ¢n ChÃ¢u,7,20.769714396250126,107.02152815654705,REGULAR,,Cat ba park homestay - single room 2,private_room,False,,/ Ä‘Ãªm,2,True,True,True,True,,,,True,,,,,342.353,â‚«342.353,,False,,,,,,True,,False,,,,,,,True,,,,,,,,,,,,,,
621402433189356015,https://www.airbnb.com.vn/rooms/621402433189356015,ThÃ nh phá»‘ Háº¡ Long,8,20.94556962912558,107.03603385338997,REGULAR,,SAMATHA HOTEL BAI CHAY- DELUXE PHÃ’NG ÄÃ”I,private_room,False,,/ Ä‘Ãªm,2,,True,True,True,True,,True,True,,,False,True,,,True,,"5,0",3,,True,,,,,11,True,,,,,,,,,,,,,,,,,True,,
46252438,https://www.airbnb.com.vn/rooms/46252438,ThÃ nh phá»‘ Háº¡ Long,15,20.95616,107.00428,REGULAR,,Sá»NG CÃ™NG GIA ÄÃŒNH Báº¢N xá»© CN - Blue studio,entire_home,False,,/ Ä‘Ãªm,3,True,True,,True,True,,True,,,,,,838.765,â‚«838.765,,False,,,,,,,,,,,,,,,,,,True,,,,,,,,,,,
38438347,https://www.airbnb.com.vn/rooms/38438347,ThÃ nh phá»‘ Háº¡ Long,30,20.95266,107.02524,REGULAR,,HÆ°á»›ng nhÃ¬n ra vá»‹nh Háº¡ Long - TrÃ¡i tim Háº¡ Long 3BR,entire_home,False,,/ Ä‘Ãªm,6,True,True,,True,True,,,,,,,,,,,False,,,True,,,,,,,True,True,,,True,True,,,,,,,,,,,,,,
819215621201435615,https://www.airbnb.com.vn/rooms/819215621201435615,BÃ¬nh Tháº¡nh,11,21.06308,106.0857,REGULAR,,CÄƒn há»™ 2 khÃ¡ch thÃ¢n thiá»‡n vá»›i Wi-fi nhanh gáº§n trung tÃ¢m,entire_home,False,,/ Ä‘Ãªm,2,True,True,True,True,True,,True,,True,,,,455.019,â‚«455.019,,False,,,,,,,,False,,,,,,,,,,True,,,,,,,,,,,
877943157353982960,https://www.airbnb.com.vn/rooms/877943157353982960,ThÃ nh phá»‘ Háº¡ Long,10,20.96114,107.00795,REGULAR,,CÄƒn Há»™ 1 Ngá»§ view biá»ƒn Háº¡ Long,entire_home,False,,/ Ä‘Ãªm,2,True,True,True,True,True,True,,True,,,,,,,,False,,,,,,,,False,,True,,,,,,,,,,,,,,,,,,,
872826723151845450,https://www.airbnb.com.vn/rooms/872826723151845450,NgÃ´ Quyá»n,14,20.85526,106.6852,REGULAR,,Sunflower Homestay (Báº¯c Ã‚u1),private_room,False,,/ Ä‘Ãªm,2,True,True,True,,True,True,,True,,True,False,True,,,True,False,,1,,,,True,,,,,,,,,,,,,,,,,,,,,,,
872873781215294971,https://www.airbnb.com.vn/rooms/872873781215294971,NgÃ´ Quyá»n,7,20.85694,106.68325,REGULAR,,Sunflower Homestay ( Báº¯c Ã‚u 3),private_room,False,,/ Ä‘Ãªm,2,True,True,True,,True,True,True,True,,True,,,,,,False,,,,,,,,,,,,,,,,,,,,,,True,,,,,,,
822188995077897785,https://www.airbnb.com.vn/rooms/822188995077897785,ThÆ°á»£ng LÃ½,16,20.85604483676934,106.6662455794775,REPRESENTATIVE,,Merci Apartment & Homestay No.19-2 - HH Riverside,private_room,False,,/ Ä‘Ãªm,2,True,True,True,True,True,True,True,True,,,False,True,548.571,â‚«548.571,True,,,1,,,,,,,3,,,,,,,,,,,,,,,,,,,,
43864470,https://www.airbnb.com.vn/rooms/43864470,ThÃ nh phá»‘ Háº¡ Long,16,20.95796775817871,107.00720977783203,REGULAR,,May's B2515 Homstay,entire_home,False,,/ Ä‘Ãªm,2,True,True,True,,True,,,True,True,,,,,,,,,,,,,,,,,True,,,True,True,True,,,,,,,,,,,,,,
851106334205325202,https://www.airbnb.com.vn/rooms/851106334205325202,ThÃ nh phá»‘ Báº¯c Ninh,15,21.165190607087222,106.05180604547728,REGULAR,,Green Pearl  1Br gáº§n Hello Hotel Báº¯c Ninh,entire_home,False,,/ Ä‘Ãªm,2,True,True,True,True,True,True,True,True,,,,,1.141,â‚«1.141.177,,,,,,,,,,,,,,,,True,,,,,,,,,,,,,,,
23429534,https://www.airbnb.com.vn/rooms/23429534,ThÃ nh phá»‘ Báº¯c Ninh,13,21.17422,106.0587,REPRESENTATIVE,,(1.2) HanaApt&Hotel/STUDIO áº¤M CÃšNG *cáº·p Ä‘Ã´i * TRUNG TÃ‚M THÃ€NH PHá»,hotel_room,False,,/ Ä‘Ãªm,2,True,True,True,True,True,True,True,,True,True,,,600.000,â‚«600.000,,,"4,67",6,,,,,True,,,,,,,,,,,,,,,,,,,,,,
756677633530996863,https://www.airbnb.com.vn/rooms/756677633530996863,CÃ¡t Háº£i,24,20.72986,107.05675,REGULAR,,PhÃ²ng riÃªng cho nhÃ³m báº¡n bÃ¨ hoáº·c gia Ä‘Ã¬nh,private_room,False,,/ Ä‘Ãªm,6,True,True,True,True,,,True,,,,True,True,2.141,â‚«2.141.261,True,False,"5,0",5,,,,True,True,False,8,,,,,,,,,,,,,,,,,,,,
892919944051643241,https://www.airbnb.com.vn/rooms/892919944051643241,ThÃ nh phá»‘ Háº¡ Long,19,20.95328,107.01375,REGULAR,,Homestay 3 phÃ²ng ngá»§ view vá»‹nh Citadines Háº¡ Long,entire_home,False,,/ Ä‘Ãªm,10,True,True,,True,True,True,True,True,True,,,,,,,False,,,,,,,,,,,True,,,,,,,,,,,,,,,,,,
796207701827630175,https://www.airbnb.com.vn/rooms/796207701827630175,XuÃ¢n ÄÃ¡m,30,20.752743449945818,106.99513846038818,REGULAR,,3 Bedroom Private House With Beautiful Garden,entire_home,False,,/ Ä‘Ãªm,8,True,True,True,True,,,,True,,,,,,,,False,,,,,,True,,,,True,,,,True,True,,,,,,,,,,,,,,
36818594,https://www.airbnb.com.vn/rooms/36818594,Há»“ng BÃ ng,26,20.86599,106.67279,REGULAR,,CÄƒn há»™ vinhomes Ä‘áº¹p 4,entire_home,False,,/ Ä‘Ãªm,2,True,True,,True,True,,True,,True,True,,,634.278,â‚«634.278,,False,"4,36",14,,,,True,,,,,,,,True,,,,,,,,,,,,,,,
876538293516723423,https://www.airbnb.com.vn/rooms/876538293516723423,LÃª ChÃ¢n,5,20.8206655,106.6854617,REGULAR,,CÄƒn há»™ cao cáº¥p 1 phÃ²ng ngá»§,entire_home,False,,/ Ä‘Ãªm,2,True,True,True,True,,,,True,,,,,,,,False,,,,,,,,False,,,True,,,True,True,,,,,,,,,,,,,,
714979929179217364,https://www.airbnb.com.vn/rooms/714979929179217364,LÃª ChÃ¢n,9,20.84337,106.68495,REGULAR,,Trung tÃ¢m thÃ nh phá»‘ LUXE Haiphong - Vá»‹ trÃ­ vÃ  cÃ¢y xanh tá»‘t nháº¥t!,entire_home,False,,/ Ä‘Ãªm,15,True,True,True,,True,True,True,,,True,,,,,,False,,,,,,,,False,,,,,,,,,,True,,,,,,,,,,,
797750766757222731,https://www.airbnb.com.vn/rooms/797750766757222731,ThÃ nh phá»‘ Háº¡ Long,25,20.95313,107.02416,REGULAR,,CÄƒn há»™ 3 phÃ²ng ngá»§ VIEW BIá»‚N Newlife Tower 2,entire_home,False,,/ Ä‘Ãªm,7,True,True,True,True,,,,True,,,,,,,,,"5,0",6,True,,,,,,,True,,,,True,True,True,,,,,,,,,,,,,
891801842077368125,https://www.airbnb.com.vn/rooms/891801842077368125,ThÃ nh phá»‘ Háº¡ Long,19,20.95352,107.02391,REGULAR,,"KhÃ´ng gian thoÃ¡ng mÃ¡t, view biá»ƒn",private_room,False,,/ Ä‘Ãªm,1,True,True,True,,True,True,True,True,,,,,,,,False,,,,,,,,False,,True,,,,,,,,,,,,,,,,,,,
628640858163200008,https://www.airbnb.com.vn/rooms/628640858163200008,ThÃ nh phá»‘ Háº¡ Long,8,20.945489116557095,107.0361564437156,REGULAR,,SAMATHA HOTEL BAI CHAY-FAMILY PHÃ’NG,private_room,False,,/ Ä‘Ãªm,4,,True,True,True,True,,True,True,,,False,True,511.247,â‚«511.247,True,,,,,,,,,,,,,,,,,,,,,,,,,,,True,True,,True
737364285871658488,https://www.airbnb.com.vn/rooms/737364285871658488,CÃ¡t Háº£i,19,20.732902817396376,107.04589008022965,REGULAR,,Lynh 's Villa - 1 phÃ²ng ngá»§ Ä‘Ã´i cÃ³ ban cÃ´ng,private_room,False,,/ Ä‘Ãªm,2,True,True,True,True,,,,True,,,,,970.000,â‚«970.000,,False,"4,96",26,,,,True,,False,,True,,,True,,,,,,,,,,,,,,,,
865106330981407889,https://www.airbnb.com.vn/rooms/865106330981407889,Tá»« SÆ¡n,6,21.10956,105.98935,REGULAR,,Deluxe mini Apartment Hoan Son,private_room,False,,/ Ä‘Ãªm,2,True,True,True,True,True,True,,True,,,,,,,,False,,,True,,,,,False,,,,,,,,,,,,,,,,,,,,,
689575507748843049,https://www.airbnb.com.vn/rooms/689575507748843049,Há»“ng BÃ ng,6,20.86505,106.66201,REPRESENTATIVE,,Merci Apartment & Homestay sá»‘ 11 - Vinhome Imperia,private_room,False,,/ Ä‘Ãªm,2,True,True,True,True,True,True,,True,,True,,,532.000,â‚«532.000,,False,,,,,,,,False,,,,,,,,,,,,,,,,,,,,,
36152685,https://www.airbnb.com.vn/rooms/36152685,tx. ÄÃ´ng Triá»u,30,21.03363,106.61724,REGULAR,,An Absolute Must Do In Vietnam Yenduc Village,private_room,False,,/ Ä‘Ãªm,12,,True,,,True,,True,,,,,,1.030,â‚«1.030.359,,False,,,,,True,True,,False,,,,,,,,,,,,,,,,,,,,,True
685147587439862894,https://www.airbnb.com.vn/rooms/685147587439862894,ThÃ nh phá»‘ Háº¡ Long,22,20.93095,106.99129,REGULAR,,KhaÌch saÌ£n Postcard 5 phuÌt ra baÌƒi tÄƒÌm,private_room,False,,/ Ä‘Ãªm,2,,True,,True,True,,,True,True,True,,,,,,False,"4,8",5,,,,,,,,True,,,,,True,True,,,,,,,,,,,,,
891797945846378661,https://www.airbnb.com.vn/rooms/891797945846378661,ThÃ nh phá»‘ Háº¡ Long,12,20.95119,107.07256,REGULAR,,"KhÃ´ng gian thoÃ¡ng mÃ¡t, Ä‘áº§y Ä‘á»§",private_room,False,,/ Ä‘Ãªm,1,True,True,True,,True,True,True,True,,,,,,,,False,,,,,,,,False,,True,,,,,,,,,,,,,,,,,,,
836521904897173811,https://www.airbnb.com.vn/rooms/836521904897173811,,26,20.864703843657903,106.66032013073023,REGULAR,,Homestay Honey CÄƒn há»™ Háº£i PhÃ²ng - HHG Tower,entire_home,False,,/ Ä‘Ãªm,6,True,True,True,True,True,,,True,,,,,1.186,â‚«1.186.236,,False,,,,,,,,,,,,,True,True,True,,,,,,,,,,,,,,
880666048858070662,https://www.airbnb.com.vn/rooms/880666048858070662,Há»“ng BÃ ng,11,20.86491,106.65832,REGULAR,,Lucky Homestay xin chÃ o,entire_home,False,,/ Ä‘Ãªm,4,True,True,True,True,True,True,,True,,,,,,,,,,,True,,,,,,,,,,,True,True,,,,,,,,,,,,,,
39788070,https://www.airbnb.com.vn/rooms/39788070,Háº£i phong ,16,20.72158,107.05212,REGULAR,,KHÃCH Sáº N TRUNG TÃ‚M CATBA 6,private_room,False,,/ Ä‘Ãªm,2,,True,,True,True,,True,,True,,,,,,,False,,,,,,,,False,,,,,,,,,,True,,True,,,,,,,,,
821993898293183640,https://www.airbnb.com.vn/rooms/821993898293183640,ThÆ°á»£ng LÃ½,9,20.85505,106.66643,REPRESENTATIVE,,Merci Apartment & Homestay No.19-1 - HH Riverside,private_room,False,,/ Ä‘Ãªm,2,True,True,True,True,True,True,True,True,,,False,True,552.000,â‚«552.000,True,,"5,0",3,,,,,,,3,,,,,,True,,,,,,,,,,,,,,
24156630,https://www.airbnb.com.vn/rooms/24156630,Láº¡ch Tray,14,20.85209,106.68777,REGULAR,,"CÄƒn há»™ toÃ n cáº£nh thÃ nh phá»‘, trung tÃ¢m thÃ nh phá»‘",entire_home,False,,/ Ä‘Ãªm,5,True,True,,True,True,True,True,,True,,,,910.037,â‚«910.037,,False,"4,71",56,,,True,,,,,,,,,,,,,True,,,,,,,,,,,
629339223287662209,https://www.airbnb.com.vn/rooms/629339223287662209,ThÃ nh phá»‘ Háº¡ Long,5,20.945496025591503,107.0361304746315,REGULAR,,KHÃCH Sáº N SAMATHA BÃƒI CHÃY - PHÃ’NG GIA ÄÃŒNH,private_room,False,,/ Ä‘Ãªm,4,True,True,True,True,True,,,True,,,,,511.247,â‚«511.247,,,,,,True,,,,,,True,,,,,True,,,,,,,,,,,,True,,
890505935913029766,https://www.airbnb.com.vn/rooms/890505935913029766,ThÃ nh phá»‘ Háº¡ Long,9,20.95395,107.01273,REGULAR,,3024 Duplex 1 bedroom @ Citadines Marina Ha Long,entire_home,False,,/ Ä‘Ãªm,2,True,True,True,True,True,,,True,True,,,,,,,False,,,True,,,,,,,,,,,,True,,,,,,,,,,,,,,
24163863,https://www.airbnb.com.vn/rooms/24163863,Äáº±ng Giang,9,20.83587,106.70142,REGULAR,,"PhÃ²ng riÃªng, khu vá»±c quá»‘c táº¿, gáº§n sÃ¢n bay",private_room,False,,/ Ä‘Ãªm,4,True,True,,True,,True,True,,,True,False,True,,,True,False,"4,57",14,True,,,,,False,5,,,,,,,,,,,,,,,,,,,,
864747192793320605,https://www.airbnb.com.vn/rooms/864747192793320605,ThÃ nh phá»‘ Háº¡ Long,21,20.954507371572873,107.00141251087189,REGULAR,,ToÃ   khÃ¡ch sáº¡n Ä‘áº¹p nháº¥t Háº¡ Long,private_room,False,,/ Ä‘Ãªm,1,True,True,True,True,,,,True,,,,,,,,,,,,,,,,,,True,True,,True,True,True,,,,,,,,,,,,,,
42568790,https://www.airbnb.com.vn/rooms/42568790,CÃ¡t Háº£i,19,20.74167,107.04256,REGULAR,,Blue Lagoon - NhÃ  Nghá»‡ thuáº­t,private_room,False,,/ Ä‘Ãªm,2,True,True,True,True,,,True,,,,,,1.070,â‚«1.070.622,,False,"5,0",9,True,,,,True,False,,,,,,,True,,,,,,,,,,,,,,
871965781072446204,https://www.airbnb.com.vn/rooms/871965781072446204,ThÃ nh phá»‘ Báº¯c Ninh,19,21.1859333,106.0788366,REGULAR,,Condo 2BR in Bac Ninh*Free BB-Sauna-Pool-Gym,entire_home,False,,/ Ä‘Ãªm,4,True,True,True,True,True,,,,True,,,,1.825,â‚«1.825.883,,False,,,,,,,,,,,True,,,True,,,,,True,,,,,,,,,,
872887472151575694,https://www.airbnb.com.vn/rooms/872887472151575694,Há»“ng BÃ ng,10,20.86525,106.67248,REGULAR,,Cozy central Flex room 2,private_room,False,,/ Ä‘Ãªm,2,True,True,,True,True,True,True,,,,False,True,278.242,â‚«278.242,,False,,2,,,,,,False,,,,False,,,,,,,,,,,,,,,,,
43629165,https://www.airbnb.com.vn/rooms/43629165,ThÃ nh phá»‘ Háº¡ Long,30,20.95973,107.0087,REGULAR,,Sunny Aprt vá»›i Green Bay Háº¡ Long,entire_home,False,,/ Ä‘Ãªm,4,True,True,,True,True,True,True,,,,,,688.942,â‚«688.942,,False,"5,0",3,,,,,,,,True,,,,True,,,,,,,,,,True,,,,,
703920820269790916,https://www.airbnb.com.vn/rooms/703920820269790916,ThÃ nh phá»‘ Háº¡ Long,19,20.92687,106.98997,REGULAR,,CÄƒn há»™ thoáº£i mÃ¡i vá»›i há»“ bÆ¡i trong nhÃ  vÃ  táº§m nhÃ¬n ra biá»ƒn,entire_home,False,,/ Ä‘Ãªm,8,True,True,True,True,True,,,True,True,,,,2.396,â‚«2.396.472,,,"5,0",4,True,,,,,,,True,,,,True,,,,,,,,,,,,,,,
883154854150171750,https://www.airbnb.com.vn/rooms/883154854150171750,NgÃ´ Quyá»n,7,20.85649,106.69075,REGULAR,,Private relaxing room,private_room,False,,/ Ä‘Ãªm,2,True,,,,,True,True,,,,False,True,,,True,False,,,,,,,,False,,,,,,,,,,,,,,,,,,,,,
767008511255784861,https://www.airbnb.com.vn/rooms/767008511255784861,ThÃ nh phá»‘ Háº¡ Long,17,20.9624,107.00959,REGULAR,,"CÄƒn há»™ BÃ£i ChÃ¡y, Quáº£ng Ninh - 4some1.Studio",entire_home,False,,/ Ä‘Ãªm,6,True,True,True,,True,,,True,True,,,,1.403,â‚«1.403.648,,False,,,,,,True,,,,True,,,,,True,,,,,,,,,,,,,,
535046664780371344,https://www.airbnb.com.vn/rooms/535046664780371344,TiÃªn Du,22,21.11226,105.98872,REGULAR,,CÄƒn há»™ HÃ  Ná»™i theo Ä‘Ãªm,private_room,False,,/ Ä‘Ãªm,2,True,True,True,True,True,True,True,True,,,,,273.882,â‚«273.882,,False,,,,,,,,,,,,,,,,,,,,,,,,,,,,,
751057851176098706,https://www.airbnb.com.vn/rooms/751057851176098706,YÃªn HÆ°ng,7,20.9193942,106.8553702,REGULAR,,"NgÃ´i biá»‡t thá»± Ä‘á»™c láº­p, cÃ³ nhiá»u cÃ¢y xanh, sáº¡ch sáº½",private_room,False,,/ Ä‘Ãªm,1,True,True,True,True,,,,True,,,False,True,399.412,â‚«399.412,,False,,,,,,True,,False,,,,False,True,,,,,,,,,,,,,,,,
42389254,https://www.airbnb.com.vn/rooms/42389254,ThÃ nh phá»‘ Háº¡ Long,30,20.9645,107.05341,REGULAR,,3 PhÃ²ng riÃªng á»Ÿ báº¿n cáº£ng tai nhÃ  vÃ  bÃ£i biá»ƒn tuyá»‡t vá»i,private_room,False,,/ Ä‘Ãªm,10,True,True,True,True,True,,,,,,True,True,2.059,â‚«2.059.766,,False,"5,0",5,,,,,,False,4,True,True,False,,,,,,,,,,,,,,,,,
889825201112562255,https://www.airbnb.com.vn/rooms/889825201112562255,ThÃ nh phá»‘ Háº¡ Long,30,20.943990039971617,107.1253972883606,REGULAR,,Peaceful House With Seaview,entire_home,False,,/ Ä‘Ãªm,6,True,True,True,True,,,,True,,,,,,,,,,,True,,,,,,,True,,,True,True,True,,,,,,,,,,,,,,
866305590858088065,https://www.airbnb.com.vn/rooms/866305590858088065,ThÃ nh phá»‘ Háº¡ Long,30,20.95293968379295,107.02400537843475,REGULAR,,Cozy apartment with Sea View Balcony,entire_home,False,,/ Ä‘Ãªm,2,True,True,True,True,True,True,True,True,True,,,,802.932,â‚«802.932,,,"5,0",3,,,,,,,,,,,,True,,,,,,,,,,,,,,,
738658217325819429,https://www.airbnb.com.vn/rooms/738658217325819429,CÃ¡t Háº£i,7,20.728786031363224,107.04404574868774,REGULAR,,PhÃ²ng Ä‘Ã´i trong nhÃ  má»™c máº¡c vá»›i táº§m nhÃ¬n 22,private_room,False,,/ Ä‘Ãªm,2,,True,,True,,True,True,True,,,,,570.589,â‚«570.589,,False,"4,91",32,,,,,,,,,,,,,,,,True,,,,,,True,,,,,
40660412,https://www.airbnb.com.vn/rooms/40660412,ThÃ nh phá»‘ Háº¡ Long,2,20.95596,107.05059,REGULAR,,"KÃ½ tÃºc xÃ¡ BBQ Háº¡ Long - phÃ²ng 402- 502, bao gá»“m Äƒn sÃ¡ng",private_room,False,,/ Ä‘Ãªm,2,,True,,True,True,,True,,True,,,,516.816,â‚«516.816,,,"5,0",4,,,True,True,,,,,,,,,,,,True,,,,,,True,,,,,
869693161573500038,https://www.airbnb.com.vn/rooms/869693161573500038,CÃ¡t BÃ ,30,20.730687957149055,107.04986669581325,REGULAR,,-30%Two rooms for 3-4 guests-Free big breakfast,private_room,False,,/ Ä‘Ãªm,4,True,True,True,,,True,True,,,True,False,True,1.436,â‚«1.436.171,,False,,,,,,,,False,,True,,False,,,,,,,,,,,,,,,,,
778596661592490449,https://www.airbnb.com.vn/rooms/778596661592490449,ThÃ nh phá»‘ Háº¡ Long,11,20.96132,107.00938,REGULAR,,CÄƒn há»™ view biá»ƒn táº¡i thÃ nh phá»‘ Háº¡ Long,entire_home,False,,/ Ä‘Ãªm,4,True,True,,True,True,True,,,True,,,,594.096,â‚«594.096,,,,,True,,,,,,,True,,,,True,True,,,,,,,,,,,,,,
688919524356211527,https://www.airbnb.com.vn/rooms/688919524356211527,ThÃ nh phá»‘ Háº¡ Long,15,20.953805743054126,107.01305086214616,REGULAR,,Studio hiá»‡n Ä‘áº¡i vá»›i bÃ£i biá»ƒn nhÃ¬n ra bÃ£i biá»ƒn & Netflix miá»…n phÃ­,entire_home,False,,/ Ä‘Ãªm,2,True,True,,True,True,,,,True,,,,1.113,â‚«1.113.435,,False,"4,76",21,True,,,,,,,True,,,,True,True,,,,,,,,,,,,,,
878526075939383487,https://www.airbnb.com.vn/rooms/878526075939383487,Láº¡ch Tray,7,20.849633237411723,106.68828874826431,REGULAR,,Chung cÆ° cao cáº¥p SHP Láº¡ch Tray,entire_home,False,,/ Ä‘Ãªm,4,True,True,True,True,True,,,True,,,,,1.141,â‚«1.141.177,,,,,,,,True,,,,,True,,,,True,,,,,,,,,,,,,,
33177069,https://www.airbnb.com.vn/rooms/33177069,ThÃ nh phá»‘ Háº¡ Long,30,20.95741,107.00593,REGULAR,,"HÃ nh trÃ¬nh 21 - 2 phÃ²ng ngá»§, táº§m nhÃ¬n ra biá»ƒn, táº§ng cao-70m2",entire_home,False,,/ Ä‘Ãªm,7,True,True,True,True,True,,,,,,,,,,,,"4,69",48,True,,,,,,,True,,,True,True,True,,,,,,,,,,,,,,
566226479508750040,https://www.airbnb.com.vn/rooms/566226479508750040,ThÃ nh phá»‘ Háº¡ Long,30,20.95909,107.00773,REGULAR,,CÄƒn há»™ view biá»ƒn táº¡i thÃ nh phá»‘ Háº¡ Long,entire_home,False,,/ Ä‘Ãªm,2,True,True,True,True,,,,,,,,,639.059,â‚«639.059,,False,"4,5",10,True,,,,,False,,True,,,True,,True,,,,,,,,,,,,,,
853143422949988058,https://www.airbnb.com.vn/rooms/853143422949988058,ThÃ nh phá»‘ Báº¯c Ninh,16,21.16454,106.0509,REGULAR,,CÄƒn há»™ Green 1br BacNinh,entire_home,False,,/ Ä‘Ãªm,3,True,True,True,,True,True,True,,True,,,,1.008,â‚«1.008.230,,False,"5,0",3,,,True,True,,,,,,,,,,,,,,,,,,,,,,,
796293107361577066,https://www.airbnb.com.vn/rooms/796293107361577066,XuÃ¢n ÄÃ¡m,8,20.752289407678475,106.99401149527591,REPRESENTATIVE,,Bungalow duyÃªn dÃ¡ng trong LÃ ng CÃ¡t BÃ  yÃªn bÃ¬nh,private_room,False,,/ Ä‘Ãªm,3,True,True,True,True,,,,True,,,False,True,890.000,â‚«890.000,True,False,,1,,,,True,,,8,True,,,True,,,,,,,,,,,,,,,,
871319464803306390,https://www.airbnb.com.vn/rooms/871319464803306390,ThÃ nh phá»‘ Háº¡ Long,30,20.95289200013136,107.02401414437952,REGULAR,,Window Sea View Apartment,entire_home,False,,/ Ä‘Ãªm,2,True,True,True,True,True,True,True,True,True,,,,,,,,,,,,,,,,,,,,,True,,,,,,,,,,,,,,,
43338425,https://www.airbnb.com.vn/rooms/43338425,Háº¡ Long,25,20.95962,107.00491,REGULAR,,NgÃ´i nhÃ  1,entire_home,False,,/ Ä‘Ãªm,6,True,True,True,True,True,True,True,,True,,,,790.700,â‚«790.700,,,"3,71",7,,,True,,,,,,,,,True,,,,,,,,,,,,,,,
848140337261615281,https://www.airbnb.com.vn/rooms/848140337261615281,ThÃ nh phá»‘ Háº¡ Long,13,20.9614104,107.0084906,REGULAR,,-15% Studio with amazing views of Cua Luc Gulf,entire_home,False,,/ Ä‘Ãªm,3,True,True,,True,True,,,,True,,,,,,,False,,,True,,,,,,,True,,,,,,,,,,,,,,,,,True,True,
800999750210876798,https://www.airbnb.com.vn/rooms/800999750210876798,ThÃ nh phá»‘ Báº¯c Giang,5,21.27727,106.19632,REGULAR,,CÄƒn há»™ 2 phÃ²ng ngá»§ Mandala Báº¯c Giang,private_room,False,,/ Ä‘Ãªm,4,True,True,True,True,True,,True,True,,,,,3.138,â‚«3.138.237,,False,,,,,,,,,,,,,,True,,,,,,,,,,,,,,,
21006447,https://www.airbnb.com.vn/rooms/21006447,Váº¡n SÆ¡n,12,20.71611,106.78221,REGULAR,,Dream House 1 táº¡i Äá»— SÆ¡n,private_room,False,,/ Ä‘Ãªm,2,True,True,,True,True,True,True,,,,,,584.823,â‚«584.823,,False,"4,6",5,,,,,,False,,,,,,,,,,True,,,,,,True,,,,,
31368160,https://www.airbnb.com.vn/rooms/31368160,ThÃ nh phá»‘ Háº¡ Long,7,20.94237,107.02536,REGULAR,,PhÃ²ng Hoa Há»“ng táº¡i NhÃ  khÃ¡ch Äáº·ng Quáº£ng.,private_room,False,,/ Ä‘Ãªm,2,,True,,True,True,True,True,,,True,,,584.283,â‚«584.283,,False,"4,75",17,,,,,True,,,,,,,,,,,True,,True,,,,,,,,,
861430906576281477,https://www.airbnb.com.vn/rooms/861430906576281477,ThÃ nh phá»‘ Háº¡ Long,13,20.95151,107.02361,REGULAR,,Homestay newlife Háº¡ Long -2PN,entire_home,False,,/ Ä‘Ãªm,4,True,True,,True,True,True,,True,,,,,784.152,â‚«784.152,,False,,,True,,,,,,,True,,,,True,,,,,,,,,,,,,,,
845449163726223940,https://www.airbnb.com.vn/rooms/845449163726223940,Háº¡ Long,30,20.95665,106.99948,REGULAR,,Homstay Ngan Citadines Háº¡ Long,entire_home,False,,/ Ä‘Ãªm,4,True,True,True,,True,,,True,,,,,912.942,â‚«912.942,,False,,,,,,,,,,True,True,,,True,True,,,,,,,,,,,,,,
672123367425696468,https://www.airbnb.com.vn/rooms/672123367425696468,ThÃ nh phá»‘ Háº¡ Long,30,20.954038030142403,107.01294332742691,REGULAR,,CÄƒn há»™ Homestay áº¥m Ã¡p tuyá»‡t vá»i view biá»ƒn lÃ£ng máº¡n,entire_home,False,,/ Ä‘Ãªm,4,True,True,True,True,,,,,,,,,,,,False,"4,75",4,True,,,,,,,True,,,,True,True,,,,,,,,,,,,,,
852586336963754687,https://www.airbnb.com.vn/rooms/852586336963754687,Háº¡ Long,28,20.95318878988706,107.00105619206542,REGULAR,,CÄƒn há»™ ngáº¯m bÃ¬nh minh máº·t biá»ƒn,entire_home,False,,/ Ä‘Ãªm,2,True,True,True,True,True,,,,,,,,1.113,â‚«1.113.765,,,,,,,,,,,,True,True,,True,True,True,,,,,,,,,,,,,,
