room_id,url,city,contextualPicturesCount,lat,long,listingObjType,pdpUrlType,name,roomTypeCategory,canInstantBook,weeklyPriceFactor,structuredStayDisplayPrice,maxGuestCapacity,SYSTEM_BEACH,SYSTEM_COOKING_BASICS,SYSTEM_WI_FI,SYSTEM_WORKSPACE,SYSTEM_MAPS_CAR_RENTAL,SYSTEM_POOL,SYSTEM_JACUZZI,SYSTEM_TV,SYSTEM_SNOWFLAKE,SYSTEM_NO_DETECTOR_CO2,SYSTEM_VIEW_CITY,SYSTEM_VIEW_OCEAN,SYSTEM_ELEVATOR,SYSTEM_SURVEILLANCE,SYSTEM_WASHER,rating,reviewCount,price,price_full,SYSTEM_PATIO_BALCONY,SYSTEM_REFRIGERATOR,SYSTEM_SMOKING_ALLOWED,SYSTEM_NO_DETECTOR_SMOKE,SYSTEM_PETS,SYSTEM_VIEW_MOUNTAIN,SYSTEM_BOAT_SAIL,SYSTEM_FLOWER,isSuperHost,isVerified,SYSTEM_NO_LOCK_ON_DOOR,SYSTEM_LUGGAGE_DROP,SYSTEM_HAIRDRYER,SYSTEM_DRYER,SYSTEM_SAUNA,SYSTEM_BATHTUB,SYSTEM_LOCK_ON_DOOR,yearHosting,SYSTEM_EV_CHARGER,SYSTEM_BREAKFAST,SYSTEM_FIREPIT,SYSTEM_CABLE,SYSTEM_FIREPLACE,SYSTEM_MICROWAVE,SYSTEM_CALENDAR,SYSTEM_GYM
892555226770276306,https://www.airbnb.com.vn/rooms/892555226770276306,Quy Nhơn,30,13.75628053291576,109.21367139734497,REGULAR,,CHILL NOW 3BR Condotel FLC Seatower QN,entire_home,False,,/ đêm,8.0,True,True,True,True,True,True,True,True,True,False,,,,,,,,,,,,,,,,,,,,,,,,,,,,,,,,,,,
881534752543234146,https://www.airbnb.com.vn/rooms/881534752543234146,Quy Nhơn,18,13.76911,109.23379,REGULAR,,Căn hộ du lịch view biển Quy Nhơn,entire_home,False,,/ đêm,4.0,True,,True,True,True,,,True,,False,True,True,True,True,,,,,,,,,,,,,,,,,,,,,,,,,,,,,,,
892519087348169270,https://www.airbnb.com.vn/rooms/892519087348169270,Quy Nhơn,30,13.75491,109.21387,REGULAR,,Hi Beach House Twin Bed Studio FLC SEA TOWER,entire_home,False,,/ đêm,4.0,True,True,True,True,,,True,True,True,False,,,True,,True,,,,,,,,,,,,,,,,,,,,,,,,,,,,,,
612091528148614743,https://www.airbnb.com.vn/rooms/612091528148614743,Thành phố Qui Nhơn,15,13.755304,109.21698,REGULAR,,Pimira Homestay,entire_home,False,,/ đêm,4.0,True,True,True,,,,,True,True,False,,,,,,"4,87",15,873.000,₫873.000,True,True,True,False,,,,,,,,,,,,,,,,,,,,,,
613487547858683341,https://www.airbnb.com.vn/rooms/613487547858683341,Thành phố Qui Nhơn,30,13.76841,109.21747,REGULAR,,Nhà hẻm yên tĩnh và nhiều cây xanh-LaLunaQuyNhon,entire_home,False,,/ đêm,6.0,,True,True,True,True,,,,True,False,,,,,True,"5,0",13,,,True,,,False,True,,,,,,,,,,,,,,,,,,,,,
883109593686813700,https://www.airbnb.com.vn/rooms/883109593686813700,Quy Nhơn,27,13.88665,109.2906,REGULAR,,Phòng cho gia đình gần Eo Gió,private_room,False,,/ đêm,4.0,True,True,True,True,True,,,True,,,,True,,True,,,,,,,,,,True,True,,,,,,,,,,,,,,,,,,,,
859860329397494484,https://www.airbnb.com.vn/rooms/859860329397494484,Quy Nhơn,30,13.75451,109.21328,REGULAR,,Hi Beach House FLC Sea Tower by Tinn - trung tâm thành phố,entire_home,False,,/ đêm,3.0,True,,True,True,,True,True,True,True,False,,,True,,True,,,,,,,,,,,,,,,,,,,,,,,,,,,,,,
872390359604625741,https://www.airbnb.com.vn/rooms/872390359604625741,Quy Nhơn,14,13.77387,109.24013,REGULAR,,Altara Quy Nhơn - Căn hộ View Biển - 2 Phòng ngủ,entire_home,False,,/ đêm,6.0,True,True,True,True,True,True,,,,False,,True,,True,,,,,,,,,,,,True,,,,,,,,,,,,,,,,,,,
890439283048109259,https://www.airbnb.com.vn/rooms/890439283048109259,Quy Nhơn,28,13.884728894908276,109.29128635909116,REGULAR,,Phòng đôi rộng rãi gần Eo Gió,private_room,False,,/ đêm,2.0,True,True,True,True,True,,,True,True,,,,,True,True,,,,,,,,,True,,,,,,,,,,,,,,,,,,,,,
852810817194141353,https://www.airbnb.com.vn/rooms/852810817194141353,Quy Nhơn,30,13.7891391,109.2032813,REGULAR,,LIDO HOUSE eco (by Linh & Đô),entire_home,False,,/ đêm,8.0,,True,True,True,True,True,,True,,,,,True,True,,,,602.220,₫602.220,,,,,,,,True,,,,,,,,,,,,,,,,,,
836175515420300712,https://www.airbnb.com.vn/rooms/836175515420300712,Quy Nhơn,7,13.7702,109.24724,REGULAR,,Phòng deluxe 01 giường cỡ king tầm nhìn ra biển,private_room,False,,/ đêm,2.0,,True,True,True,True,,,True,True,,,,,True,True,,,431.719,₫431.719,,,,,,,,,,,,,,,,,,,,,,,,,,
637172819753959116,https://www.airbnb.com.vn/rooms/637172819753959116,Thành phố Qui Nhơn,30,13.76612,109.22735,REGULAR,,Song Suoi homestay _ căn phòng cạnh biển,private_room,False,,/ đêm,2.0,True,True,True,True,True,,,True,,False,,,,True,,"5,0",13,,,,,,False,True,,,,,,,,,,,,,,,,,,,,,
615424528407718335,https://www.airbnb.com.vn/rooms/615424528407718335,Thành phố Qui Nhơn,16,13.77444,109.24079,REGULAR,,Căn hộ hướng biển sang trọng 2 pho ̀ ng ngu ̉ 2' đi bộ ra bãi biển,entire_home,False,,/ đêm,5.0,True,True,True,True,,True,,True,,False,,True,True,,True,"4,89",9,1.626,₫1.626.177,,,,,,,,,,,,,,,,,,,,,,,,,,
41697409,https://www.airbnb.com.vn/rooms/41697409,Thành phố Qui Nhơn,30,13.77293,109.23397,REGULAR,,"Luxury 4BR Seaside Escape, 10 Beds Near Beach",entire_home,False,,/ đêm,14.0,True,True,True,True,True,,,,,False,True,,,,True,"4,82",22,,,,,,False,True,,,,,,,,,,,,,,,,,,,,,
46655461,https://www.airbnb.com.vn/rooms/46655461,Thành phố Qui Nhơn,30,13.77041,109.23365,REGULAR,,Traniehouse-Full Sea View.Near Beach.Air.Quiet.TMS,entire_home,False,,/ đêm,5.0,True,True,True,,True,,,True,,False,,True,True,,True,"4,58",36,1.015,₫1.015.648,,,,,,,,True,,,,,,,,,,,,,,,,,,
889731921374522681,https://www.airbnb.com.vn/rooms/889731921374522681,Quy Nhơn,24,13.770065,109.232887,REGULAR,,Studio Suite Deluxe Sea View,entire_home,False,,/ đêm,4.0,True,True,True,True,True,True,,True,,,,True,,True,,,,,,,,,,,True,,,,,,,,,,,,,,,,,,,,
793066940921439477,https://www.airbnb.com.vn/rooms/793066940921439477,Quy Nhơn,21,13.770248965921565,109.2329678311944,REGULAR,,"Song Suoi TMS, căn hộ mới view biển cho gia đình",entire_home,False,,/ đêm,4.0,,True,True,True,True,,,True,,False,,,,True,True,"5,0",3,570.589,₫570.589,,,,False,True,,,,,,,,,,,,,,,,,,,,,
880196653395897994,https://www.airbnb.com.vn/rooms/880196653395897994,Quy Nhơn,14,13.865332959005356,109.2526874318719,REGULAR,,Nơi lưu trú cho tâm hồn của bạn!,private_room,False,,/ đêm,12.0,,True,True,True,True,,,,,False,,,,True,,,,,,,,,False,,,,True,False,True,False,,,,,,,,,,,,,,,
892611949595438900,https://www.airbnb.com.vn/rooms/892611949595438900,Quy Nhơn,17,13.75443,109.21551,REGULAR,,CHILL NOW 1BR Condo FLC Seatower,entire_home,False,,/ đêm,4.0,True,True,True,True,True,True,True,,,False,True,,,,,,,,,,,,,,True,,,,,,,,,,,,,,,,,,,,
857522603337625401,https://www.airbnb.com.vn/rooms/857522603337625401,Quy Nhơn,23,13.77373,109.24017,REGULAR,,Căn hộ 2 phòng ngủ - view Biển - Altara Quy Nhơn,entire_home,False,,/ đêm,6.0,True,True,True,True,True,,,True,,False,,,True,True,True,,,1.178,₫1.178.400,,,,,,,,,,,,,,,,,,,,,,,,,,
40161172,https://www.airbnb.com.vn/rooms/40161172,Thị xã Sông Cầu,19,13.50887,109.29031,REGULAR,,Bungalow bãi biển Lucky Spot - Rạng đông thư giãn #1,private_room,False,,/ đêm,2.0,True,,True,,True,,,,True,False,,,,,True,"4,67",3,899.757,₫899.757,True,,,False,,,,,,,,True,True,,,,,,,,,,,,,
638241409994886874,https://www.airbnb.com.vn/rooms/638241409994886874,Thành phố Qui Nhơn,11,13.7735,109.2407,REGULAR,,Căn hộ View biển - Home Staytune 3,entire_home,False,,/ đêm,6.0,,True,True,True,True,,,True,True,,,,,True,True,"5,0",10,683.565,₫683.565,,,,,True,,,,,,,,,True,,,,,,,,,,,,
48392795,https://www.airbnb.com.vn/rooms/48392795,Thành phố Qui Nhơn,25,13.7697,109.23201,REGULAR,,Hari house - Sea View- TMS Pullman Qui Nhơn,entire_home,False,,/ đêm,4.0,True,True,True,,True,,,True,True,False,,,,,True,"4,92",13,855.883,₫855.883,True,,,,,,,,,,,,,True,,,,,,,,,,,,
646682255977720136,https://www.airbnb.com.vn/rooms/646682255977720136,Thành phố Qui Nhơn,23,13.757647346773485,109.21116482466459,REGULAR,,Căn nhà nhỏ xinh đẹp trong trung tâm thành phố,entire_home,False,,/ đêm,2.0,True,True,True,,True,,,True,,False,,,,True,True,"4,88",8,,,,,,False,True,,,,,,,,,,,,,,,,,,,,,
879195621160181064,https://www.airbnb.com.vn/rooms/879195621160181064,Quy Nhơn,30,13.7551373,109.2148245,REGULAR,,FLC Sea Tower Quy Nhon - Kanki House,entire_home,False,,/ đêm,4.0,True,True,True,True,True,True,True,True,,,,,,True,,,,,,,,,,,,,,,,,,,,True,,,,,,,,,,,
845159337501583341,https://www.airbnb.com.vn/rooms/845159337501583341,Quy Nhơn,9,13.77973,109.23549,REGULAR,,"Căn Hộ 3 Phòng Ngủ View Hồ, Cách Biển 2 Phút Đi Xe",entire_home,False,,/ đêm,8.0,,True,True,True,,True,,True,,False,,,,True,,"5,0",3,1.369,₫1.369.412,,,,,True,,True,True,,,,,,,,,,,,,,,,,,
867852277057683033,https://www.airbnb.com.vn/rooms/867852277057683033,Quy Nhơn,13,13.78345,109.20949,REGULAR,,Căn hộ biển,entire_home,False,,/ đêm,4.0,True,True,True,True,True,True,,True,,False,,,,True,True,,,,,,,,,,,,,,,,,,,,,,,,,,,,,,
720059934620760374,https://www.airbnb.com.vn/rooms/720059934620760374,Quy Nhơn,16,13.7751956,109.2324521,REGULAR,,Phòng đơn có ban công hoặc bồn tắm,private_room,False,,/ đêm,3.0,,,True,True,True,,,True,True,False,True,,True,True,,"4,67",6,351.483,₫351.483,,,,,,,,,,,,,,,,True,,,,,,,,,,
862239460643717462,https://www.airbnb.com.vn/rooms/862239460643717462,Quy Nhơn,29,13.770065,109.232887,REGULAR,,TMS Residences Quy Nhơn | Hanna House,entire_home,False,,/ đêm,4.0,True,True,True,,True,True,,True,,False,True,,,True,,,,,,,,,,,True,,,,,,,,,,,,,,,,,,,,
676252418691492633,https://www.airbnb.com.vn/rooms/676252418691492633,Thành phố Qui Nhơn,22,13.77843006193271,109.23501621639402,REGULAR,,CĂN HỘ 2 pho ̀ NG ngu ̉ hiện đại với SEAview - Phú Tài Residense,entire_home,False,,/ đêm,7.0,True,True,True,,True,True,,True,,False,,,True,,True,"4,63",8,915.765,₫915.765,,,,,,,True,,,,,,,,,,,,,,,,,,,
687928019502339587,https://www.airbnb.com.vn/rooms/687928019502339587,Quy Nhơn,26,13.7668665,109.2205568,REPRESENTATIVE,,Phòng đôi - Homestay độc đáo với jacuzzi trên tầng thượng,private_room,False,,/ đêm,2.0,,,True,True,True,,,,True,False,,,,True,True,"4,8",5,386.140,₫386.140,,,,,True,,,,,,,,True,,,,,,,,,,,,,
48095702,https://www.airbnb.com.vn/rooms/48095702,Qui Nhơn,30,13.75639,109.21616,REGULAR,,Flc sea tower sea view-Q house 1,entire_home,False,,/ đêm,4.0,True,True,True,True,True,True,True,,,,True,True,,True,,"5,0",5,734.347,₫734.347,,,,,,,,,,,,,,,,,,,,,,,,,,
48338106,https://www.airbnb.com.vn/rooms/48338106,Thành phố Qui Nhơn,23,13.7737,109.22652,REGULAR,,Home Staytune 2 ( Toàn bộ ngôi nhà) - Sân thượng mát lạnh,entire_home,False,,/ đêm,7.0,,True,True,True,True,,,True,,False,,,,,True,"4,76",21,797.683,₫797.683,,,,False,True,,,True,,,,,,,,,,,,,,,,,,
46823805,https://www.airbnb.com.vn/rooms/46823805,Phù Cát,18,14.02202,109.24815,REGULAR,,Vunam Eco Resort Quy Nhơn_Studio,private_room,False,,/ đêm,2.0,,,True,True,True,,,True,True,False,,,,True,,,,855.883,₫855.883,,,,False,True,,,,False,True,,,,,,,True,,,,,,,,,
892334487996427027,https://www.airbnb.com.vn/rooms/892334487996427027,Quy Nhơn,5,13.7709313,109.2354255,REGULAR,,Homestay Coco House,private_room,False,,/ đêm,16.0,True,True,True,,True,,,True,True,False,,,,True,,,,,,,,True,False,,,,,,,,,,,,,,,,,,,,,,
849686759352526234,https://www.airbnb.com.vn/rooms/849686759352526234,Quy Nhơn,25,13.77086,109.23205,REGULAR,,Hi Beach House TMS Residences by Tinn-city center,entire_home,False,,/ đêm,2.0,True,True,True,True,True,,,True,True,,,,True,,True,,,,,,,,,,,,,,,,,True,,,,,,,,,,,,,
29046927,https://www.airbnb.com.vn/rooms/29046927,Thành phố Qui Nhơn,12,13.88614,109.28837,REGULAR,,Sống cùng gia đình bản xứ Sunny Bay 3 (1 giường),private_room,False,,/ đêm,2.0,,True,True,,True,,,True,True,False,,,,,True,"4,19",16,,,,,,False,True,,,,False,False,,,,,,,True,5,,,,,,,,
605409003177670226,https://www.airbnb.com.vn/rooms/605409003177670226,Thành phố Qui Nhơn,30,13.773441,109.240494,REGULAR,,ALTARA RESIDENCE QUY NHƯƠN - NHỮNG NGÔI NHÀ HƯỚNG BIỂN,entire_home,False,,/ đêm,6.0,True,True,True,True,True,True,True,,,,,True,,True,,"4,89",9,,,,,,,,,True,,,,,,,,,,,,,,,,,,,
639299216333354925,https://www.airbnb.com.vn/rooms/639299216333354925,Thành phố Qui Nhơn,10,13.761156,109.208122,REGULAR,,Căn hộ 2 Phòng ngủ - 2 WC - HomeStaytune 4,entire_home,False,,/ đêm,8.0,True,True,True,True,True,,,True,,,True,,True,,,,,683.565,₫683.565,,,,,True,,,,,,,,,,,,,,True,,,,,,,
843184421813660741,https://www.airbnb.com.vn/rooms/843184421813660741,Quy Nhơn,30,13.809732363442672,109.2136649787426,REGULAR,,Khách sạn PearlBeach3*,private_room,False,,/ đêm,2.0,True,,True,,True,True,True,True,True,False,,,,True,,,,627.647,₫627.647,,,,False,,,,,,,,,,,,,,,,,,,,,,
643747347687139666,https://www.airbnb.com.vn/rooms/643747347687139666,Thành phố Qui Nhơn,13,13.75251,109.21208,REGULAR,,Nhà ở CÙNG GIA ĐÌNH BẢN XỨ,entire_home,False,,/ đêm,10.0,True,True,True,True,True,,,True,,False,,,,True,,"4,88",8,1.711,₫1.711.766,,,,False,True,,,,,,,,,,,,,,,,,,,,,
750391252896758124,https://www.airbnb.com.vn/rooms/750391252896758124,Quy Nhơn,30,13.75606,109.21388,REGULAR,,Căn hộ cao cấp 3 pn hướng biển - Song Suoi FLC,entire_home,False,,/ đêm,8.0,True,True,True,True,True,,,,,False,True,,,True,,"4,88",8,,,,,,False,,True,,,,,,,,,,,,,,,,,,,,
28765754,https://www.airbnb.com.vn/rooms/28765754,Thành phố Qui Nhơn,6,13.68475,109.23081,REGULAR,,Phòng 01 giường gần biển và trung tâm,private_room,False,,/ đêm,2.0,True,,True,,,,,True,True,False,,,,,,,,318.388,₫318.388,,,,False,,,,,,,,,True,True,,,,,,,,,,,,
879602158725335334,https://www.airbnb.com.vn/rooms/879602158725335334,Quy Nhơn,28,13.77666,109.22557,REGULAR,,"Phòng đôi gần Eo Gió, Quy Nhơn",entire_home,False,,/ đêm,2.0,True,True,True,True,True,,,True,,,,True,,True,,,,,,,,,,True,True,,,,,,,,,,,,,,,,,,,,
880133103554999972,https://www.airbnb.com.vn/rooms/880133103554999972,Quy Nhơn,30,13.75576,109.21414,REGULAR,,Hi Beach 3 BEDRs FLC Sea Tower,entire_home,False,,/ đêm,8.0,True,True,True,True,,True,True,True,,False,,,True,,True,,,,,,,,,,,,,,,,,,,,,,,,,,,,,,
42308256,https://www.airbnb.com.vn/rooms/42308256,Quy Nhon,11,13.75589,109.21519,REGULAR,,May Studio-Căn hộ view biển tại trung tâm Quy Nhơn,entire_home,False,,/ đêm,4.0,True,True,True,,,True,True,True,True,,,,True,,True,"4,89",19,,,,,,,,,,,,,,,,,,,,,True,,,,,,,
790787898677850914,https://www.airbnb.com.vn/rooms/790787898677850914,Quy Nhơn,12,13.7700155,109.232768,REGULAR,,TMS PullMan Quy Nhơn,entire_home,False,,/ đêm,4.0,True,True,True,True,True,,,True,,False,,,,True,True,"4,33",3,599.118,₫599.118,,,,,True,,,,,,,,,,,,,,,,,,,,,
567838781948836833,https://www.airbnb.com.vn/rooms/567838781948836833,Thành phố Qui Nhơn,10,13.76474,109.22663,REGULAR,,Chỗ ở trung tâm TP cách biển 10m đỗ xe miễn phí,entire_home,False,,/ đêm,16.0,True,True,True,True,True,,,True,,False,,,,True,True,"4,71",7,4.336,₫4.336.473,,,,False,,,,,,,,,,,,,,,,,,,,,,
48074325,https://www.airbnb.com.vn/rooms/48074325,Thành phố Qui Nhơn,15,13.76914,109.23369,REGULAR,,Studio View Biển - TMS Quy Nhơn,entire_home,False,,/ đêm,3.0,True,True,True,,True,,,True,,False,True,,True,,True,"4,88",8,,,,,,,,True,,,,,,,,,,,,,,,,,,,,
887908024898093171,https://www.airbnb.com.vn/rooms/887908024898093171,Quy Nhơn,7,13.770378986999999,109.23374530680002,REGULAR,,Căn Hộ TMS Pullman Quy Nhơn 12A19,entire_home,False,,/ đêm,4.0,,True,True,True,True,,,True,True,False,,,,,True,,,,,,,,,,,,,,,,,,,,,,,,,,,,,,
49122329,https://www.airbnb.com.vn/rooms/49122329,Thành phố Qui Nhơn,7,13.87907,109.29088,REGULAR,,Eden Home&Cafe,private_room,False,,/ đêm,2.0,,,True,,True,,,True,True,False,,,,True,True,,,,,,,,,,,,,,,,,True,,,,,,,True,,,,,,
797399299143106690,https://www.airbnb.com.vn/rooms/797399299143106690,Quy Nhơn,29,13.773612635310243,109.24105576389313,REGULAR,,Phòng 2 pho ̀ ng ngu ̉ ở Altara Quy Nhơn,entire_home,False,,/ đêm,6.0,True,True,True,True,True,True,True,,,,True,True,,,,,,980.401,₫980.401,,,,,,,,,,,,,,,True,,,,,,,,,,,
861265731681240171,https://www.airbnb.com.vn/rooms/861265731681240171,Quy Nhơn,16,13.77065,109.23189,REGULAR,,"Studio 2 giường, miễn phí minibar",entire_home,False,,/ đêm,4.0,True,True,True,True,True,,,True,,,True,,,,True,"4,75",4,,,,,,,True,,,,,,,,,True,,,,,,,,,,,,
40161946,https://www.airbnb.com.vn/rooms/40161946,Sông Cầu,19,13.50889,109.2903,REGULAR,,Bungalow bãi biển Lucky Spot - Happy View #1,private_room,False,,/ đêm,2.0,True,,True,,True,,,,True,False,,,,,True,,,812.671,₫812.671,True,,,False,,,,,,,,True,True,,,,,,,,,,,,,
43656646,https://www.airbnb.com.vn/rooms/43656646,Thành phố Qui Nhơn,21,13.77024,109.23306,REGULAR,,MAMA’House*Cách biển 50m*Yên tĩnh*Tự Do,entire_home,False,,/ đêm,14.0,,True,True,,,,,True,True,False,,,,,,"4,38",8,3.273,₫3.273.365,,,,False,,,,,,,,,True,,,,,,,,,,,,,
49260397,https://www.airbnb.com.vn/rooms/49260397,Tam Quan Bắc,26,14.56399,109.05499,REGULAR,,Khách sạn thoải mái cảm giác như ở nhà!,private_room,False,,/ đêm,2.0,,True,True,True,True,,,True,True,False,,,,,True,,,285.294,₫285.294,,,,False,,,,,,,,,,True,,,,,,,,,,,,
691720374562598701,https://www.airbnb.com.vn/rooms/691720374562598701,Quy Nhơn,30,13.77396,109.24162,REGULAR,,ALTARA RESIDENCE QUY NHƠN - SEAVIEWHOMES,entire_home,False,,/ đêm,2.0,True,True,True,True,True,True,True,True,,False,,,True,,,,,882.000,₫882.000,,,,,,,,,,,,,,,,,,,,,,,,,,
744558678591824861,https://www.airbnb.com.vn/rooms/744558678591824861,An Toàn,30,14.47418,108.68856,REGULAR,,Nhà nghỉ nông trại thảo dược có phòng riêng,private_room,False,,/ đêm,15.0,,True,True,True,True,,,,,False,,,,,True,,,513.530,₫513.530,,,,False,,,,,False,True,False,,,,,,,,,,True,,,,,
856852542162121304,https://www.airbnb.com.vn/rooms/856852542162121304,Quy Nhơn,9,13.75415,109.21392,REGULAR,,Np Apartment-Sea View Quy Nhon,entire_home,False,,/ đêm,4.0,True,True,True,,True,True,True,True,,False,,True,,True,,,,,,,,,,,,,,,,,,,,,,,,,,,,,,,
643122065068337700,https://www.airbnb.com.vn/rooms/643122065068337700,Thành phố Qui Nhơn,30,13.7655,109.22658,REGULAR,,Phòng homestay cạnh biển,private_room,False,,/ đêm,2.0,,True,True,True,True,,,True,,False,True,,,True,,"5,0",4,406.259,₫406.259,,,,False,True,,,,,,,,,,,,,,,,,,,,,
817882222767439820,https://www.airbnb.com.vn/rooms/817882222767439820,Quy Nhơn,10,13.756413,109.2150303,REGULAR,,-20% Tầm nhìn ra biển đẹp #Ban công Căn hộ@Hồ bơi 5 phút đến Bãi biển,entire_home,False,,/ đêm,4.0,,True,True,True,,True,,True,True,False,,,True,,,,,764.589,₫764.589,True,,,,,,,,,,,,,,,True,,,,,,,,,,
49692333,https://www.airbnb.com.vn/rooms/49692333,Thành phố Qui Nhơn,18,13.76903,109.23265,REGULAR,,Phòng Studio nhìn ra biển trực tiếp Giường cỡ siêu King,entire_home,False,,/ đêm,2.0,True,True,True,True,True,,,True,True,False,,True,,,True,"4,71",14,689.842,₫689.842,,,,,,,,,,,,,,,,,,,,,,,,,,
22868311,https://www.airbnb.com.vn/rooms/22868311,Thành phố Qui Nhơn,30,13.74603,109.21313,REGULAR,,Biệt thự vườn mini 3 phòng ngủ,entire_home,False,,/ đêm,8.0,True,True,True,True,True,,True,True,,False,,,,,True,"4,57",7,1.777,₫1.777.619,,,,,True,,,,,,,,,,,,,,,,,,,,,
816218068339419556,https://www.airbnb.com.vn/rooms/816218068339419556,Quy Nhon,24,13.88201,109.29156,REGULAR,,Homestay Bảo Châu Nhơn Lý Quy Nhơn - Phòng đơn,private_room,False,,/ đêm,2.0,True,True,True,,True,,,True,,False,,True,,True,True,,,342.353,₫342.353,,,,False,,,,,,,,,,,,,,,,,,,,,,
875798488558611637,https://www.airbnb.com.vn/rooms/875798488558611637,Quy Nhơn,5,13.7553278,109.2165518,REGULAR,,Ngoc Linh hotel,private_room,False,,/ đêm,16.0,True,,True,,True,,,True,True,False,,True,,,True,,,,,,,,,,,,,,,,,,,,,,,,,,,,,,
49008809,https://www.airbnb.com.vn/rooms/49008809,Thành phố Qui Nhơn,20,13.75631,109.21525,REGULAR,,Căn hộ khách sạn 5pn view biển trung tâm tp,entire_home,False,,/ đêm,15.0,,True,True,True,True,True,True,True,,,,True,True,,True,,,,,,,,,,,,,,,,,,,,,,,,,,,,,,
868539326417328669,https://www.airbnb.com.vn/rooms/868539326417328669,Quy Nhơn,22,13.770065,109.232887,REGULAR,,TMS Apartments Sea view Quy Nhơn,entire_home,False,,/ đêm,4.0,True,True,True,True,True,,,True,,False,True,True,True,,,,,,,,,,,,,,,,,,,,,,,,,,,,,,,,
782317224005337764,https://www.airbnb.com.vn/rooms/782317224005337764,Quy Nhơn,20,13.778221462643849,109.23451345413923,REGULAR,,Ngôi nhà lộng lẫy - một ngôi nhà ấm cúng và hiện đại.,entire_home,False,,/ đêm,6.0,True,True,True,True,True,True,,,True,False,,True,,True,,,,,,,,,,,,,,,,,,,,,,,,,,,,,,,
866482555838230334,https://www.airbnb.com.vn/rooms/866482555838230334,Quy Nhơn,30,13.77948,109.23444,REGULAR,,uminohi - BBnB Home Residence,entire_home,False,,/ đêm,8.0,,,,,True,,,,,False,True,True,True,True,,,,,,True,,,,,,,,,,,True,,,,,,,,,,True,,,,
694133120387269083,https://www.airbnb.com.vn/rooms/694133120387269083,Quy Nhơn,16,13.7532,109.21618,REGULAR,,FLC Sea Tower Qui Nhơn - VN,entire_home,False,,/ đêm,6.0,True,True,True,,True,True,,True,True,,,,True,,True,,,1.108,₫1.108.424,True,,,,,,,,,,,,,,,,,,,,,,,,,
882977415323298103,https://www.airbnb.com.vn/rooms/882977415323298103,Quy Nhơn,13,13.78522,109.21635,REGULAR,,"Nguyên căn, tự quản , thoải mái.",entire_home,False,,/ đêm,6.0,,True,True,True,True,,,,True,False,,True,,True,True,,,,,,,,False,,,,,,,,,,,,,,,,,,,,,,
42102740,https://www.airbnb.com.vn/rooms/42102740,Quy Nhơn ,5,14.17491,109.05425,REGULAR,,Thảo Trinh Hotel,private_room,False,,/ đêm,16.0,,,True,True,True,,,True,,False,,,,,,,,,,,,True,False,,,,,,,,,,,,,,,,,,,,,,
29809277,https://www.airbnb.com.vn/rooms/29809277,Thành phố Qui Nhơn,30,13.74646,109.21152,REGULAR,,Q house- Green Villa Quy Nhơn,entire_home,False,,/ đêm,12.0,,True,True,True,True,,,True,True,,,,,,True,"5,0",4,1.841,₫1.841.917,,,,,True,,,True,,,,,,,,,,,,,,,,,,
810784996527224966,https://www.airbnb.com.vn/rooms/810784996527224966,Quy Nhơn,23,13.7734407,109.2404925,REGULAR,,Căn hộ biển Altara Residences,entire_home,False,,/ đêm,4.0,True,True,True,True,True,True,,,,False,,,,True,,,,1.027,₫1.027.059,,,,False,True,,,,,,,,,,,,,,,,,,,,,
41657232,https://www.airbnb.com.vn/rooms/41657232,Qui Nhơn,14,13.78951,109.21904,REGULAR,,Cà phê & gia đình bản xứ Lsuong (Hoa Sen),private_room,False,,/ đêm,2.0,,True,True,,True,,,True,True,False,,,,,,"5,0",7,456.471,₫456.471,,,,False,True,,,,False,True,,,,True,,,True,3,,,,,,,,
821444346335319894,https://www.airbnb.com.vn/rooms/821444346335319894,Quy Nhơn,26,13.778695895919089,109.23478502780199,REGULAR,,Căn Hộ Cao Cấp,entire_home,False,,/ đêm,6.0,True,True,True,True,True,True,,,,False,,True,,True,,,,1.483,₫1.483.530,,,,,,,,,,,,,,,,,,,,,,,,,,
53355081,https://www.airbnb.com.vn/rooms/53355081,Thị xã An Nhơn,5,13.88396,109.11321,REGULAR,,CP | Phòng Tiêu Chuẩn có ban công (Standard),private_room,False,,/ đêm,2.0,,,True,,True,True,True,True,True,False,,,,True,,,,582.000,₫582.000,,,,,,,,,,,,,True,,,True,,,,,,,,,,
876402454669433609,https://www.airbnb.com.vn/rooms/876402454669433609,Quy Nhơn,10,13.76938,109.23227,REGULAR,,TMS Apartments Quy Nhơn 3,entire_home,False,,/ đêm,4.0,True,True,True,True,,,,True,True,False,,,,,True,,,,,True,,,,,,,,,,,,True,,,,,,,,,,,,,
653041133223147979,https://www.airbnb.com.vn/rooms/653041133223147979,Thành phố Qui Nhơn,8,13.77338,109.24106,REGULAR,,"T-studio
Căn hộ du lịch 2PN 
ở trung tâm Quy Nhơn",entire_home,False,,/ đêm,4.0,True,True,True,True,,,,True,True,False,,,True,,True,,,524.941,₫524.941,,,,,,,True,,,,,,,,,,,,,,,,,,,
825026335858996527,https://www.airbnb.com.vn/rooms/825026335858996527,Quy Nhơn,18,14.109868777459583,109.20369059751596,REGULAR,,Khách sạn Otis TMS Apartment,entire_home,False,,/ đêm,5.0,True,True,True,True,True,,,True,True,False,,,,,,,,1.426,₫1.426.471,,,,,True,,,,,,,,True,,,,,,,,,,,,,
48187519,https://www.airbnb.com.vn/rooms/48187519,Thành phố Qui Nhơn,30,13.7655,109.22841,REGULAR,,Cát Homestay Sát bãi biển Quy Nhơn,private_room,False,,/ đêm,14.0,,True,True,True,True,,,,,False,True,True,,True,,"4,4",5,2.214,₫2.214.699,,,,False,,,,,False,True,False,,,,,,,2,,,,,,,,
15848148,https://www.airbnb.com.vn/rooms/15848148,Quy Nhơn,10,13.7629951,109.2236896,REGULAR,,Ngôi nhà nhỏ trước biển,entire_home,False,,/ đêm,5.0,True,True,True,True,True,,,True,,False,,,,True,,,,,,,,,False,True,,,,,,,,,,,,,,,,,,,,,
48129294,https://www.airbnb.com.vn/rooms/48129294,Thành phố Qui Nhơn,30,13.75632,109.21496,REGULAR,,Căn hộ FLC 1 BR - Seaview Beach/Central City,entire_home,False,,/ đêm,4.0,True,True,True,True,True,,True,True,,,,True,True,,True,"5,0",8,,,,,,,,,,,,,,,,,,,,,,,,,,,,
817176305250428915,https://www.airbnb.com.vn/rooms/817176305250428915,Quy Nhơn,11,13.805830455092813,109.2202826589346,REGULAR,,"Căn hộ giá rẻ, view biển!",entire_home,False,,/ đêm,8.0,,True,True,True,True,,,True,,False,,True,,,True,,,1.129,₫1.129.765,,,,,True,,,,,,,,,,,,,,,,,,,,,
877767019856590089,https://www.airbnb.com.vn/rooms/877767019856590089,Quy Nhơn,10,13.75411,109.2157,REGULAR,,3 Bedrooms Seaview-City center,entire_home,False,,/ đêm,8.0,True,True,True,,True,True,True,True,True,,,,,True,True,,,,,,,,,,,,,,,,,,,,,,,,,,,,,,
772066056345673626,https://www.airbnb.com.vn/rooms/772066056345673626,Quy Nhơn,30,13.7734407,109.2404925,REGULAR,,Căn hộ khách sạn hướng biển,entire_home,False,,/ đêm,4.0,,True,True,True,True,True,True,True,,,,,True,True,,,,,,,,,,True,,,,,,,,,,,,,,,,,,,,,
841592680566561735,https://www.airbnb.com.vn/rooms/841592680566561735,Quy Nhon,6,13.884767509108915,109.29126970926208,REGULAR,,Phòng Comfort Deluxe Giường Đôi Nhìn ra Eo Gio,private_room,False,,/ đêm,2.0,True,,True,True,True,,,True,True,False,,True,,True,,,,576.933,₫576.933,,,,,,True,,,,,,,,,,,,,,,,,,,,
31629344,https://www.airbnb.com.vn/rooms/31629344,Thành phố Qui Nhơn,18,13.68542,109.23176,REGULAR,,Tầm nhìn ra vườn phòng đôi ngân sách,shared_room,False,,/ đêm,2.0,True,,True,,,,,,True,False,,,,True,,"4,8",10,550.000,₫550.000,True,,,False,,,,True,,,,,True,,,,,,,True,,,,,,
31835962,https://www.airbnb.com.vn/rooms/31835962,Thành phố Qui Nhơn,6,13.75542,109.21563,REGULAR,,Thiên Trang Homestay 3,private_room,False,,/ đêm,2.0,,,True,,True,,,True,True,False,,,True,,True,,,314.394,₫314.394,,,,,True,,,,,,,,,True,,,,,,,,,True,,,
49264421,https://www.airbnb.com.vn/rooms/49264421,Thành phố Qui Nhơn,23,13.7689,109.23343,REGULAR,,2PN View Biển sang trọng-1p đi bộ ra biển-Tour QN,entire_home,False,,/ đêm,4.0,True,True,True,True,True,,,True,,False,True,True,True,,,,,1.286,₫1.286.919,,,,,,,,,,,,,,,,,,,,,,,,,,
35580913,https://www.airbnb.com.vn/rooms/35580913,Phù Cát,9,14.03063,109.05057,REGULAR,,Bích Hạnh Motel - Cheap and comfortable,private_room,False,,/ đêm,4.0,,,True,,True,,True,,True,False,,,,,True,,,,,,,True,False,,,,,,,,,True,,,,,,,,,,,,,
39680407,https://www.airbnb.com.vn/rooms/39680407,Qui Nhơn,30,13.77768,109.23615,REGULAR,,BBnB Nơi CƯ TRÚ TẠI nhà (Sài Gòn),entire_home,False,,/ đêm,8.0,True,True,True,True,True,True,,True,,False,,True,,True,,"5,0",7,1.711,₫1.711.766,,,,,,,,,,,,,,,,,,,,,,,,,,
48682175,https://www.airbnb.com.vn/rooms/48682175,Thành phố Qui Nhơn,24,13.75941,109.21887,REGULAR,,FLC Sea Tower Luxury Apt- EnochNguyen,entire_home,False,,/ đêm,3.0,True,True,True,True,True,,True,True,,,,True,,True,,"4,86",7,835.910,₫835.910,,,,,True,,,,,,,,,,,,,,,,,,,,,
560131712911536989,https://www.airbnb.com.vn/rooms/560131712911536989,Thành phố Qui Nhơn,27,13.75468,109.21522,REGULAR,,FLC 3 Bed Room Luxury Apt Quy Nhon,entire_home,False,,/ đêm,10.0,,True,True,True,True,,True,True,True,,,,,,True,"5,0",3,,,True,True,,,,,,,,,,,,,,,,,,,,,,,,
53354621,https://www.airbnb.com.vn/rooms/53354621,Thị xã An Nhơn,5,13.88497,109.11464,REGULAR,,Century Palace | Phòng Tiêu Chuẩn (Standard),private_room,False,,/ đêm,2.0,,,True,True,True,True,,True,True,False,,,,True,,,,527.224,₫527.224,,True,,,,,,,,,,,True,,,,,,,,,,,,,
876478714595160085,https://www.airbnb.com.vn/rooms/876478714595160085,Quy Nhơn,8,13.77403,109.24238,REGULAR,,"Căn hộ cao cấp, full tiện ích",entire_home,False,,/ đêm,4.0,True,True,True,True,True,True,True,,,False,,,,True,,,,,,,,,,True,,,,,,,,,,,,,,,,,,,,,
862908703873862559,https://www.airbnb.com.vn/rooms/862908703873862559,Quy Nhon,13,13.877543689337239,109.29362397640944,REGULAR,,La beach house Nhơn Lý Quy Nhơn,private_room,False,,/ đêm,2.0,True,True,True,True,True,,,,,False,,True,,True,,,,,,,,,False,,,,,,,,,,,,,,,,,,,,,,
709036596774185036,https://www.airbnb.com.vn/rooms/709036596774185036,Quy Nhơn,6,13.77077,109.23226,REPRESENTATIVE,,Phòng riêng ấm cúng với tầm nhìn tuyệt đẹp ra biển,private_room,False,,/ đêm,2.0,True,True,True,,True,,,True,True,False,,True,,True,True,,,420.000,₫420.000,,,,,,,,,,,,,,,,,,,,,,,,,,
663231400651810325,https://www.airbnb.com.vn/rooms/663231400651810325,Thành phố Qui Nhơn,28,13.76952,109.23335,REGULAR,,Căn Hộ View Biển TMS Luxury Condotel Quy Nhơn,private_room,False,,/ đêm,4.0,True,True,True,True,True,,,True,,False,,True,,True,,,,699.542,₫699.542,,,,,,,,,False,True,,,,,,,True,,,,,,,,,
25474700,https://www.airbnb.com.vn/rooms/25474700,Thành phố Qui Nhơn,26,13.76199,109.20995,REGULAR,,Toàn bộ nơi có 2 phòng ngủ cho CẢ gia đình,entire_home,False,,/ đêm,6.0,,True,True,,True,,,True,True,False,,,,,True,"4,85",26,,,,,,False,True,,,,,,,True,,,,,,,,,,,,,,
832742301165730894,https://www.airbnb.com.vn/rooms/832742301165730894,Quy Nhơn,14,13.753947763685053,109.21666153439332,REGULAR,,Địa điểm riêng tại FLC Sea Tower,entire_home,False,,/ đêm,4.0,True,True,True,,True,True,,True,True,False,,,,,True,,,801.123,₫801.123,,,,,,,,,,,,,,,,,,,,,,,,,,
645518029171106649,https://www.airbnb.com.vn/rooms/645518029171106649,Thành phố Qui Nhơn,12,13.76945,109.23377,REGULAR,,Căn hộ dịch vụ có ban công view biển trực diện,entire_home,False,,/ đêm,3.0,True,True,True,True,True,True,,True,,False,,True,,,,"4,0",4,741.765,₫741.765,,,,,,,,,,,,,,,,,,,,,,,,,,
885989312118058749,https://www.airbnb.com.vn/rooms/885989312118058749,Quy Nhơn,21,13.76321,109.21906,REGULAR,,deluxe 3 người,private_room,False,,/ đêm,2.0,,True,True,True,True,True,,,True,False,,,,True,True,,,,,,,,,True,,,,,,,,,,,,,,,,,,,,,
689589333705247519,https://www.airbnb.com.vn/rooms/689589333705247519,Quy Nhơn,13,13.77329497463478,109.24113616347313,REGULAR,,Căn hộ nhìn ra biển với 02 phòng - 72m2,entire_home,False,,/ đêm,5.0,,True,True,True,True,True,True,True,,False,,True,,,,,,,,,,,,,,True,,,,,,,,,,,,,,,,,,,
870866002456735302,https://www.airbnb.com.vn/rooms/870866002456735302,Quy Nhơn,10,13.76953,109.23229,REGULAR,,Studio 1 bedroom style hoàng gia,entire_home,False,,/ đêm,4.0,True,True,True,True,True,True,,True,,,,,,True,True,,,,,,,,,True,,,,,,,,,,,,,,,,,,,,,
709048072883887708,https://www.airbnb.com.vn/rooms/709048072883887708,Quy Nhơn,9,13.7696339,109.2327242,REPRESENTATIVE,,Phòng Deluxe có ban công hướng biển ở trung tâm thành phố,private_room,False,,/ đêm,3.0,True,True,True,,True,,,True,True,False,,True,,True,True,,,530.000,₫530.000,,,,,,,,,,,,,,,,,,,,,,,,,,
804018905060602752,https://www.airbnb.com.vn/rooms/804018905060602752,An Lão,8,14.533452255311609,108.68430243596225,REGULAR,,Phòng đôi có tầm nhìn ra mặt trời mọc,private_room,False,,/ đêm,4.0,,True,True,True,True,,,,,False,,,,,True,,,992.824,₫992.824,,,,False,,,,,False,True,False,,,,,,,,,,,,,,,
48202764,https://www.airbnb.com.vn/rooms/48202764,Thành phố Qui Nhơn,15,13.7542,109.21544,REGULAR,,Căn hộ khách sạn 3pn view biển trung tâm thành phố,entire_home,False,,/ đêm,6.0,,True,True,,True,True,True,True,,False,,True,,,True,"5,0",9,,,,,,,,,,,,,,,,True,,,,,,,,,,,,
46824304,https://www.airbnb.com.vn/rooms/46824304,Phù Cát,10,14.02202,109.24815,REGULAR,,Vunam Eco Resort Quy Nhơn_Chalet,private_room,False,,/ đêm,2.0,,,True,True,True,,,True,True,False,,,,True,,,,627.647,₫627.647,,,,False,,,,,,,,,,,,,,,,True,,,,,,
43500225,https://www.airbnb.com.vn/rooms/43500225,Thành phố Qui Nhơn,8,13.77023,109.22459,REGULAR,,2 Đã chấp nhận,private_room,False,,/ đêm,2.0,True,,True,True,True,,,True,True,False,,,,,,,1,296.706,₫296.706,,,,False,True,,,,False,True,,,,,,,True,3,,,,,,,,
688851714047980666,https://www.airbnb.com.vn/rooms/688851714047980666,Quy Nhơn,30,13.7663,109.21961,REPRESENTATIVE,,Phòng suite tại Homestay Quy Nhơn độc đáo,private_room,False,,/ đêm,2.0,,True,True,True,True,True,,,True,False,,,,True,True,"4,75",4,704.060,₫704.060,,,,,True,,,,,,,,,,,,,,,,,,,,,
754985620625156938,https://www.airbnb.com.vn/rooms/754985620625156938,Quy Nhơn,12,13.77299,109.24195,REGULAR,,Căn hộ 5 sao hướng biển có 2 phòng ngủ riêng biệt,entire_home,False,,/ đêm,4.0,,True,True,True,True,True,,True,True,False,,,,,True,"5,0",3,1.483,₫1.483.530,,,,,,,,,,,,,,,,,,,,,,,,,,
725866920094560583,https://www.airbnb.com.vn/rooms/725866920094560583,Quy Nhơn,30,13.7700633,109.2328921,REGULAR,,có đô ̀ ng chủ nha ̀ Еầ n ︎ u xe ô ̀ n ︎ n phí,entire_home,False,,/ đêm,4.0,True,True,True,True,True,True,,True,,,,,,True,True,,,,,,,,,,,,,,,,,,True,,,,,,,,,,,,
788091194303744269,https://www.airbnb.com.vn/rooms/788091194303744269,Quy Nhơn,22,13.7555,109.21388,REGULAR,,Căn hộ FLC Luxury 3Room-Vtadi,entire_home,False,,/ đêm,10.0,True,True,True,True,True,True,True,True,,False,,,,True,,,,,,,,,,,,,,,,,,,,,,,,,,,,,,,
889330760707476162,https://www.airbnb.com.vn/rooms/889330760707476162,Quy Nhơn,7,13.770065,109.232887,REGULAR,,Căn hộ TMS Pullman Quy Nhơn 2522,entire_home,False,,/ đêm,4.0,,True,True,True,,,,True,True,False,,True,,,True,,,,,,,,,,,,,,,,,,,,,,,,,,,,,,
44079904,https://www.airbnb.com.vn/rooms/44079904,Thành phố Qui Nhơn,30,13.80171,109.22148,REGULAR,,Căn hộ Brown Corner - Căn H 3 PN \.,entire_home,False,,/ đêm,7.0,,True,True,True,,,,True,True,,,True,,,True,,,,,,,,,True,,,,,,,,True,True,,,,,,,,,,,,
832462292892998139,https://www.airbnb.com.vn/rooms/832462292892998139,Quy Nhơn,22,13.76977,109.23398,REGULAR,,TQ Holiday Apartment,entire_home,False,,/ đêm,5.0,,True,True,,,,,True,True,False,,True,,,,,,1.075,₫1.075.352,True,True,,,,,,,,,,,True,,,,,,,,,,,,,
48076501,https://www.airbnb.com.vn/rooms/48076501,Thành phố Qui Nhơn,15,13.77121,109.23185,REPRESENTATIVE,,Căn Hộ 2 PN View Đầm Thị Nại - TMS Quy Nhơn,entire_home,False,,/ đêm,4.0,True,True,True,,True,,,True,,False,True,True,True,,True,"4,3",10,,,,,,,,,,,,,,,,,,,,,,,,,,,,
852880301311326106,https://www.airbnb.com.vn/rooms/852880301311326106,Quy Nhơn,8,13.7857,109.21662,REGULAR,,Mama Diem - Cozy Gateway Quy Nhơn,entire_home,False,,/ đêm,6.0,,True,True,True,True,,,,True,False,,,,True,True,,,697.914,₫697.914,,,,False,,,,,,,,,,,,,,,,,,,,,,
820536828431432688,https://www.airbnb.com.vn/rooms/820536828431432688,Quy Nhon,26,13.88372,109.28972,REGULAR,,Phòng đôi - Homestay Bảo Châu Nhơn Lý Quy Nhơn,entire_home,False,,/ đêm,4.0,True,True,True,,True,,,True,,False,,True,,True,True,,,570.589,₫570.589,,,,False,,,,,,,,,,,,,,,,,,,,,,
29046758,https://www.airbnb.com.vn/rooms/29046758,Thành phố Qui Nhơn,12,13.88568,109.28637,REGULAR,,Sống cùng gia đình bản xứ Sunny Bay 2 (2 giường),private_room,False,,/ đêm,4.0,True,True,True,,True,,,True,,False,,,,,True,"4,57",7,456.471,₫456.471,,,,False,True,,,,False,False,,,,,,,True,5,,,,,,,,
657179278572471895,https://www.airbnb.com.vn/rooms/657179278572471895,Thành phố Qui Nhơn,11,13.7914,109.20333,REGULAR,,"Tiện nghi, thoải mái cho gia đình và bạn bè",entire_home,False,,/ đêm,8.0,,True,True,True,True,True,,True,True,False,,,,,True,,,1.540,₫1.540.589,,,,,,,,,,,,,,,,,,,,,,,,,,
22436996,https://www.airbnb.com.vn/rooms/22436996,Thành phố Qui Nhơn,30,13.68677,109.2301,REGULAR,,Nhà Pháo Giấy - Seaview,private_room,False,,/ đêm,2.0,,,True,,,,,,True,False,,,,,,"4,71",17,,,True,True,,False,,,,True,,,,,True,,,,,,,,,,,True,,
851145313383457320,https://www.airbnb.com.vn/rooms/851145313383457320,Quy Nhơn,12,13.78211,109.22335,REGULAR,,Căn hộ cao cấp view biển QuyNhơn,entire_home,False,,/ đêm,4.0,True,True,True,,True,True,,True,True,,True,,,True,True,,,,,,,,,,,,,,,,,,,,,,,,,,,,,,
39995353,https://www.airbnb.com.vn/rooms/39995353,,15,13.50899,109.2907,REGULAR,,Bungalow bãi biển Lucky Spot - Đại dương lung linh #2,private_room,False,,/ đêm,2.0,True,,True,,,,,,True,False,,,,,True,,,928.802,₫928.802,True,True,,False,,,,,,,,True,True,,,,,,,,,,,,,
852624702308671714,https://www.airbnb.com.vn/rooms/852624702308671714,Quy Nhơn,8,13.76942,109.23176,REGULAR,,"Căn hộ sát biển, view biển đẹp",private_room,False,,/ đêm,4.0,True,True,True,True,,True,,,,False,,True,,True,,,,,,,,,False,,,,,False,True,False,,,,,,,,,,,,,,,
45147569,https://www.airbnb.com.vn/rooms/45147569,Sông Cầu,10,13.53304,109.27986,REPRESENTATIVE,,Bungalaw sát biển 4 người,private_room,False,,/ đêm,4.0,True,,True,,True,,,True,True,,,,,,,,,2.352,₫2.352.000,True,True,,,True,,,,,,,,True,,,,,,,True,,,,,,
48073867,https://www.airbnb.com.vn/rooms/48073867,Thành phố Qui Nhơn,14,13.77068,109.23373,REPRESENTATIVE,,Studio View Biển Trực Diện - TMS Quy Nhơn,entire_home,False,,/ đêm,4.0,True,True,True,,True,,,True,,False,,True,True,,True,"4,67",3,,,,,,,,True,,,,,,,,,,,,,,,,,,,,
693890164839019677,https://www.airbnb.com.vn/rooms/693890164839019677,Quy Nhơn,23,13.75608,109.21651,REGULAR,,Căn hộ 3phòng ngủ sát biển có bể bơi FLC Sea Tower,entire_home,False,,/ đêm,10.0,True,True,True,True,,True,True,True,,False,True,,,,,,,3.081,₫3.081.178,,,,,True,,,,,,,,,,,,,,,,,,,,,
889337847570320373,https://www.airbnb.com.vn/rooms/889337847570320373,Quy Nhơn,5,13.770065,109.232887,REGULAR,,Căn hộ TMS Pullman Quy Nhơn 2003,entire_home,False,,/ đêm,4.0,,True,True,True,,,,True,True,False,,,,,True,,,,,,,,,,,,,,,,,,,,,,,,,,,,,,
681046155249959921,https://www.airbnb.com.vn/rooms/681046155249959921,Quy Nhơn,12,13.79213,109.20422,REGULAR,,Ecolife Riverside Quy Nhơn 2_link_2wc - May Homestay,entire_home,False,,/ đêm,5.0,,True,True,True,,True,,True,,False,True,,,True,True,,,1.094,₫1.094.859,,,,,,True,,,,,,,,,,,,,,,,,,,,
39309257,https://www.airbnb.com.vn/rooms/39309257,Thành phố Qui Nhơn,10,13.77486,109.22487,REGULAR,,Phòng khá riêng có ban công,private_room,False,,/ đêm,2.0,,True,True,,True,,,,True,False,,,,,,,,401.495,₫401.495,True,,,False,,,,,False,True,,,True,,,,True,,,,,,,,,
700321468692175547,https://www.airbnb.com.vn/rooms/700321468692175547,Quy Nhơn,24,13.7568,109.21026,REGULAR,,Căn nhà nhỏ xinh đẹp trong trung tâm thành phố,entire_home,False,,/ đêm,6.0,True,True,True,True,True,,,True,,False,,,,True,,,,970.000,₫970.000,,,,False,True,,,,,,,,,,,,,,,,,,,,,
643712354445229185,https://www.airbnb.com.vn/rooms/643712354445229185,Thành phố Qui Nhơn,26,13.76648,109.22683,REGULAR,,Căn phòng dễ thương cạnh biển,private_room,False,,/ đêm,2.0,True,True,True,True,True,,,True,,False,,,,True,,,,358.330,₫358.330,,,,False,True,,,,,,,,,,,,,,,,,,,,,
629894816137592585,https://www.airbnb.com.vn/rooms/629894816137592585,Qui Nhơn,30,13.77766,109.23436,REGULAR,,Nhà BBnB (Qui Nhơn),entire_home,False,,/ đêm,8.0,,True,True,True,True,True,,True,,False,True,True,,True,,"5,0",7,1.654,₫1.654.707,,,,,,,,,,,,,,,,,,,,,,,,,,
28591748,https://www.airbnb.com.vn/rooms/28591748,Thành phố Qui Nhơn,30,13.76598,109.21846,REGULAR,,"Nhà Buom, Phòng Riêng",private_room,False,,/ đêm,4.0,,True,True,,True,,,,True,,,,,,,"5,0",6,434.647,₫434.647,,True,,,,,,,False,True,,True,True,,,,True,5,,,,,True,,True,
877435676027309962,https://www.airbnb.com.vn/rooms/877435676027309962,Quy Nhơn,9,13.770065,109.232887,REGULAR,,The Peace Căn hộ TMS view biển,entire_home,False,,/ đêm,4.0,True,True,True,True,True,,,True,,False,,,,True,True,,,,,,,,False,,,,,,,,,,,,,,,,,,,,,,
25493504,https://www.airbnb.com.vn/rooms/25493504,Thành phố Qui Nhơn,12,13.76196,109.21167,REGULAR,,Phòng ngủ và bếp ngắm cảnh vườn - cách BÃI biển 5 phút,private_room,False,,/ đêm,2.0,,True,True,,True,,,True,True,False,,,,,,"4,78",9,365.177,₫365.177,,,,False,True,,,,False,True,,True,,,,,True,5,,,,,,,,
857613611430373080,https://www.airbnb.com.vn/rooms/857613611430373080,Quy Nhơn,11,13.77435,109.24083,REGULAR,,Căn hộ 1 phòng ngủ - view Biển - Altara Quy Nhơn,entire_home,False,,/ đêm,2.0,True,True,True,True,True,True,True,True,,,,,,True,True,,,,,,,,,,,,,,,,,,,,,,,,,,,,,,
770555556157020942,https://www.airbnb.com.vn/rooms/770555556157020942,Quy Nhơn,19,13.7734407,109.2404925,REGULAR,,Căn hộ view Biển AltaraRisidence,entire_home,False,,/ đêm,4.0,True,True,True,True,,True,True,True,,False,,,,True,,,,1.825,₫1.825.883,,,,,True,,,,,,,,,,,,,,,,,,,,,
858239649389948704,https://www.airbnb.com.vn/rooms/858239649389948704,Quy Nhơn,9,13.7477473,109.2122197,REGULAR,,Sohi Homestay,private_room,False,,/ đêm,2.0,,True,True,,,,,True,True,False,,,,,True,,,,,True,,,False,,True,,,False,True,,,,,,,True,,,,,,,,,
654603665225804161,https://www.airbnb.com.vn/rooms/654603665225804161,Thị xã Sông Cầu,5,13.673752159168725,109.2331663146615,REGULAR,,Tầm nhìn ra núi đôi,private_room,False,,/ đêm,2.0,,,True,True,True,True,,True,True,False,,,,,,,,,,,,True,,True,,,,,,,,,,,,,,,,True,,,,,
876680879167321044,https://www.airbnb.com.vn/rooms/876680879167321044,Quy Nhon,9,13.886490583038766,109.28700529038906,REGULAR,,Nhà Nghỉ Thành Công,private_room,False,,/ đêm,4.0,True,True,True,True,True,,,True,,False,,,,True,True,,,,,,,,False,,,,,,,,,,,,,,,,,,,,,,
730704270792329380,https://www.airbnb.com.vn/rooms/730704270792329380,Thôn Giang Nam,30,13.829176438166028,109.16115671396255,REGULAR,,Căn hộ cao cấp condotell tọa lạc trên tầng 15,entire_home,False,,/ đêm,4.0,,True,True,True,True,True,True,True,,,,,,True,True,,,1.044,₫1.044.177,,,,,,,,,,,,,,True,,,,,,,,,,,,
44436302,https://www.airbnb.com.vn/rooms/44436302,Thành phố Qui Nhơn,15,13.76219,109.2197,REGULAR,,OH FAMILY HOMESTAY QUI NHƠN - PHÒNG GIƯỜNG ĐÔI 10,private_room,False,,/ đêm,2.0,,,True,,True,,,,True,,,,,,True,"4,2",5,368.000,₫368.000,,,,,,,,,,,,True,True,,,,,,,,,,,,True,
860410085583009691,https://www.airbnb.com.vn/rooms/860410085583009691,Quy Nhơn,7,13.77347196097491,109.24020818584442,REGULAR,,Đặt phòng tại Quy Nhơn giá chỉ 300k/người,entire_home,False,,/ đêm,4.0,True,True,True,True,True,,,,,False,,True,,True,,,,1.940,₫1.940.001,,,,False,,,True,,,,,,,,,,,,,,,,,,,
599549797569177713,https://www.airbnb.com.vn/rooms/599549797569177713,Thành phố Qui Nhơn,27,13.7466,109.21176,REGULAR,,"Khách Sạn Gần Biển, Gần Quảng Trường, Phố Ẩm thực.",private_room,False,,/ đêm,2.0,,True,True,,True,,,True,True,False,,,,True,True,,,399.412,₫399.412,,,,,,,,,,,,,,,,,,,,,,,,,,
46824257,https://www.airbnb.com.vn/rooms/46824257,Phù Cát,23,14.02202,109.24815,REGULAR,,Vunam Eco Resort Quy Nhơn_Ocean Family  Pavillon,private_room,False,,/ đêm,4.0,,,True,True,True,,True,True,True,False,,,,True,,,,1.940,₫1.940.001,,,,False,True,,,,,,,,,,,,,,,,,,,,,
865543586893199334,https://www.airbnb.com.vn/rooms/865543586893199334,Quy Nhơn,7,13.77057,109.23381,REGULAR,,"Căn hộ trung tâm TP, view biển",entire_home,False,,/ đêm,4.0,True,True,True,True,True,,,True,True,False,,,,,,,,,,,,,False,,,,,,,,,,,,,,,,,,,,,,
802613774496381747,https://www.airbnb.com.vn/rooms/802613774496381747,Quy Nhơn,19,13.770065,109.232887,REGULAR,,Căn Hộ 2 PN View Biển Một Phần - TMS Quy Nhơn,entire_home,False,,/ đêm,4.0,True,True,True,,True,,,True,,False,,True,True,,True,,,807.059,₫807.059,,,,,,True,,,,,,,,,,,,,,,,,,,,
754755328142202166,https://www.airbnb.com.vn/rooms/754755328142202166,Quy Nhơn,22,13.75577,109.21493,REGULAR,,Căn hộ 2 phòng ngủ VIP 3 phòng ngủ Flc Quy Nhơn,entire_home,False,,/ đêm,10.0,,True,True,True,True,True,True,True,True,,,,,,True,,,2.054,₫2.054.119,,,,,,,,,,,,,,,,,,,,,,,,,,
657887913790722591,https://www.airbnb.com.vn/rooms/657887913790722591,Thành phố Qui Nhơn,30,13.778535043004755,109.23477564007044,REGULAR,,Căn hộ Phú Tài Residence,entire_home,False,,/ đêm,4.0,True,True,True,,,True,,True,True,,,True,,,True,"4,67",3,,,,True,,,,,,,,,,,True,,,,,,,,,,,,,
620008826280568590,https://www.airbnb.com.vn/rooms/620008826280568590,Thành phố Qui Nhơn,13,13.77456,109.24389,REGULAR,,"Căn hộ cao cấp có hồ bơi ở tầng 40,phòng tập guym",entire_home,False,,/ đêm,5.0,True,True,True,True,,True,True,True,True,,,,,,True,,,1.525,₫1.525.652,True,,,,,,,,,,,,,,,,,,,,,,,,,
22438296,https://www.airbnb.com.vn/rooms/22438296,Thành phố Qui Nhơn,30,13.68586,109.22936,REGULAR,,Hướng nhìn ra nhà - vườn hoa giấy,private_room,False,,/ đêm,2.0,,,True,,True,,,,True,False,,,,,,"4,25",12,490.706,₫490.706,,,,False,,,,,,,,,True,,,,,,,,,,,,,
17769011,https://www.airbnb.com.vn/rooms/17769011,Thành phố Qui Nhơn,21,13.76633,109.21808,REGULAR,,2 Phòng ngủ tại The Bohome I LaRose Homestay,entire_home,False,,/ đêm,8.0,,True,True,,,,,True,True,False,,,,,True,"4,85",34,,,,,,False,,,,,,,,,True,,,,,,,,,,,True,,
48019305,https://www.airbnb.com.vn/rooms/48019305,Thành phố Qui Nhơn,16,13.77036,109.23192,REGULAR,,"CỬA HÀNG SANG TRỌNG PULIMAN-TMS - HIGH FLR, TẦM NHÌN RA BIỂN",entire_home,False,,/ đêm,3.0,,True,True,True,True,True,,True,True,,,,True,,,"5,0",3,831.883,₫831.883,,True,,,,,,,,,,,True,,,,,,,,,,,,,
859358295277901441,https://www.airbnb.com.vn/rooms/859358295277901441,Hoài Nhơn,5,14.45347,109.1164,REGULAR,,cuộc sống nơi làng quê,private_room,False,,/ đêm,4.0,True,True,True,True,True,,,,,False,,,,True,,,,,,,,,False,True,,,,False,False,False,,,,,,,,,,,,,,,
671436464358582679,https://www.airbnb.com.vn/rooms/671436464358582679,Thành phố Qui Nhơn,26,13.778004716115172,109.23336471904906,REGULAR,,[Khu dân cư Phú Tài] Căn hộ 3 phòng ngủ,entire_home,False,,/ đêm,10.0,,True,True,True,True,True,,True,,False,,True,,,,,,,,,,,,True,,,,,,,,,,,,,,,,,,,,,
607476872903459539,https://www.airbnb.com.vn/rooms/607476872903459539,Thành phố Qui Nhơn,30,13.77262,109.24118,REGULAR,,ALTARA RESIDENCE QUY NHƯƠN - NHỮNG NGÔI NHÀ HƯỚNG BIỂN,entire_home,False,,/ đêm,6.0,True,True,True,True,True,True,,True,,False,,,True,,True,,,,,,,,,,,,,,,,,,,,,,,,,,,,,,
32072336,https://www.airbnb.com.vn/rooms/32072336,Binh Dinh,22,13.90769,108.91626,REGULAR,,"2 Queens, window and balcony",private_room,False,,/ đêm,4.0,,,True,,True,,,True,True,False,,,,,,,,285.294,₫285.294,,,True,False,True,,,,,,,,,,,,,,,,,,,,,
47294290,https://www.airbnb.com.vn/rooms/47294290,Thành phố Qui Nhơn,12,13.76957,109.23255,REGULAR,,Căn hộ Modern style sea view,entire_home,False,,/ đêm,2.0,True,True,True,True,True,,,True,True,False,,,,,,"5,0",3,,,True,,,,,,,,,,,True,,,,,,,,,,,,,,
35866466,https://www.airbnb.com.vn/rooms/35866466,Phù Yên,30,13.50679,109.28945,REGULAR,,Bungalow view biển sang trọng,entire_home,False,,/ đêm,2.0,,,True,,True,,,,True,False,,,,True,,,,912.942,₫912.942,True,,,,,,,True,,,,,True,,,,,,,True,,,,,,True
660686140786093956,https://www.airbnb.com.vn/rooms/660686140786093956,Thành phố Qui Nhơn,30,13.77387,109.24008,REGULAR,,ALTARA RESIDENCE QUY NHƯƠN - NHỮNG NGÔI NHÀ HƯỚNG BIỂN,entire_home,False,,/ đêm,2.0,True,True,True,True,True,True,True,True,True,,,,,,True,,,,,,,,,,,,,,,,,,,,,,,,,,,,,,
43922793,https://www.airbnb.com.vn/rooms/43922793,Thành phố Qui Nhơn,18,13.76611,109.21146,REGULAR,,Hanna hotel quy nhơn- double room,private_room,False,,/ đêm,2.0,,True,True,,True,,,True,True,False,,,,True,,,,342.353,₫342.353,,,,False,,,,,,,,,True,,,,,,,,,,,,,
24782771,https://www.airbnb.com.vn/rooms/24782771,Thành phố Qui Nhơn,30,13.77783,109.23693,REGULAR,,BEACH & BIKINI _Apartment căn hộ cao cấp,entire_home,False,,/ đêm,10.0,True,True,True,,True,,,True,,,True,,True,True,True,"4,0",3,1.846,₫1.846.859,,,,,True,,,,,,,,,,,,,,,,,,,,,
706111069198900610,https://www.airbnb.com.vn/rooms/706111069198900610,Quy Nhơn,17,13.7734407,109.2404925,REGULAR,,Căn hộ cao cấp Kennie's house Altara Quy Nhơn,entire_home,False,,/ đêm,4.0,,True,True,,True,True,,True,True,False,,,,,True,,,1.141,₫1.141.177,,True,,,,,,,,,,,True,,,,,,,,,,,,,
637173160098179848,https://www.airbnb.com.vn/rooms/637173160098179848,Thành phố Qui Nhơn,30,13.76622,109.22506,REGULAR,,Homestay Phòng Đơn Tại Bờ Biển,private_room,False,,/ đêm,2.0,True,True,True,True,True,,,True,,False,,,,True,,,,390.283,₫390.283,,,,False,True,,,,,,,,,,,,,,,,,,,,,
603273269020928469,https://www.airbnb.com.vn/rooms/603273269020928469,Thành phố Qui Nhơn,30,13.77244,109.23955,REGULAR,,Căn hộ view biển/hồ bơi Sam n Sea Altara Quy Nhơn,entire_home,False,,/ đêm,6.0,True,True,True,True,True,True,,True,,False,True,,,,,,,1.217,₫1.217.636,,,,,,,True,,,,,,,,,,,,,,,,,,,
856840345391293067,https://www.airbnb.com.vn/rooms/856840345391293067,Quy Nhơn,21,13.76957,109.23322,REGULAR,,Ấm House-Căn hộ 2 pn view biển,entire_home,False,,/ đêm,4.0,True,True,True,True,True,True,,True,,,,,True,True,,,,1.255,₫1.255.295,,,,,True,,,,,,,,,,,,,,,,,,,,,
857577096565568646,https://www.airbnb.com.vn/rooms/857577096565568646,Quy Nhơn,9,13.75464,109.21533,REGULAR,,Căn hộ FLC Luxury Beach,entire_home,False,,/ đêm,2.0,True,True,True,True,True,True,True,True,True,,,,,,True,,,912.942,₫912.942,,,,,,,,,,,,,,,,,,,,,,,,,,
746054361184600233,https://www.airbnb.com.vn/rooms/746054361184600233,Quy Nhơn,9,13.77904,109.1848,REGULAR,,The Grandpersons Homestay Full Nguyên Căn,private_room,False,,/ đêm,10.0,,True,True,True,True,,,True,,False,,,,True,,,,1.940,₫1.940.001,,,,,True,True,,True,,,,,,,,,,,,,,,,,,
36428893,https://www.airbnb.com.vn/rooms/36428893,Thành phố Qui Nhơn,9,13.75446,109.21234,REGULAR,,Phòng cổ điển nằm ở trung tâm thành phố,private_room,False,,/ đêm,2.0,,True,True,,True,,,True,True,False,,,,,True,,1,270.735,₫270.735,,,,False,,,,,False,True,,,,True,,,True,4,,,,,,,,
49348463,https://www.airbnb.com.vn/rooms/49348463,Thành phố Qui Nhơn,24,13.77101,109.23219,REGULAR,,Căn hộ 2 phòng ngủ trực biển Quy nhơn căn góc,entire_home,False,,/ đêm,4.0,True,True,True,,True,,,True,,False,True,,True,,True,"5,0",5,1.055,₫1.055.325,,,,,,,,True,,,,,,,,,,,,,,,,,,
49251078,https://www.airbnb.com.vn/rooms/49251078,Thành phố Qui Nhơn,15,13.75055,109.21097,REGULAR,,Mòng BIỂN - 100mNEAR SEA - QUY NHƠN,private_room,False,,/ đêm,4.0,,True,True,True,True,,,True,,,,,True,,True,,,513.530,₫513.530,,,,,True,,,,False,True,,,,True,,,True,,,,,,,,,
574045881057948661,https://www.airbnb.com.vn/rooms/574045881057948661,Thành phố Qui Nhơn,15,13.75593,109.21399,REGULAR,,FLC Double Luxury Apt Quy Nhon,entire_home,False,,/ đêm,2.0,,True,True,True,True,True,True,True,True,,,True,,,True,"4,86",7,911.800,₫911.800,,,,,,,,,,,,,,,,,,,,,,,,,,
854983909602988654,https://www.airbnb.com.vn/rooms/854983909602988654,Quy Nhơn,10,13.770065,109.232887,REGULAR,,Ấm House - Căn hộ tại trung tâm thành phố Quy Nhơn,entire_home,False,,/ đêm,4.0,True,True,True,True,True,True,,True,,,,,,True,True,,,1.084,₫1.084.118,,,,,True,,,,,,,,,,,,,,,,,,,,,
689540349922001932,https://www.airbnb.com.vn/rooms/689540349922001932,Quy Nhơn,16,13.77884,109.23282,REGULAR,,.,entire_home,False,,/ đêm,6.0,True,True,True,True,True,True,,True,True,,,,,,True,,,,,,,,,,,,,,,,,,,,,,,,,,,,,,
38033220,https://www.airbnb.com.vn/rooms/38033220,Thành phố Qui Nhơn,30,13.75606,109.21517,REGULAR,,BBnB Home Quy Nhơn,entire_home,False,,/ đêm,7.0,True,True,True,True,True,,,,,False,True,,,True,,"4,94",16,,,,,,False,,,,True,,,,,,,,,,,,,,,,,,
728668322336809094,https://www.airbnb.com.vn/rooms/728668322336809094,Quy Nhơn,7,13.7565255,109.2151116,REGULAR,,Căn hộ cao cấp FLC Sea Tower Quy Nhơn,private_room,False,,/ đêm,2.0,True,True,True,True,True,True,True,True,,,,,True,True,,,,798.823,₫798.823,,,,,,,,,,,,,,,,,,,,,,,,,,
659208459421763112,https://www.airbnb.com.vn/rooms/659208459421763112,Thành phố Qui Nhơn,5,13.65997,109.23095,REGULAR,,Phòng Superior 2,private_room,False,,/ đêm,2.0,,,True,True,True,True,,True,True,,,,,,True,,,912.942,₫912.942,,,,,,,,,,,,,,True,,,,,,,True,,True,,,
4107266,https://www.airbnb.com.vn/rooms/4107266,Thành phố Qui Nhơn,20,13.68481,109.23006,REPRESENTATIVE,,Phòng ba ban công nhìn ra biển ở ven biển,shared_room,False,,/ đêm,3.0,True,,True,True,,,,,True,False,,,,True,,"5,0",5,1.160,₫1.160.000,True,,,False,,,,True,,,,,True,,,,,,,,,,,,,
660710825126421706,https://www.airbnb.com.vn/rooms/660710825126421706,Thành phố Qui Nhơn,30,13.77232,109.24002,REGULAR,,ALTARA RESIDENCE QUY NHƯƠN - NHỮNG NGÔI NHÀ HƯỚNG BIỂN,entire_home,False,,/ đêm,6.0,True,True,True,True,True,True,True,True,,False,,,,,True,,,,,,,,,,,,,,,,,,,,,,,,,,,,,,
573518421723950029,https://www.airbnb.com.vn/rooms/573518421723950029,Thành phố Qui Nhơn,25,13.773441,109.240494,REGULAR,,Corner Suites 2BR có bồn tắm Altara Quy Nhơn,entire_home,False,,/ đêm,4.0,True,True,True,True,True,True,True,,,,,True,,,,,,1.400,₫1.400.000,,,,,,,,True,,,,,,,True,,,,,,,,,,,
594512773991190782,https://www.airbnb.com.vn/rooms/594512773991190782,Thành phố Qui Nhơn,19,13.77932,109.23435,REGULAR,,Home Sứa Biển Quy Nhơn,entire_home,False,,/ đêm,13.0,,True,True,True,True,,True,True,,False,,True,,,,,,1.027,₫1.027.059,,,,,,,True,,,,,,,,,,,,,,,,,,,
590734323367297367,https://www.airbnb.com.vn/rooms/590734323367297367,Thành phố Qui Nhơn,9,13.785157,109.22139,REGULAR,,"Chỗ ở yên tĩnh , có view sông",private_room,False,,/ đêm,2.0,,True,True,True,True,,,True,,False,,True,,True,,,,399.412,₫399.412,,,,,,,True,,,,,,,,,,,,,,,,,,,
890456624410567742,https://www.airbnb.com.vn/rooms/890456624410567742,Quy Nhơn,5,13.77081,109.23352,REGULAR,,Căn hộ TMSPullman Quy Nhơn 12A17,entire_home,False,,/ đêm,4.0,True,True,True,True,,,,True,True,False,,,,,True,,,,,,,,,,,True,,,,,,,,,,,,,,,,,,,
28219851,https://www.airbnb.com.vn/rooms/28219851,Hải Cảng,7,13.76961,109.24835,REGULAR,,"View see beautifull , have balcony",private_room,False,,/ đêm,2.0,,True,True,,True,,,True,True,False,,,,,True,,,455.330,₫455.330,,,,False,,,,,,,,True,,True,,,,,,,,,,,,
48076832,https://www.airbnb.com.vn/rooms/48076832,Thành phố Qui Nhơn,15,13.77077,109.23313,REPRESENTATIVE,,Căn Hộ 2 PN View Biển - TMS Quy Nhơn,entire_home,False,,/ đêm,4.0,True,True,True,,True,,,True,,False,True,,True,,True,,,,,,,,,,True,,,,,,,,,,,,,,,,,,,,
49217443,https://www.airbnb.com.vn/rooms/49217443,Thành phố Qui Nhơn,21,13.76982,109.23337,REGULAR,,TMS Quy Nhơn The MAISON House.,entire_home,False,,/ đêm,4.0,True,True,True,True,,,,True,True,False,True,,,,,"5,0",3,,,True,,,,,,,True,,,,,,,,,,,,,,,,,,
685887606451389540,https://www.airbnb.com.vn/rooms/685887606451389540,Quy Nhơn,30,13.76907,109.23351,REGULAR,,"Căn hộ TMS có ban công view biển, vị trí trung tâm",entire_home,False,,/ đêm,4.0,True,True,True,,True,,,True,True,False,True,,,,True,"5,0",3,,,True,,,,,,,,,,,,,,,,,,,,,,,,,
851236591883275668,https://www.airbnb.com.vn/rooms/851236591883275668,Quy Nhơn,30,13.77305,109.24762,REGULAR,,Căn hộ 5 sao ở Quy Nhơn,entire_home,False,,/ đêm,2.0,True,True,True,,True,True,,True,True,False,,,,True,True,,,970.000,₫970.000,,,,,,,,,,,,,,,,,,,,,,,,,,
31108870,https://www.airbnb.com.vn/rooms/31108870,Thành phố Qui Nhơn,16,13.76984,109.2227,REGULAR,,Khách sạn trung tâm quy nhơn - 2 giường đơn,private_room,False,,/ đêm,2.0,,,True,True,True,,,True,True,False,,,True,True,,"5,0",3,319.530,₫319.530,,True,,,,,,,,,,,True,,,,,,,,,,,,,
44435338,https://www.airbnb.com.vn/rooms/44435338,Thành phố Qui Nhơn,15,13.76439,109.21804,REGULAR,,GIA ĐÌNH OH HOMESTAY QUI NHƠN - PHÒNG ĐÔI 06,private_room,False,,/ đêm,2.0,,,True,,,,,,True,,,,,,True,,,368.000,₫368.000,,,,,,,,,,,,True,True,,,,,,,,,,,,True,
799511148964226625,https://www.airbnb.com.vn/rooms/799511148964226625,Quy Nhơn,29,13.77341936628588,109.240549094975,REGULAR,,Căn hộ Altara Residence,entire_home,False,,/ đêm,5.0,True,True,True,True,,True,True,True,True,,,,,True,True,,,1.483,₫1.483.530,,,,,,,,,,,,,,,,,,,,,,,,,,
47503231,https://www.airbnb.com.vn/rooms/47503231,Thành phố Qui Nhơn,30,13.76626,109.22079,REGULAR,,NTS Quy Nhơn chia sẻ 5 giường cho nhóm lớn 10 người,entire_home,False,,/ đêm,10.0,,True,True,True,True,,,True,True,,,,,,,,,2.145,₫2.145.413,,,True,,True,,,,,,,,True,,,,,,,,,,,,,
53355566,https://www.airbnb.com.vn/rooms/53355566,Thị xã An Nhơn,5,13.8831,109.11492,REGULAR,,Century Palace | Phòng Cao cấp (Deluxe),private_room,False,,/ đêm,2.0,,,True,True,True,True,,True,True,False,,,,True,,,,755.459,₫755.459,,,,,,,,,,,,,True,,,True,,,,,,,,,,
842455898092697256,https://www.airbnb.com.vn/rooms/842455898092697256,Quy Nhơn,17,13.77244,109.24124,REGULAR,,Toàn bộ Cozy 2BRs Altara Suite QN,entire_home,False,,/ đêm,6.0,True,True,True,True,True,True,,True,,,True,True,,,,,,,,,,,,,,,,,,,,,,True,,,,,,,,,,,
648316102369537431,https://www.airbnb.com.vn/rooms/648316102369537431,Thành phố Qui Nhơn,30,13.7665,109.22669,REGULAR,,"Phòng tuyệt vời tại Homestay, sát bờ biển",private_room,False,,/ đêm,2.0,True,,True,True,True,,,True,True,False,,,,True,,,,406.259,₫406.259,,,,False,True,,,,,,,,,,,,,,,,,,,,,
33078588,https://www.airbnb.com.vn/rooms/33078588,Thành phố Qui Nhơn,18,13.75493,109.21711,REGULAR,,Boho Room In The Cocoin Homestay Quy Nhơn,private_room,False,,/ đêm,2.0,True,True,True,,True,,,True,True,,,,,True,,"4,62",21,455.019,₫455.019,,,,,,True,,True,False,True,False,,,,,,,4,,,,,,,,
879916298436489132,https://www.airbnb.com.vn/rooms/879916298436489132,Quy Nhơn,16,13.7734407,109.2404925,REGULAR,,cho thuê căn hộ chuẩn khách sạn,private_room,False,,/ đêm,4.0,True,True,True,True,True,True,,,,,,,,True,,,,,,,,,,,True,True,,False,True,,,,,,,True,,,,,,,,,
20922204,https://www.airbnb.com.vn/rooms/20922204,Thành phố Qui Nhơn,26,13.78443,109.21858,REGULAR,,Gia đình bản xứ Việt Anh - Gia đình bản xứ Quy Nhơn,private_room,False,,/ đêm,16.0,,True,True,,True,,True,True,,False,,,,,,,,268.177,₫268.177,,,,False,True,,,,False,False,False,,,,,,,,True,,,,,,,
705459084235957437,https://www.airbnb.com.vn/rooms/705459084235957437,Quy Nhơn,30,13.755430054727517,109.2149902478851,REGULAR,,Căn Hộ Studio View Biển,entire_home,False,,/ đêm,4.0,True,True,True,True,True,True,True,,,,True,True,,True,,,,,,,,,,,,,,,,,,,,,,,,,,,,,,,
618676330872297580,https://www.airbnb.com.vn/rooms/618676330872297580,Thành phố Qui Nhơn,30,13.755215,109.215027,REGULAR,,Chung cư FLC Trường Minh,entire_home,False,,/ đêm,6.0,True,True,True,True,True,,True,True,,,,True,True,,,"4,33",3,1.825,₫1.825.883,,,,,,,True,,,,,,,,,,,,,,,,,,,
785060818647328733,https://www.airbnb.com.vn/rooms/785060818647328733,Quy Nhơn,20,13.755225055656178,109.21269741585354,REGULAR,,Phòng cổ điển tốt nhất với tầm nhìn ra biển - Quuy Nhơn,private_room,False,,/ đêm,2.0,True,,True,True,True,True,True,True,,,,True,,True,,,,2.054,₫2.054.119,,,,,,True,,,,,,,,,,,,,,,,,,,,
48215678,https://www.airbnb.com.vn/rooms/48215678,Qui Nhơn,8,13.75422,109.21626,REGULAR,,"FLC SEA TOWER QUY NHƠN CENTER, STUDIO SEAVIEW,45M2",entire_home,False,,/ đêm,2.0,True,True,True,True,True,True,,True,,False,,,True,,True,"4,5",6,855.883,₫855.883,,,,,,,,,,,,,,,,,,,,,,,,,,
826405380136916076,https://www.airbnb.com.vn/rooms/826405380136916076,Quy Nhơn,7,13.77030242379439,109.23329030497077,REGULAR,,Căn hộ 2 phòng view biển 1717,entire_home,False,,/ đêm,5.0,,True,True,True,True,,,True,True,False,,,,True,True,,,,,,,,,,,,,,,,,True,,,,,,,,,,,,,
779886149222400212,https://www.airbnb.com.vn/rooms/779886149222400212,Quy Nhơn,29,13.7700155,109.232768,REGULAR,,TMS Pullman Quy Nhơn 288,entire_home,False,,/ đêm,4.0,True,True,True,True,True,True,,,,False,True,,,True,,,,700.683,₫700.683,,,,,,,True,,,,,,,,,,,,,,,,,,,
720076442080382496,https://www.airbnb.com.vn/rooms/720076442080382496,Quy Nhơn,16,13.77446,109.23219,REGULAR,,Phòng đôi có 2 gường,private_room,False,,/ đêm,4.0,,,True,True,True,,,True,True,False,,,True,True,,,,433.647,₫433.647,,,,,,,,,,,,,True,,,True,,,,,,,,,,
39375718,https://www.airbnb.com.vn/rooms/39375718,Thành phố Qui Nhơn,30,13.76043,109.2151,REGULAR,,An Lạc Homestay Quy Nhơn_Phòng Đơn,private_room,False,,/ đêm,2.0,,True,True,,True,,,True,True,False,,,,,True,,,296.706,₫296.706,,,,False,,,,True,False,False,,,,,,,True,,,,,,,,,
677839215607044454,https://www.airbnb.com.vn/rooms/677839215607044454,Thành phố Qui Nhơn,9,13.76889,109.23339,REGULAR,,"CĂN HỘ DU LỊCH CAO CẤP, SANG TRỌNG TẠI QUY NHƠN",entire_home,False,,/ đêm,4.0,True,True,True,True,,,,True,True,False,,,,,True,,,,,True,True,,,,,,,,,,,,,,,,,,,,,,,,
648776598255362712,https://www.airbnb.com.vn/rooms/648776598255362712,Thành phố Qui Nhơn,13,13.7667581,109.2229165,REGULAR,,HNK's Homestay Quy Nhơn thân thiện và tiện nghi,entire_home,False,,/ đêm,9.0,,True,True,True,True,,,True,,False,,,,True,True,,,1.124,₫1.124.824,,,,False,,,,True,,,,,,,,,,,,,,,,,,
29046853,https://www.airbnb.com.vn/rooms/29046853,Thành phố Qui Nhơn,12,13.88761,109.28762,REGULAR,,Sống cùng gia đình bản xứ Sunny Bay 4 (2 giường),private_room,False,,/ đêm,4.0,,True,True,,True,,,True,True,False,,,,,True,,1,,,,,,False,True,,,,False,False,,,,,,,True,5,,,,,,,,
31673344,https://www.airbnb.com.vn/rooms/31673344,Thành phố Qui Nhơn,13,13.79323,109.21285,REGULAR,,2B-Studio cho gia đình 4 người,private_room,False,,/ đêm,5.0,,True,True,,True,,,True,True,False,,,,,True,,1,,,,,,False,,,,True,True,True,False,,,,,,,8,,,,,,,,
714839360627757844,https://www.airbnb.com.vn/rooms/714839360627757844,Quy Nhơn,12,13.7700633,109.2328921,REGULAR,,Căn hộ 2 phòng ngủ TMS Pullman có tầm nhìn ra biển,entire_home,False,,/ đêm,4.0,True,True,True,True,True,,,True,True,False,,True,,,True,,,,,,,,,,,,,,,,,,,,,,,,,,,,,,
48432205,https://www.airbnb.com.vn/rooms/48432205,Thành phố Qui Nhơn,17,13.75568,109.21543,REGULAR,,Căn hộ Q House - FLC Sea Tower Quy Nhơn Floor22,entire_home,False,,/ đêm,4.0,True,True,True,True,True,True,True,,,,True,True,,True,,"4,83",6,798.025,₫798.025,,,,,,,,,,,,,,,,,,,,,,,,,,
46824463,https://www.airbnb.com.vn/rooms/46824463,Phù Cát,24,14.02202,109.24815,REGULAR,,Vunam Eco Resort Quy Nhơn_Premier Family Pavillon,private_room,False,,/ đêm,4.0,,,True,True,True,,True,True,True,False,,,,True,,,,2.510,₫2.510.589,,,,False,,,,,,,,,True,,,,,,,,,,,,,
854065843538679928,https://www.airbnb.com.vn/rooms/854065843538679928,Quy Nhơn,15,13.7734407,109.2404925,REGULAR,,Căn hộ view biển Quy Nhơn,entire_home,False,,/ đêm,4.0,True,True,True,,True,True,,True,True,,,,,True,True,,,1.540,₫1.540.589,,,,,,,,,,,,,,,,,,,,,,,,,,
631620869381743350,https://www.airbnb.com.vn/rooms/631620869381743350,Phước Thành,8,13.74656,109.09592,REGULAR,,Ngôi nhà hạnh phúc ở thành phố Quy Nhơn,private_room,False,,/ đêm,4.0,,True,True,True,True,,,,,False,,,,True,,,,,,,,,False,,,,True,False,False,False,,,,,,,,,,,,,,,
863348590713820443,https://www.airbnb.com.vn/rooms/863348590713820443,Quy Nhơn,20,13.7551373,109.2148245,REGULAR,,FLC Seatower Quy Nhơn Apartment,entire_home,False,,/ đêm,4.0,True,True,True,True,True,True,True,True,,False,,,True,,,,,1.027,₫1.027.059,,,,,,,,,,,,,,,,,,,,,,,,,,
20277432,https://www.airbnb.com.vn/rooms/20277432,Thành phố Qui Nhơn,4,13.76944,109.21607,REGULAR,,Phòng riêng cho gia đình bản xứ Rỗng bên trong quán cà phê nổi tiếng,private_room,False,,/ đêm,2.0,,True,True,,True,,,True,True,False,,,,,True,"5,0",8,319.530,₫319.530,,,,False,True,,,,False,True,False,,,,,,,6,,,,,,,,
722791994770705705,https://www.airbnb.com.vn/rooms/722791994770705705,Quy Nhơn,6,13.75517,109.21682,REGULAR,,Căn hộ FLC Sea Tower cho 2-4 người,entire_home,False,,/ đêm,4.0,,True,True,True,True,,True,True,True,False,,,,,True,,,798.824,₫798.824,,,,,,,,,,,,,,,,,,,,,,,,,,
49181341,https://www.airbnb.com.vn/rooms/49181341,Thành phố Qui Nhơn,11,13.75581,109.2153,REGULAR,,Phòng ở tại Cocoin Homestay Quy Nhơn,private_room,False,,/ đêm,2.0,,,True,,True,,,True,True,,,,,True,,"3,67",3,347.972,₫347.972,,,,,,,,,False,False,,True,True,,,,True,2,,,,,,,True,
46823644,https://www.airbnb.com.vn/rooms/46823644,Phù Cát,17,14.02202,109.24815,REGULAR,,Vunam Eco Resort Quy Nhơn_Ocean Pavillon,private_room,False,,/ đêm,2.0,,,True,True,True,,True,True,True,False,,,,True,,,,1.483,₫1.483.530,,,,,,,,,,,,,True,,,,,,,True,,,,,,
817807559948103819,https://www.airbnb.com.vn/rooms/817807559948103819,Quy Nhơn,5,13.95,109.24166,REGULAR,,Phòng Cô Ba,private_room,False,,/ đêm,,True,True,True,True,True,,,True,,False,,,,,True,,,330.941,₫330.941,,,,False,,,,,False,True,,,,,,,True,,,,,,,,,
46127024,https://www.airbnb.com.vn/rooms/46127024,Thành phố Qui Nhơn,17,13.69339,109.22191,REPRESENTATIVE,,LongHillBaiXep Resort & Spa - Bungalow hướng rừng,entire_home,False,,/ đêm,2.0,,True,True,,True,,,True,True,False,,,,,,,,1.600,₫1.600.000,,True,,False,,,,,,,,,True,,,,,,,True,,,,,,
49381751,https://www.airbnb.com.vn/rooms/49381751,Thành phố Qui Nhơn,12,13.75488,109.2156,REGULAR,,VIP LUXURY TWIN  FLC  APARTMENT QUY NHON,entire_home,False,,/ đêm,4.0,,True,True,True,True,True,True,True,,,,True,True,,True,"5,0",4,855.883,₫855.883,,,,,,,,,,,,,,,,,,,,,,,,,,
47739132,https://www.airbnb.com.vn/rooms/47739132,Thành phố Qui Nhơn,30,13.76452,109.22063,REGULAR,,Căn hộ 1pn siêu đẹp tại trung tâm Quy Nhơn,entire_home,False,,/ đêm,1.0,,True,True,True,True,,,True,True,,,,,,,,,557.546,₫557.546,,,True,,True,,,,,,,,True,,,,,,,,,,,,,
21086403,https://www.airbnb.com.vn/rooms/21086403,Thành phố Qui Nhơn,15,13.76577,109.22505,REGULAR,,Nhà Mini NGỌC QUÝ 101,private_room,False,,/ đêm,2.0,True,True,True,,True,,,True,True,,,,True,,True,"5,0",10,485.087,₫485.087,,,,,,,,,,,,,,True,,,,,,,,,True,,,
863236599607050294,https://www.airbnb.com.vn/rooms/863236599607050294,Quy Nhơn,10,13.75491,109.21431,REGULAR,,Mint House Quy Nhơn City,entire_home,False,,/ đêm,4.0,True,,True,,,,True,True,True,False,,,,,True,,,,,True,True,True,,,,,,,,,,,,,,,,,,,,,,,
825710977565492948,https://www.airbnb.com.vn/rooms/825710977565492948,Quy Nhơn,7,13.945824185674049,109.06254695105427,REGULAR,,Căn hộ 2PN TMS Quy Nhơn,entire_home,False,,/ đêm,4.0,,True,True,True,True,,,True,True,False,,,,,True,,,1.255,₫1.255.295,,,,,,,,,,,,,,,,,,,,,,,,,,
625670412727528808,https://www.airbnb.com.vn/rooms/625670412727528808,Thành phố Qui Nhơn,11,13.77066,109.23196,REGULAR,,Căn hộ Seaview sang trọng ở trung tâm Quy Nhơn,entire_home,False,,/ đêm,2.0,,True,True,True,True,,,True,True,False,,,,,True,"4,43",7,1.073,₫1.073.277,,,,,,,,,,,,,,,,,,,,,,,,,,
40162301,https://www.airbnb.com.vn/rooms/40162301,Sông Cầu,19,13.50894,109.29031,REGULAR,,Bungalow bãi biển Lucky Spot - Happy View #2,private_room,False,,/ đêm,2.0,True,,True,,True,,,,True,False,,,,,True,,,812.671,₫812.671,True,,,False,,,,,,,,True,True,,,,,,,,,,,,,
711299753921602648,https://www.airbnb.com.vn/rooms/711299753921602648,Quy Nhơn,10,13.7700633,109.2328921,REGULAR,,Căn hộ 2 Phòng view biển 60m2 Full đồ,private_room,False,,/ đêm,4.0,True,True,True,True,True,,,True,True,False,,,,,True,,,,,True,,,,,,,,,,,,,,,,,,,,,,,,,
700315858268819826,https://www.airbnb.com.vn/rooms/700315858268819826,Quy Nhơn,22,13.75718,109.21233,REGULAR,,Căn nhà nhỏ xinh đẹp trong trung tâm thành phố,entire_home,False,,/ đêm,4.0,True,True,True,True,True,,,True,,False,,,,True,,,,855.883,₫855.883,,,,False,True,,,,,,,,,,,,,,,,,,,,,
34259479,https://www.airbnb.com.vn/rooms/34259479,Thành phố Qui Nhơn,20,13.72338,109.21323,REGULAR,,Nhà riêng ở thung lũng Quy Hòa,entire_home,False,,/ đêm,2.0,True,True,True,,True,True,,,True,False,,,,,True,,,570.589,₫570.589,,,,False,True,,,,,,,,,,,,,,,,,,,,,
32076292,https://www.airbnb.com.vn/rooms/32076292,,10,13.90946,108.91691,REGULAR,,6 bunk beds,shared_room,False,,/ đêm,6.0,,,True,,True,,,True,True,False,,,,,,,,297.517,₫297.517,,,,False,,,,,,,,,,,,,,,,,,,,,,
48076092,https://www.airbnb.com.vn/rooms/48076092,Thành phố Qui Nhơn,15,13.77044,109.23321,REPRESENTATIVE,,Căn Hộ Góc 2 PN View Biển - TMS Quy Nhơn,entire_home,False,,/ đêm,4.0,True,True,True,,True,,,True,,False,True,,True,,True,,,,,,,,,,True,,,,,,,,,,,,,,,,,,,,
819280926471484740,https://www.airbnb.com.vn/rooms/819280926471484740,Quy Nhơn,8,13.765525648904678,109.22495784175335,REGULAR,,Homestay Dramatics Retreat,private_room,False,,/ đêm,12.0,True,True,True,,,,,,True,False,,,,True,True,,,285.294,₫285.294,,True,,,,,,True,False,True,False,,,,,,,,,,,,,,,
660702577541499963,https://www.airbnb.com.vn/rooms/660702577541499963,Thành phố Qui Nhơn,30,13.7728,109.24025,REGULAR,,ALTARA RESIDENCE QUY NHƯƠN- NHỮNG NGÔI NHÀ HƯỚNG BIỂN,entire_home,False,,/ đêm,6.0,True,True,True,True,True,True,True,True,,False,,,,,True,,,,,,,,,,,,,,,,,,,,,,,,,,,,,,
701186227724467397,https://www.airbnb.com.vn/rooms/701186227724467397,Quy Nhơn,26,13.77311,109.241,REGULAR,,Altara QuyNhon - Căn hộ Hạng Sang với hồ bơi đáng yêu,entire_home,False,,/ đêm,4.0,True,True,True,True,True,True,,True,,False,,,,,True,,,,,,,,,,,True,,,,,,,,,,,,,,,,,,,
835772195494276670,https://www.airbnb.com.vn/rooms/835772195494276670,Quy Nhơn,11,13.7719924,109.2318324,REGULAR,,"Phòng 1 giường đôi, Aloha Hotel",private_room,False,,/ đêm,2.0,,,True,True,True,,True,True,True,False,,,True,,,,,411.765,₫411.765,,,,,,,,,,,,,True,,,,,,,,,,,,,
