room_id,url,city,contextualPicturesCount,lat,long,listingObjType,pdpUrlType,name,roomTypeCategory,canInstantBook,weeklyPriceFactor,structuredStayDisplayPrice,price,price_full,maxGuestCapacity,SYSTEM_VIEW_CITY,SYSTEM_COOKING_BASICS,SYSTEM_WI_FI,SYSTEM_WORKSPACE,SYSTEM_POOL,SYSTEM_TV,SYSTEM_WASHER,SYSTEM_SNOWFLAKE,SYSTEM_PATIO_BALCONY,SYSTEM_NO_DETECTOR_CO2,isSuperHost,isVerified,SYSTEM_EV_CHARGER,SYSTEM_SURVEILLANCE,SYSTEM_NO_LOCK_ON_DOOR,rating,reviewCount,SYSTEM_MAPS_CAR_RENTAL,SYSTEM_ELEVATOR,SYSTEM_DRYER,SYSTEM_LUGGAGE_DROP,SYSTEM_PETS,SYSTEM_NO_DETECTOR_SMOKE,yearHosting,SYSTEM_LOCK_ON_DOOR,SYSTEM_HAIRDRYER,SYSTEM_SMOKING_ALLOWED,SYSTEM_REFRIGERATOR,SYSTEM_FLOWER,SYSTEM_BEACH,SYSTEM_FIREPLACE,SYSTEM_JACUZZI,SYSTEM_VIEW_OCEAN,SYSTEM_BATHTUB,SYSTEM_CALENDAR,SYSTEM_MAPS_RESORT,SYSTEM_MICROWAVE,SYSTEM_MAPS_BAR,SYSTEM_PIANO,SYSTEM_BREAKFAST,SYSTEM_SAUNA,SYSTEM_BOAT_SAIL,SYSTEM_CRIB,SYSTEM_FIREPIT,SYSTEM_GYM
657654499537196302,https://www.airbnb.com.vn/rooms/657654499537196302,Thành phố Thủ Dầu Một,23,10.9705286,106.666976,REGULAR,,Căn hộ 2 phòng ngủ đáng yêu của Hoa có hồ bơi,entire_home,False,,/ đêm,1.027,₫1.027.059,4.0,True,True,True,True,True,True,True,True,True,False,,,,,,,,,,,,,,,,,,,,,,,,,,,,,,,,,,,
873050062795655429,https://www.airbnb.com.vn/rooms/873050062795655429,Thành phố Thủ Dầu Một,20,10.985604940947765,106.66746139526367,REGULAR,,Chung Cư Cao Cấp BiCoSin Tower !,private_room,False,,/ đêm,746.471,₫746.471,4.0,True,True,True,True,True,True,,,,False,False,True,True,True,False,,,,,,,,,,,,,,,,,,,,,,,,,,,,,,
44511763,https://www.airbnb.com.vn/rooms/44511763,Thành phố Thủ Dầu Một,11,10.971623,106.664787,REGULAR,,"Căn hộ Studio không tì vết nằm ở trung tâm, Bình Dương",entire_home,False,,/ đêm,901.530,₫901.530,2.0,,,True,True,,True,True,True,,,,,,True,,"4,72",29,True,True,True,True,,,,,,,,,,,,,,,,,,,,,,,,
850938488747018956,https://www.airbnb.com.vn/rooms/850938488747018956,Thành phố Thủ Dầu Một,11,11.0734,106.68168,REGULAR,,The View Midori: Căn hộ 3 phòng ngủ,entire_home,False,,/ đêm,1.312,₫1.312.354,6.0,,True,True,True,True,True,,,,False,,,,True,,,,True,,,,True,False,,,,,,,,,,,,,,,,,,,,,,
41278728,https://www.airbnb.com.vn/rooms/41278728,Thành phố Thủ Dầu Một,16,10.9723,106.66429,REGULAR,,"Coffee Condo w View, great location, Becamex",entire_home,False,,/ đêm,1.015,₫1.015.648,2.0,True,,True,True,,True,True,True,,,,,,,,"4,87",31,True,True,True,True,,,,,,,,,,,,,,,,,,,,,,,,
53500694,https://www.airbnb.com.vn/rooms/53500694,Thành phố Thủ Dầu Một,25,10.96803,106.67551,REGULAR,,Căn hộ view đẹp đủ tiện nghi,private_room,False,,/ đêm,,,2.0,True,True,True,True,,True,True,True,,,False,True,,True,,,2,,True,,,,,1,True,,,,,,,,,,,,,,,,,,,,
698971341468853164,https://www.airbnb.com.vn/rooms/698971341468853164,Thành phố Thủ Dầu Một,9,10.96823,106.67379,REGULAR,,Bright Suite | Trung tâm Bình Dương | Quang cảnh thành phố,private_room,False,,/ đêm,529.586,₫529.586,2.0,,,True,,,True,,True,True,False,,,,,,,,True,True,,True,,,,,True,True,,,,,,,,,,,,,,,,,,
817717938576178559,https://www.airbnb.com.vn/rooms/817717938576178559,Quận 1,5,11.13372,106.47064,REGULAR,,Room with bathtub on 2nd floor,private_room,False,,/ đêm,610.471,₫610.471,2.0,,True,True,,,True,,True,True,False,,,,True,,,,,,,,,False,,,,,True,,,,,,,,,,,,,,,,,
43134961,https://www.airbnb.com.vn/rooms/43134961,Thành phố Thủ Dầu Một,15,11.05809,106.67441,REGULAR,,Pizzpart- Thành phố mới Bình Dương Thơm,entire_home,False,,/ đêm,438.178,₫438.178,4.0,,True,True,True,,True,True,True,True,,,,,,,"5,0",5,,True,True,,True,,,,,,,,,,,,,,,,,,,,,,,
638775340091986650,https://www.airbnb.com.vn/rooms/638775340091986650,Dĩ An,30,10.90683,106.75407,REGULAR,,Căn hộ cao cấp BconsGarden B07 cho 2 người+ hồ bơi đẹp,entire_home,False,,/ đêm,524.941,₫524.941,2.0,,True,True,,True,True,,True,,,,,,,,,,True,True,,True,,,,,True,,True,,,,,,,,,,,,,,,,,
45183029,https://www.airbnb.com.vn/rooms/45183029,Thành phố Thủ Dầu Một,30,11.07188,106.68279,REGULAR,,Căn hộ The View Midori: 2 phòng ngủ cạnh VSIP II,entire_home,False,,/ đêm,,,4.0,,True,True,True,True,True,True,,,,,,,,,"4,88",17,True,True,,,True,,,,,,,True,,,,,,,,,,,,,,,,
884238177431570301,https://www.airbnb.com.vn/rooms/884238177431570301,Quận 9,28,10.86504,106.83717,REGULAR,,Căn hộ Khu đô thị Vinhomes Grand Park,entire_home,False,,/ đêm,,,3.0,,True,True,True,True,True,,,,,,,True,True,,,,,True,,,True,,,,,,,,True,,,,,,,,,,,,,,,
40209582,https://www.airbnb.com.vn/rooms/40209582,Thành phố Thủ Dầu Một,20,10.972295761108398,106.66429138183594,REGULAR,,"Matcha Balcony 1BR Apt, great location, Becamex",entire_home,False,,/ đêm,947.177,₫947.177,2.0,,,True,True,,True,True,True,,,,,,,,"4,83",18,True,True,True,True,,,,,,,,,,True,,,,,,,,,,,,,,
821486825817839734,https://www.airbnb.com.vn/rooms/821486825817839734,Thành phố Thủ Dầu Một,21,10.96491,106.68689,REGULAR,,Căn hộ Ductai* Hồ bơi* Tầng cao*tầm nhìn dẹp.,entire_home,False,,/ đêm,808.291,₫808.291,2.0,True,True,True,,True,True,True,True,,False,,,,,,,,,True,,,,,,,,,,True,,,,,,,,,,,,,,,,
716225498609779317,https://www.airbnb.com.vn/rooms/716225498609779317,Củ Chi,30,11.0227888,106.5467267,REGULAR,,Cherry Room - Vườn Nhà Ngoại Garden Homestay,private_room,False,,/ đêm,445.059,₫445.059,2.0,,True,True,True,,True,True,,,False,False,True,,,,,2,True,,,,True,False,6,True,,,,,,,,,,,,,,,,,,,,
39846167,https://www.airbnb.com.vn/rooms/39846167,Thành phố Thủ Dầu Một,18,10.972296,106.664291,REGULAR,,✯ Ban công phòng thu Milktea/Quang cảnh thành phố/Becamex✯,entire_home,False,,/ đêm,,,3.0,,True,True,,,True,True,True,True,,,,,True,,"5,0",11,True,True,True,,,,,,,,,,,,,,,,,,,,,,,,,
889733383793966764,https://www.airbnb.com.vn/rooms/889733383793966764,Thành phố Tân Uyên,15,11.00357,106.73114,REGULAR,,Khu nhà ở cao cấp,entire_home,False,,/ đêm,1.476,₫1.476.140,7.0,,True,True,True,True,,,,,False,,,,True,,,,True,,,,True,False,,,,,,,,,True,,,,,,,,,,,,,
632129390150812581,https://www.airbnb.com.vn/rooms/632129390150812581,Thành phố Thủ Dầu Một,16,10.970396,106.667297,REGULAR,,CompassOne - Căn hộ cao cấp sang trọng Phòng tập thể dục và Hồ bơi miễn phí.,entire_home,False,,/ đêm,1.307,₫1.307.882,4.0,True,True,True,True,True,True,True,True,,,,,,,,"4,43",7,True,,True,,,,,,,,,,,,,,,,,,,,,,,,,
662913555278609052,https://www.airbnb.com.vn/rooms/662913555278609052,Thành phố Thủ Dầu Một,16,10.967635737037549,106.6742779,REGULAR,,Phòng suite ấm cúng Trung tâm Bình Dương với tầm nhìn ra thành phố,private_room,False,,/ đêm,,,2.0,,,True,,,True,,True,,False,,,,,,"3,83",6,True,True,,True,,False,,,True,True,,,,,,,,,,,,,,,,,,
716509166207704535,https://www.airbnb.com.vn/rooms/716509166207704535,Dĩ An,10,10.9074414,106.7422877,REGULAR,,Căn hộ cao cấp đáng yêu 5,entire_home,False,,/ đêm,,,2.0,,True,True,True,True,True,True,,,False,,,True,,,"4,8",5,True,,,,,,,,,,,True,,,,,,,,,,,,,,,,
48049902,https://www.airbnb.com.vn/rooms/48049902,Thành phố Thủ Dầu Một,22,10.97169,106.66743,REGULAR,,Căn hộ ấm cúng mới @CompassOne w Ban côngvà khung cảnh thú vị,entire_home,False,,/ đêm,1.315,₫1.315.742,4.0,,True,True,True,True,True,,,,False,,,,,,"4,86",14,True,,,,,,,,,,,True,,,True,,,,,,,,,,,,,
859226058517306728,https://www.airbnb.com.vn/rooms/859226058517306728,Thủ Đức,20,10.86612,106.76006,REGULAR,,"Opal Boulevard - Căn hộ tiện nghi, giá rẻ",entire_home,False,,/ đêm,,,4.0,,True,True,True,True,True,True,,,,,,,True,,,,,True,True,,,,,,,,,,,,,True,,,,,,,,,,,,
885118102654697550,https://www.airbnb.com.vn/rooms/885118102654697550,Thủ Đức,9,10.88797,106.8343,REGULAR,,F15 Comfortable vacation home,entire_home,False,,/ đêm,,,4.0,,True,True,True,True,True,True,True,True,False,,,,,,,,,,,,,,,,,,True,,,,,,,,,,,,,,,,,
859122267963108098,https://www.airbnb.com.vn/rooms/859122267963108098,Phú Mỹ Hưng,5,11.13059,106.47927,REGULAR,,Căn hộ dịch vụ tại Phú Mỹ Hưng,entire_home,False,,/ đêm,,,2.0,,,True,True,,True,True,True,,False,,,,True,,,,True,,,,,False,,,,,,,,,,,,,,,,,,,,,,
661960824270605440,https://www.airbnb.com.vn/rooms/661960824270605440,Phạm Văn Cội,14,11.039857064003314,106.53075691312551,REGULAR,,Phòng cao cấp view ban công tại Chợ Phạm Văn Cội,private_room,False,,/ đêm,513.970,₫513.970,2.0,True,True,True,True,,,True,,,False,False,True,,True,,,,True,,,,,False,,True,,,,,,,,,,,,,,,,,,,,
882988469619601385,https://www.airbnb.com.vn/rooms/882988469619601385,Quận 7,30,11.290795,106.53272,REGULAR,,2 bedroom luxury apartment with swimming pool,entire_home,False,,/ đêm,,,6.0,,True,True,True,True,True,,,,False,,,,True,,,,True,,,,True,False,,,,,,,,,,,,,,,,,,,,,,
843174246889679716,https://www.airbnb.com.vn/rooms/843174246889679716,Thành phố Thủ Dầu Một,15,10.967825698596819,106.67425544232789,REGULAR,,Phòng tắm lãng mạn | Tầm nhìn ra thành phố | Thủ Dầu Một,private_room,False,,/ đêm,764.132,₫764.132,2.0,,,True,True,,True,,True,,,,,,,,,,True,True,,True,,,,,True,,,,,,,,True,True,,,,,,,,,,
892540842302756017,https://www.airbnb.com.vn/rooms/892540842302756017,Thành phố Thủ Dầu Một,19,10.985145141616083,106.66744329035282,REGULAR,,Căn Hộ Cao Cấp BiCoSin Tower!,private_room,False,,/ đêm,,,2.0,,True,True,,True,True,True,True,,False,,,,True,,,,True,,,,,,,,,,,,,,,,,,,,,,,,,,,
28415480,https://www.airbnb.com.vn/rooms/28415480,Thị xã Thuận An,19,10.92357,106.71416,REGULAR,,Habitat Apartment-A2-03-07- Hậu 0903146699,entire_home,False,,/ đêm,952.824,₫952.824,4.0,,True,True,True,True,True,True,True,,,,,,,,"4,5",4,,True,,,,,,,True,,,True,,,,,,,,,,,,,,,,
752415294539508038,https://www.airbnb.com.vn/rooms/752415294539508038,,23,10.908692760067929,106.741899103299,REGULAR,,"Luxury 2 King BD, 2WC, Hồ bơi, Thành phố Dĩ An",entire_home,False,,/ đêm,819.139,₫819.139,4.0,True,True,True,True,True,True,True,,,False,,,,True,,"5,0",3,,,,,,,,,,,,True,,,,,,,,,,,,,,,,
882271820873064465,https://www.airbnb.com.vn/rooms/882271820873064465,Dĩ An,6,10.88791,106.78044,REGULAR,,Apartment green view,entire_home,False,,/ đêm,,,4.0,,True,True,True,True,True,,True,,False,,,,,,,,,,,,,False,,,,,,,,,,,,,,,,,,,,,,
804787889243492730,https://www.airbnb.com.vn/rooms/804787889243492730,Bình Thạnh,24,11.41779,106.68698,REGULAR,,"Căn hộ 3 phòng ngủ, tầm nhìn ra sông Vinhomes Landmark 81",entire_home,False,,/ đêm,,,6.0,,True,True,True,True,True,True,True,True,,,,True,,,,,,,,,,,,,,,,True,,,,,,,,,,,,,,,,
33668967,https://www.airbnb.com.vn/rooms/33668967,Thành phố Thủ Dầu Một,10,10.97314,106.6653,REGULAR,,Living becamex center,entire_home,False,,/ đêm,684.706,₫684.706,2.0,,True,True,True,,True,True,True,,False,,,,,,,,,,True,,True,False,,,,,,,,,,,,,,,,,,,,,,
716826868194956528,https://www.airbnb.com.vn/rooms/716826868194956528,Dĩ An,18,10.87629,106.75055,REGULAR,,Căn hộ Pallet,entire_home,False,,/ đêm,750.000,₫750.000,4.0,True,True,True,True,True,,,True,,False,,,True,True,,"5,0",5,True,,,,,,,,,,,,,,,,,,,,,,,,,,,
757645628590508029,https://www.airbnb.com.vn/rooms/757645628590508029,Thành phố Thủ Dầu Một,30,10.995561645195663,106.66604558340056,REGULAR,,Phòng nghỉ dưỡng tách biệt giữa lòng thành phố,private_room,False,,/ đêm,1.690,₫1.690.354,2.0,,True,True,True,,,,,,False,,,,,,"5,0",5,True,,,,True,False,,,,,,True,,,True,True,,,,,,,,,,,,
883776434172525173,https://www.airbnb.com.vn/rooms/883776434172525173,Quận 7,30,11.290795,106.53272,REGULAR,,Luxury 2 bedroom apartment with infinity pool view,entire_home,False,,/ đêm,,,5.0,,True,True,True,True,True,,,,False,,,,True,,,,True,,,,True,False,,,,,,,,,,,,,,,,,,,,,,
40354533,https://www.airbnb.com.vn/rooms/40354533,Thành phố Thủ Dầu Một,15,10.97208,106.66488,REGULAR,,✰Ban công Oasis✰ HIỆN ĐẠI/Quán cà phê/TRUNG TÂM THÀNH PHỐ✰,entire_home,False,,/ đêm,970.000,₫970.000,3.0,,True,True,,,True,True,True,,,,,,True,,,,True,True,True,,True,,,,,,,,,,,,,,,,,,,,,,,
681998811820291835,https://www.airbnb.com.vn/rooms/681998811820291835,Dĩ An,30,10.907427498726253,106.74235829465259,REGULAR,,Lovely Luxury Apartment,entire_home,False,,/ đêm,922.207,₫922.207,4.0,True,True,True,True,True,True,,,,False,,,,,,"5,0",5,True,,,,,,,,,,,True,,,,True,,,,,,,,,,,,
732046773349754012,https://www.airbnb.com.vn/rooms/732046773349754012,Dĩ An,23,10.90713,106.74371,REGULAR,,Căn hộ cao cấp đáng yêu 6,entire_home,False,,/ đêm,,,2.0,True,True,True,True,True,True,,,,False,,,True,True,,"5,0",3,True,,,,,,,,,,,,,,,,,,,,,,,,,,,
756733638834508288,https://www.airbnb.com.vn/rooms/756733638834508288,Thành phố Thủ Dầu Một,11,10.96823,106.6732,REGULAR,,Bright Studio | Trung tâm Bình Dương | Quang cảnh thành phố,private_room,False,,/ đêm,699.781,₫699.781,2.0,,True,True,,,True,,True,True,False,,,,,,,,True,True,,True,,,,,True,,,,,,,,,,,,,,,,,,,
847072125394916041,https://www.airbnb.com.vn/rooms/847072125394916041,Thành phố Thủ Dầu Một,20,10.970480998076106,106.66708843121339,REGULAR,,Hồ bơi 2 phòng ngủ sang trọng & Phòng tập thể dục Trung tâm BD,entire_home,False,,/ đêm,1.426,₫1.426.662,4.0,,True,True,,True,True,True,True,,False,,,,,,,,True,,,,,,,,,,,,,,,,,,,,,,,,,,,
42654339,https://www.airbnb.com.vn/rooms/42654339,Binh Duong,21,11.05761,106.67497,REGULAR,,Pizzpart - Becamex IJC Aroma,entire_home,False,,/ đêm,431.530,₫431.530,4.0,,True,True,True,,True,True,True,,,,,,,,"4,67",15,,True,True,,True,,,,,,,True,,,,,,,,,,,,,,,,
662840428412499061,https://www.airbnb.com.vn/rooms/662840428412499061,Phạm Văn Cội,13,11.03387316547623,106.51716247200966,REGULAR,,"Phòng ngay Chợ Phạm Văn Cội, Củ Chi, TPHCM",private_room,False,,/ đêm,400.676,₫400.676,2.0,True,True,True,True,,True,True,,,False,False,True,,True,,,,,,,,,False,,True,,,,,,,,,,,,,,,,,,,,
43583958,https://www.airbnb.com.vn/rooms/43583958,Quận 12,30,10.89038,106.66202,REGULAR,,Vườn cây Sài Gòn Farmstay,private_room,False,,/ đêm,776.205,₫776.205,2.0,,True,True,,,,True,,,False,False,True,,True,,"5,0",3,True,,,,,False,3,True,,,,True,,,,True,,,,,,,,,,,,
40625558,https://www.airbnb.com.vn/rooms/40625558,Thành phố Thủ Dầu Một,16,10.972295761108398,106.66429138183594,REGULAR,,"Little star Condo, city view, center, Binh Duong",entire_home,False,,/ đêm,924.353,₫924.353,2.0,,True,True,True,,True,True,True,,,,,,True,,"4,73",11,True,True,True,,,,,,,,,,,,,,,,,,,,,,,,,
822697623615361674,https://www.airbnb.com.vn/rooms/822697623615361674,Dĩ An,21,10.90772,106.74193,REGULAR,,CH Charm City 2pn cho gia đình,entire_home,False,,/ đêm,871.099,₫871.099,4.0,,True,True,True,True,True,True,True,,,,,,True,,,,,,,,,,,,,True,True,,,,,,,,,,,,,,,,,
722893408110995042,https://www.airbnb.com.vn/rooms/722893408110995042,Dĩ An,18,10.87676,106.74919,REGULAR,,Căn hộ Pallet 02 phòng ngủ,entire_home,False,,/ đêm,,,4.0,True,True,True,True,True,,,True,,False,,,True,True,,,,True,,,,,,,,,,,,,,,,,,,,,,,,,,,
761938552493025966,https://www.airbnb.com.vn/rooms/761938552493025966,Thành phố Thủ Dầu Một,30,10.995431077533453,106.66593728783569,REGULAR,,Hướng nhìn ra công viên tre,entire_home,False,,/ đêm,1.714,₫1.714.589,2.0,,,True,True,,True,,,,False,,,,,,,,True,,,,True,False,,,,,,True,,,,True,,,True,,,,,,,,,
41681493,https://www.airbnb.com.vn/rooms/41681493,Thành phố Thủ Dầu Một,10,10.973215103149414,106.6640853881836,REGULAR,,Ban công ốc đảo sáng sủa/Quang cảnh thành phố/Becamex,entire_home,False,,/ đêm,924.353,₫924.353,2.0,,True,True,True,,True,True,True,,,,,,True,,,,True,True,True,,,,,,,,,,,,,,,,,,,,,,,,,
47161315,https://www.airbnb.com.vn/rooms/47161315,Thị xã Thuận An,20,10.95381,106.74592,REGULAR,,"CĂN hộ 2BR mới Gần VSIP 1, Song Than, AEON + tiện nghi khác...",entire_home,False,,/ đêm,645.135,₫645.135,5.0,True,True,True,,,True,,True,True,,,,,,,,,,True,,,,,,,True,,True,,,,,,,,,True,,,,,,,,
40381988,https://www.airbnb.com.vn/rooms/40381988,Thành phố Thủ Dầu Một,18,10.972296,106.664291,REGULAR,,✰Superb Studio✰Dài hạn✰ có sẵn Thủ Dầu Một,entire_home,False,,/ đêm,1.015,₫1.015.648,3.0,,True,True,,,True,True,True,True,,,,,True,,"5,0",5,True,True,True,,,,,,,,,,,,,,,,,,,,,,,,,
832349333112622689,https://www.airbnb.com.vn/rooms/832349333112622689,Thuận An,17,10.921855354134511,106.7275757342577,REGULAR,,Nhà hàng gâ ̀ n Loving Bear 's House,entire_home,False,,/ đêm,860.118,₫860.118,4.0,True,True,True,True,,True,,,,,,,,True,,,,True,True,True,,,,,,,,,True,,,,,,,,,,,,,,,,
889600973586956627,https://www.airbnb.com.vn/rooms/889600973586956627,Thủ Đức,10,10.88763,106.83406,REGULAR,,VGP - S7.02F15 Vacation with 1BR,entire_home,False,,/ đêm,,,2.0,,True,True,True,,True,True,True,,False,,,,True,,,,,,,,,False,,,,,,,,,,,,,,,,,,,,,,
29321182,https://www.airbnb.com.vn/rooms/29321182,Thành phố Thủ Dầu Một,15,11.002681,106.667152,REGULAR,,41D7 - Khu dân cư Hiệp Thành 3,private_room,False,,/ đêm,563.210,₫563.210,4.0,,True,True,,True,True,True,True,,False,,,,,,,,True,,,True,,False,,,,,,,,,,,,,,,,,,,,,,
642992142554191008,https://www.airbnb.com.vn/rooms/642992142554191008,Dĩ An,30,10.9061,106.75337,REGULAR,,"B7 Bcons garden 1brs, hồ bơi miễn phí cho 2prs",entire_home,False,,/ đêm,679.000,₫679.000,2.0,,True,True,,True,,,True,,,,,,,,,,True,,,,,,,,,,,,,,,,,,,,,,,,,,,
818388352123623199,https://www.airbnb.com.vn/rooms/818388352123623199,Dĩ An,22,10.91552,106.7667,REGULAR,,KHUYẾN MÃI LỚN Căn hộ Charm City 2 phòng ngủ sang trọng,entire_home,False,,/ đêm,,,4.0,True,True,True,True,True,True,,,,False,,,,,,,,True,,,,,,,,,,,True,,,,True,,,,,,,,,,,,
783044281034136698,https://www.airbnb.com.vn/rooms/783044281034136698,Thành phố Thủ Dầu Một,30,10.995515332564095,106.66600166085205,REGULAR,,Căn hộ view hồ cao cấp,entire_home,False,,/ đêm,1.757,₫1.757.413,2.0,,True,True,True,,,,,,False,,,,,,"5,0",3,True,,,,True,False,,,,,,True,,,True,True,,,,,,,,,,,,
41575176,https://www.airbnb.com.vn/rooms/41575176,Thành phố Thủ Dầu Một,18,10.972295761108398,106.66429138183594,REGULAR,,Cozy 1BR Apartment w Kitchenette in City center,entire_home,False,,/ đêm,1.005,₫1.005.696,2.0,,True,True,True,,True,True,True,,,,,,,,"4,76",21,True,True,True,True,,,,,,,,,,,,,,,,,,,,,,,,
795893864373453535,https://www.airbnb.com.vn/rooms/795893864373453535,Thủ Đức,11,10.88839,106.834704,REGULAR,,VGP- S7.0215F Vacation with 01BR,entire_home,False,,/ đêm,547.765,₫547.765,2.0,,True,True,True,True,True,True,True,,False,,,,True,,,,,,,,,,,,,,,,True,,,,,,,,,,,,,,,
47479900,https://www.airbnb.com.vn/rooms/47479900,thành phố Biên Hòa,22,10.95303,106.82847,REGULAR,,Căn hộ cao cấp có hồ bơi,entire_home,False,,/ đêm,1.521,₫1.521.154,4.0,,True,True,,True,True,True,True,,False,,,,,,"4,75",4,,,,True,,,,,,,True,,,,True,,,,,,,,,,,,,
40409146,https://www.airbnb.com.vn/rooms/40409146,Thành phố Thủ Dầu Một,18,10.9723,106.66429,REGULAR,,"2 Separate 1BR Apartments, near Becamex tower",entire_home,False,,/ đêm,1.829,₫1.829.137,4.0,,True,True,True,,True,True,True,,,,,,,,"4,0",3,True,True,True,,,,,,,,,True,,,,,,,,,,,,,,,,
23782485,https://www.airbnb.com.vn/rooms/23782485,Trang Bang,9,11.03876,106.35585,REGULAR,,Nhà nghỉ nông trại thiên nhiên,private_room,False,,/ đêm,410.824,₫410.824,9.0,,True,True,True,,True,True,,True,False,False,False,,,False,"4,67",3,True,,,,,False,5,,,,,,,,,,,,,,,,,,,,,
671982234178596303,https://www.airbnb.com.vn/rooms/671982234178596303,Đức Hòa,22,10.9479,106.36546,REGULAR,,"Sân golf và biệt thự Đức Hòa,  Long An.",entire_home,False,,/ đêm,2.858,₫2.858.590,6.0,,True,True,True,True,True,True,True,,False,,,,,,,,True,,,,,,,,,,,,,,True,,,,,,,,,,,,,
32564451,https://www.airbnb.com.vn/rooms/32564451,thành phố Biên Hòa,6,10.98197,106.88709,REGULAR,,Ku Ku Homestay,private_room,False,,/ đêm,,,2.0,,True,True,,,True,True,True,,False,False,True,,,,,,,,True,,,False,,True,True,,,,,,,,,,,,,,,,,,,
778571993789636579,https://www.airbnb.com.vn/rooms/778571993789636579,Dĩ An,21,10.9071215,106.7529301,REGULAR,,BGA19 Căn hộ đẹp 1 giường + ban công.,entire_home,False,,/ đêm,,,2.0,,True,True,,True,True,True,True,,,,,,True,,,,,True,,,,,,,True,,True,,,,,,,,,,,,,,,,,
877378129829533463,https://www.airbnb.com.vn/rooms/877378129829533463,Thủ Đức,14,10.86318,106.79383,REGULAR,,1 Bedroom 60m2  Masteri Dist 2,entire_home,False,,/ đêm,,,2.0,,True,True,,,True,True,True,,False,,,,,,,,,,,,True,False,,,,,,,,True,,True,,,,,,,,,,,,
34959147,https://www.airbnb.com.vn/rooms/34959147,Hồng Bàng,16,11.29344,106.36869,REGULAR,,"威住住公住 Căn hộ của Venice 
VinhomesImperia 30 [[sq]]",private_room,False,,/ đêm,456.471,₫456.471,2.0,,True,True,,True,True,True,True,,False,,,,,,,,True,True,True,,,,,,,,,,,,,,,,,,,,,,,,,
37664445,https://www.airbnb.com.vn/rooms/37664445,Tân Xuân,9,10.89404,106.5763,REGULAR,,Ngôi nhà ngọt ngào của tôi là một ngôi nhà hoàn toàn mới.,private_room,False,,/ đêm,267.650,₫267.650,1.0,,True,True,,,True,True,True,,False,False,True,,,,"5,0",3,True,,,,,False,4,True,,,True,,,,,,,,,,,,,,,,,
41037103,https://www.airbnb.com.vn/rooms/41037103,thành phố Biên Hòa,8,10.95636,106.87374,REGULAR,,PT Biên Hòa Plaza C12,entire_home,False,,/ đêm,456.471,₫456.471,2.0,,,True,,,True,,True,,,,,,,,"3,33",3,True,,,,,,,,,,,,,True,,,,,,,,,,,,,,
49267795,https://www.airbnb.com.vn/rooms/49267795,Thành phố Thủ Dầu Một,21,10.97107,106.66751,REGULAR,,New Cosy @Compass One Apartment wth Balcony View,entire_home,False,,/ đêm,1.316,₫1.316.024,4.0,,True,True,True,True,True,True,,,False,,,,,,"5,0",3,True,True,,,,,,,,,,,,,True,,,,,,,,,,,,,
557161792783077307,https://www.airbnb.com.vn/rooms/557161792783077307,Quận 9,30,10.87984,106.83795,REGULAR,,"S25, Nhà nghỉ 3 phòng ngủ đáng yêu có bể bơi.",entire_home,False,,/ đêm,1.075,₫1.075.250,6.0,,True,True,,True,True,True,True,,,,,,,,"5,0",6,,True,,,True,,,,,,,True,,,,True,,,,,,,,,,,,
829230177857814606,https://www.airbnb.com.vn/rooms/829230177857814606,thành phố Biên Hòa,20,10.8916628,106.8634886,REGULAR,,homstay hương rừng,entire_home,False,,/ đêm,760.784,₫760.784,8.0,,True,True,True,,True,True,True,,False,,,,True,,,,True,,,,,False,,,,,,,,,,,,,,,,,,,,,,
836824895565023679,https://www.airbnb.com.vn/rooms/836824895565023679,Thuận An,15,10.91558891448502,106.70822024345397,REGULAR,,Căn Hộ Homestay Cao Cấp — An Phúc Studio 35,entire_home,False,,/ đêm,399.412,₫399.412,3.0,,True,True,True,True,True,True,True,,False,,,,,,,,,True,,,True,,,,,,,,,,,,,,,,,,,,,,,
700275897040271664,https://www.airbnb.com.vn/rooms/700275897040271664,Hồ Chí Minh,30,10.960516736363175,106.64881434291601,REGULAR,,"Khu nghỉ dưỡng Hương Sen
(Khu Tây Tạng Hương Sen)",private_room,False,,/ đêm,1.141,₫1.141.177,16.0,,,True,True,True,True,,True,,False,,,,True,,,,True,,,,,,,,,,,True,,,,True,,,,,,,,,,,,
724236025525719890,https://www.airbnb.com.vn/rooms/724236025525719890,Thuận An,18,10.92587,106.71498,REGULAR,,Tòa nhà thuận tiện và yên tĩnh bên cạnh vsip Singapore,entire_home,False,,/ đêm,1.369,₫1.369.412,4.0,,True,True,True,True,True,True,True,True,,,,,,,"5,0",3,,True,,,,,,,,,,True,,,,,,,,,,,,,,,,
704923403323206739,https://www.airbnb.com.vn/rooms/704923403323206739,thành phố Biên Hòa,8,10.951872228739072,106.82881370186807,REGULAR,,Căn hộ rộng rãi ở trung tâm thành phố Biên Hòa * Phòng tập thể dục miễn phí,entire_home,False,,/ đêm,1.453,₫1.453.530,4.0,,True,True,True,True,True,True,True,,False,,,,True,,,,,,,True,,,,,,,,,,,,,,,,,,,,,,,,
33884926,https://www.airbnb.com.vn/rooms/33884926,Quận 12,7,10.86591,106.63473,REGULAR,,Căn hộ cao cấp tại Quận 12,private_room,False,,/ đêm,2.852,₫2.852.943,4.0,,True,True,,True,,True,True,,False,False,True,,,False,,,True,True,,,,False,,,,,,,,,,,,,,,,,,,,,,
615389388072718475,https://www.airbnb.com.vn/rooms/615389388072718475,tt. Hiệp Hòa,14,10.96965,106.36357,REGULAR,,"Biệt thự đáng yêu với hồ bơi, công viên nước và sân golf",entire_home,False,,/ đêm,2.282,₫2.282.354,4.0,,True,,True,True,,True,True,,False,,,,,,,,True,,,,,False,,,,,,,,,True,,True,,,,,,,,,,,
876452241665742410,https://www.airbnb.com.vn/rooms/876452241665742410,Thành phố Thủ Dầu Một,8,10.96353,106.66071,REGULAR,,Nhà nghỉ thảo ngân,private_room,False,,/ đêm,,,2.0,,,True,,,True,,,,False,,,,True,,,,True,,,,,False,,,,,,,,,,,,,,,,,,,,,,
53343755,https://www.airbnb.com.vn/rooms/53343755,Thuận An,10,10.94891,106.70526,REGULAR,,Căn hộ 2 phòng ngủ đáng yêu ở Thuận An.,entire_home,False,,/ đêm,487.747,₫487.747,2.0,,True,True,True,,True,True,True,,False,,,,True,,,,True,,,,True,,,,,,,,,,,,,,,,,,,,,,,
785255238095460207,https://www.airbnb.com.vn/rooms/785255238095460207,Thị xã Tân Uyên,26,10.9964392,106.7255044,REGULAR,,Cảm giác như ở nhà,entire_home,False,,/ đêm,2.513,₫2.513.547,10.0,,True,True,True,True,True,,True,,False,,,,,,,,True,,,,,,,,,,,,,,,,,,,,,,,,,,,
670093326062702576,https://www.airbnb.com.vn/rooms/670093326062702576,thành phố Biên Hòa,8,10.96732,106.79599,REGULAR,,Nhà nhỏ có sân,private_room,False,,/ đêm,399.412,₫399.412,2.0,,True,True,True,,True,True,True,,False,False,False,,,,,,,,,,,False,,True,,,,,,,,,,,,,,,,,,,,
557162342929643396,https://www.airbnb.com.vn/rooms/557162342929643396,Quận 9,30,10.87806,106.8363,REGULAR,,"S12, nhà nghỉ dưỡng 3 phòng ngủ đáng yêu với hồ bơi S1",entire_home,False,,/ đêm,,,7.0,,True,True,,True,True,True,True,,,,,,,,,,,True,,,,,,,,,True,True,,,,,,True,,,,,,,,,,
832671072900593266,https://www.airbnb.com.vn/rooms/832671072900593266,Thành phố Thủ Dầu Một,10,10.97016,106.66502,REGULAR,,Căn hộ cao cấp,entire_home,False,,/ đêm,1.644,₫1.644.793,4.0,,True,True,True,True,True,True,True,,False,,,,True,,,,,,,,,False,,,,,,,,,,,,,,,,,,,,,,
801006331168204017,https://www.airbnb.com.vn/rooms/801006331168204017,thành phố Biên Hòa,7,10.942831179146376,106.85900296885553,REGULAR,,"Nhà nghỉ sạch sẽ giá bình dân, có chỗ để xe hơi",private_room,False,,/ đêm,267.670,₫267.670,2.0,,,True,,,True,,True,,False,,,,True,,,,True,,,,,False,,,,,,,,,,,,,,,,,,,,,,
789525342444383565,https://www.airbnb.com.vn/rooms/789525342444383565,Thị xã Tân Uyên,8,11.0581324,106.7197454,REGULAR,,Nhà Nghỉ Phú Quý,private_room,False,,/ đêm,,,2.0,,True,True,True,,True,,,,False,False,True,,True,,,,True,,,,True,False,,True,,,,,,,,,,,,,,,,,,,,
17468252,https://www.airbnb.com.vn/rooms/17468252,Hiệp Bình Phước,29,10.86441,106.72634,REGULAR,,Căn hộ 3 giường ấm cúng,entire_home,False,,/ đêm,,,5.0,,True,,,True,True,True,True,True,,,,,,,"4,8",6,True,True,,True,,,,,,,,True,,,,,,,,,,,,,,,,
663983738461179285,https://www.airbnb.com.vn/rooms/663983738461179285,Thành phố Thủ Dầu Một,30,10.96958,106.66721,REGULAR,,"Căn hộ 2 phòng ngủ hoàn toàn mới với Hồ bơi/Phòng tập thể dục/Trung tâm, Bình Dương",entire_home,False,,/ đêm,1.851,₫1.851.777,4.0,True,True,True,True,True,True,True,True,,,,,,,,"5,0",3,True,True,,,,,,,,,,,,,,,,,,,,,,,,,,
44973334,https://www.airbnb.com.vn/rooms/44973334,Quận 9,23,10.88802,106.83463,REGULAR,,APHÓN Homedy-2BR*fullfurnished&largeview-relaxin,entire_home,False,,/ đêm,915.753,₫915.753,5.0,,True,True,True,True,True,,,,,,,,,,"4,93",14,True,True,,,,,,,,,,True,,,True,True,,,,,,,,,,,,
557112919287921848,https://www.airbnb.com.vn/rooms/557112919287921848,Quận 9,30,10.87858,106.83759,REGULAR,,S11 Nhà nghỉ dưỡng 3 phòng ngủ đáng yêu với hồ bơi  S1-11,entire_home,False,,/ đêm,1.020,₫1.020.407,6.0,,True,True,,True,True,True,True,,,,,,,,,,,True,,,True,,,,,,,,,,,True,,,,,True,,,,,,,
879929303048614309,https://www.airbnb.com.vn/rooms/879929303048614309,Quận 7,30,11.432465,106.64800500000001,REGULAR,,căn hộ chung cư cao cấp 2 phòng ngủ có bể bơi,entire_home,False,,/ đêm,,,6.0,,True,True,True,True,True,True,,,,,,,True,,,,True,,,,True,,,,,,,True,,,,,,,,,,,,,,,,
575167913272912645,https://www.airbnb.com.vn/rooms/575167913272912645,Thành phố Thủ Dầu Một,19,10.96973,106.677,REGULAR,,Căn hộ đầy đủ tiện nghi,private_room,False,,/ đêm,627.647,₫627.647,2.0,True,True,True,True,,True,True,,,,False,True,,True,,,1,True,,,,,,1,True,,,,True,,,,,,,,,,,,,,,,
22456911,https://www.airbnb.com.vn/rooms/22456911,,17,10.92593,106.71329,REGULAR,,Habitat tower-VietNam-Singapore 1 (VSIP1)-AEON,entire_home,False,,/ đêm,907.177,₫907.177,4.0,,True,True,True,True,True,True,True,,,,,,,,"3,67",5,,True,,,,,,,,,,True,,True,,,,,,,,,,,,,,
696546589211992241,https://www.airbnb.com.vn/rooms/696546589211992241,Thuận An,12,10.906352869495242,106.74268557119142,REGULAR,,Chill Apartment,entire_home,False,,/ đêm,,,4.0,True,True,,,True,,,,True,False,,,,True,,,,,,,,,False,,,,,,True,,,,,,,,,,,,,,,,
822688099690333527,https://www.airbnb.com.vn/rooms/822688099690333527,Dĩ An,21,10.90908,106.7407,REGULAR,,CH Charm city 1pn cho cặp đôi,entire_home,False,,/ đêm,736.516,₫736.516,2.0,,True,True,True,True,True,True,True,,,,,,True,,,,,,,,,,,,,True,True,,,,,,,,,,,,,,,,,
822171319831401746,https://www.airbnb.com.vn/rooms/822171319831401746,Quận 7,8,11.41987,106.6867,REGULAR,,Zen building - Căn hộ Studio có ban công lớn,private_room,False,,/ đêm,980.271,₫980.271,2.0,,True,True,True,,True,True,True,,,False,True,,True,,,,True,,True,,,,,True,,,,,,,,,,,,,,,,,,,,
730108000421869873,https://www.airbnb.com.vn/rooms/730108000421869873,Quận 9,10,10.8661385,106.8381734,REGULAR,,Căn hộ 1 phòng ngủ + Uyên Chi Vinhomes Grandbak TP HCM,entire_home,False,,/ đêm,684.706,₫684.706,2.0,,True,True,True,True,True,True,True,,False,,,,True,,,,,True,,,,,,,,,,,,,,,,,,,,,,,,,,
638771954761903082,https://www.airbnb.com.vn/rooms/638771954761903082,Dĩ An,30,10.90849,106.75242,REGULAR,,Căn hộ cao cấp Bcons Garden B7 dành cho gia đình + hồ bơi đẹp,entire_home,False,,/ đêm,680.902,₫680.902,4.0,,True,True,,True,True,,True,,,,,,,,,,True,True,,,,,,,True,True,True,,,,,,,,,,,,,,,,,
873935564818795521,https://www.airbnb.com.vn/rooms/873935564818795521,Thị xã Bến Cát,12,11.140541573961539,106.62940420210361,REGULAR,,Lịch sự- chu đáo - chuyên nghiệp,private_room,False,,/ đêm,,,16.0,,,True,True,,True,True,True,,False,,,,True,,,,True,,,,,,,,,,,,,,,,,,,,,True,,,,,,
749607620856927799,https://www.airbnb.com.vn/rooms/749607620856927799,Thị xã Bến Cát,8,11.113866769613201,106.61816205829382,REGULAR,,Nhà phố an ninh khép kín đầy đủ tiện ích,entire_home,False,,/ đêm,684.706,₫684.706,1.0,,,,,True,,,,,False,,,,True,,,,,,,,,False,,,,,,,,,,,,,,,,,,,,,,
749611983322434024,https://www.airbnb.com.vn/rooms/749611983322434024,Thị xã Bến Cát,8,11.11368,106.6369,REGULAR,,Khu an ninh bảo vệ 24/24,entire_home,False,,/ đêm,399.412,₫399.412,1.0,,,,,True,,,,,False,,,,True,,,,,,,,,False,,,,,,,,,,,,,,,,,,,,,,
41860974,https://www.airbnb.com.vn/rooms/41860974,Tân An Hội,13,10.99214,106.49098,REGULAR,,Nhà nghỉ nông trại Cửa hàng Cửa hàng Củ Chi,private_room,False,,/ đêm,890.118,₫890.118,2.0,,True,True,True,,,,,,False,False,True,,,,,,True,,,,True,False,,True,,,,True,,,,True,,,,,,,,,,,,
11563120,https://www.airbnb.com.vn/rooms/11563120,Thành phố Thủ Dầu Một,7,10.95421,106.66477,REGULAR,,STUDIO GIÁ TRỊ TỐT NHẤT + NHÓM (TỐI ĐA 2),entire_home,False,,/ đêm,669.159,₫669.159,2.0,,True,True,,True,True,,True,,False,,,,,,"4,93",14,True,True,,,,,,,,True,,,,,,,,,,,,,,,,,,
762602711313137207,https://www.airbnb.com.vn/rooms/762602711313137207,thành phố Biên Hòa,20,10.9592,106.81737,REGULAR,,Win Phát Motel - 302,private_room,False,,/ đêm,342.353,₫342.353,2.0,True,True,True,True,,True,True,,,False,,,,True,,,,True,,,,True,,,,,,,,,,,,,,,,,,,,,,,
701923365792365481,https://www.airbnb.com.vn/rooms/701923365792365481,Dĩ An,12,10.9161895,106.7668597,REGULAR,,Căn hộ cao cấp đáng yêu 2,entire_home,False,,/ đêm,892.500,₫892.500,2.0,True,True,True,True,True,True,True,,,False,,,True,,,,,True,,,,,,,,,,,,,,,,,,,,,,,,,,,
49184499,https://www.airbnb.com.vn/rooms/49184499,Quận 9,17,10.88935,106.83533,REGULAR,,"Căn hộ 2 phòng ngủ Vinhomes Grandpark Riverview, xe đạp miễn phí",entire_home,False,,/ đêm,,,5.0,,True,True,,True,True,True,,,False,,,,,,,,,True,,,,,,,,,,True,True,,,True,,,,,,,,,,,,
822984825739223392,https://www.airbnb.com.vn/rooms/822984825739223392,Quận 4,7,11.43351,106.64854,REGULAR,,Căn hộ vị trí trung tâm Quận 4.,entire_home,False,,/ đêm,,,5.0,,True,True,True,True,True,True,True,True,,,,,True,,,,True,,,,,,,,,,,,,,,,,,,,,,,,,,,
631776141295167581,https://www.airbnb.com.vn/rooms/631776141295167581,thành phố Biên Hòa,20,10.951503,106.82869,REGULAR,,Căn hộ cao cấp có sân vườn tại Biên Hòa,entire_home,False,,/ đêm,1.716,₫1.716.001,4.0,,True,True,,True,True,True,True,,False,,,,True,,,,,True,,,,,,,,,,True,,,,,,,,,,,,,,,,
871577045649914061,https://www.airbnb.com.vn/rooms/871577045649914061,Thủ Đức,5,10.88839,106.834704,REGULAR,,Căn hộ 1pn+ cao cấp,entire_home,False,,/ đêm,,,4.0,,True,True,True,True,True,True,,,False,,,True,True,,,,,,,,,,,,,,,,True,,,,,,,,,,,,,,,
628596241369993062,https://www.airbnb.com.vn/rooms/628596241369993062,Tan Uyen,7,10.99688,106.72359,REGULAR,,trải nghiệm hồ bơi cao nhất TP Vũng Tàu .,entire_home,False,,/ đêm,1.408,₫1.408.859,4.0,,True,True,True,True,True,True,True,,False,,,,,,,,True,,,,,,,,,,,,,,,,,,,,,,,,,,,
43055451,https://www.airbnb.com.vn/rooms/43055451,Dĩ An,30,10.8818,106.76857,REGULAR,,"Căn hộ 2 phòng ngủ đáng yêu ở Di An, Bình Dương",entire_home,False,,/ đêm,973.389,₫973.389,4.0,True,True,True,True,True,True,True,True,,,,,,True,,,,,True,,,,,,,,,,,,,,,,,,,,,,,,,,
558235491683943924,https://www.airbnb.com.vn/rooms/558235491683943924,Thành phố Thủ Dầu Một,9,11.07214,106.6773,REGULAR,,Pizzpart- Midori Park BD,entire_home,False,,/ đêm,1.202,₫1.202.034,4.0,,True,,,True,,,,,False,,,,,,,,,,,,,False,,,,,True,,,,,,,,,,,,,,,,,
598794102581742125,https://www.airbnb.com.vn/rooms/598794102581742125,Thành phố Thủ Dầu Một,12,11.04941,106.6812,REGULAR,,Pizzpart- Sora Gardens II,entire_home,False,,/ đêm,1.808,₫1.808.233,4.0,,True,,True,True,True,True,True,,,,,,,,,,,,,,,,,,True,,True,,,,,,,,,,,,,,,,,
766194810328149861,https://www.airbnb.com.vn/rooms/766194810328149861,Dĩ An,25,10.9161895,106.7668597,REGULAR,,Peaceful Apartment (Charm City),entire_home,False,,/ đêm,,,4.0,,True,True,True,,True,True,,True,False,,,,True,,,,,,,,,False,,,,,,,,,,True,,,,,,,,,,,,
643015161995409109,https://www.airbnb.com.vn/rooms/643015161995409109,Dĩ An,21,10.90803,106.75207,REGULAR,,"Vườn điều khiển: Căn hộ 2 phòng ngủ rộng rãi so với ban công, hồ bơi",entire_home,False,,/ đêm,894.683,₫894.683,4.0,,True,True,,True,True,True,True,,,,,,,,,,,,,True,True,,,,True,,True,,,,,,,,,,,,,,,,,
740396403892051482,https://www.airbnb.com.vn/rooms/740396403892051482,Thị xã Bến Cát,10,11.13021,106.60525,REGULAR,,Vườn của Slendoor Ecolakes,private_room,False,,/ đêm,456.471,₫456.471,2.0,,True,True,True,True,True,,,,False,False,True,,True,False,,,True,,,,,False,,,,,,,,,,,,,,,,,,,,,,
701922913872899550,https://www.airbnb.com.vn/rooms/701922913872899550,Dĩ An,9,10.91348,106.76127,REGULAR,,Căn hộ cao cấp đáng yêu 3,entire_home,False,,/ đêm,1.090,₫1.090.000,4.0,True,True,True,True,True,True,True,,,,,,,,,,,True,True,,,,,,,,,,True,,,,,,,,,,,,,,,,
672048580688170367,https://www.airbnb.com.vn/rooms/672048580688170367,Thị xã Bến Cát,6,11.111045429776873,106.6521855443716,REGULAR,,Nhà Whit ở vn,private_room,False,,/ đêm,399.412,₫399.412,6.0,,,,,,,,,,False,False,False,,,False,,,,,,,,False,,,,,,,,,,,,,,,,,,,,,,
32792883,https://www.airbnb.com.vn/rooms/32792883,Quận 12,20,10.87239,106.65531,REGULAR,,"Phòng Master sang trọng tại quận 12, TP HCM.",private_room,False,,/ đêm,741.765,₫741.765,2.0,,True,True,,,True,True,True,,,False,False,,,,,,True,,,,,False,,True,,,,True,,True,,,,,,,,,,,,,,
788274914948259356,https://www.airbnb.com.vn/rooms/788274914948259356,thành phố Biên Hòa,14,10.96103,106.81555,REGULAR,,Win Phát Motel - 104,private_room,False,,/ đêm,306.748,₫306.748,2.0,,True,True,True,,True,True,True,,False,,,,True,,,,True,,,,True,,,,,,,,,,,,,,,,,,,,,,,
559048359322143959,https://www.airbnb.com.vn/rooms/559048359322143959,Thành phố Thủ Dầu Một,18,11.05434,106.6844,REGULAR,,Pizzpart- Becamex Newcity,entire_home,False,,/ đêm,2.694,₫2.694.808,2.0,True,True,True,True,True,True,,True,,,,,,,,,,True,True,,True,,,,,,,,,,,,,,,,,,,,,,,,
693136206479617924,https://www.airbnb.com.vn/rooms/693136206479617924,Dĩ An,18,10.927704911838127,106.74192287027836,REGULAR,,"DĨ An - CHCC có hồ bơi, rạp phim & TTTM",entire_home,False,,/ đêm,936.822,₫936.822,4.0,True,True,True,True,True,True,,,,,,,True,True,,,,True,,,,True,,,,,,,,,,,,,,,,,,,,,,,
783265671426895572,https://www.airbnb.com.vn/rooms/783265671426895572,Dĩ An,16,10.8766852,106.8097859,REGULAR,,Căn hộ Dĩ An 1pn xinh xắn,entire_home,False,,/ đêm,,,2.0,,True,True,True,True,True,True,True,,,,,True,True,,,,,True,,,,,,,,,,,,,,,,,,,,,,,,,,
763333977290280592,https://www.airbnb.com.vn/rooms/763333977290280592,Tan Uyen,5,11.1073524,106.7647475,REGULAR,,Homstay Phú Tài Hội Nghĩa,entire_home,False,,/ đêm,319.530,₫319.530,4.0,,True,True,True,,True,True,True,,False,,,,,,,,True,,,,,False,,,,,,,,,,,,,,,,,,,,,,
26753634,https://www.airbnb.com.vn/rooms/26753634,Di An,17,10.91522,106.76956,REGULAR,,"Homestay tại làng - Thị trấn Di An, Bình Dương",private_room,False,,/ đêm,455.019,₫455.019,2.0,,True,True,,,True,True,True,,False,False,False,,,,,,True,,True,,,False,,True,,,,,,,,,,,,,,,,,,,,
42344310,https://www.airbnb.com.vn/rooms/42344310,Củ Chi,27,10.97045,106.54956,REGULAR,,Khách sạn Paradise,private_room,False,,/ đêm,421.094,₫421.094,2.0,,,True,,,True,True,True,,False,,,,,,,,True,,,,,False,,,,,,,,,,,,,,,,,True,,,,,
789682588027719841,https://www.airbnb.com.vn/rooms/789682588027719841,Thị xã Bến Cát,3,11.130244009012507,106.603246293962,REGULAR,,Phòng Suite Có Ban Công,private_room,False,,/ đêm,741.765,₫741.765,2.0,,,True,,,True,True,True,,False,,,,True,,,,True,,True,,,False,,,,,,,,,True,,,,,,,,,,,,,
49909888,https://www.airbnb.com.vn/rooms/49909888,,6,11.38402,106.61543,REGULAR,,Cho thuê căn hộ cao cấp ở Thuận An,entire_home,False,,/ đêm,,,4.0,,True,True,True,,True,True,True,,False,,,,,,,,,True,True,,,,,,,True,,,,,,,,,,,,,,,,,,
643015906019623373,https://www.airbnb.com.vn/rooms/643015906019623373,Dĩ An,30,10.90588,106.75364,REGULAR,,"B7 Vườn Bcons 2brs, hồ bơi miễn phí, 4prs",entire_home,False,,/ đêm,815.126,₫815.126,4.0,,True,True,True,True,,True,True,,,,,,,,,,True,,,,,,,,True,,,,,,,,,True,,,,,,,,,,
731697290183123873,https://www.airbnb.com.vn/rooms/731697290183123873,Thành phố Thủ Dầu Một,5,10.9642437,106.6614043,REGULAR,,Motel Thảo Ngân Bình Dương,private_room,False,,/ đêm,456.471,₫456.471,16.0,True,,True,True,,True,,,,False,,,,True,,,,True,,,,True,False,,,,,,,,,True,,,,,,,,,,,,,
813971259754308291,https://www.airbnb.com.vn/rooms/813971259754308291,Bình Thạnh,10,11.41761,106.68743,REGULAR,,Thư giãn và yên tĩnh,entire_home,False,,/ đêm,1.655,₫1.655.620,2.0,,True,True,True,True,True,True,,,False,,,,True,,,,True,,,,,,,,,,,,,,,True,,,,,,,,,,,,
41383205,https://www.airbnb.com.vn/rooms/41383205,thành phố Biên Hòa,7,10.956,106.87339,REGULAR,,PT Biên Hòa Plaza C21,entire_home,False,,/ đêm,570.589,₫570.589,2.0,,,True,,,True,,True,,,,,,,,,,True,,,,,,,,,,,,,,,,,,,,,,,,,,,
878443672100286670,https://www.airbnb.com.vn/rooms/878443672100286670,Thuận An,18,10.948296438414742,106.70702562275393,REGULAR,,Binh Duong*center*2BR Apt*Industrial Park*Pool*Gym,entire_home,False,,/ đêm,2.745,₫2.745.000,4.0,,True,True,True,True,True,True,,,False,,,,,,,,,True,,,True,,,,,,,,,,,,,,,,,,,True,,,,
731446264518999593,https://www.airbnb.com.vn/rooms/731446264518999593,Dĩ An,7,10.8772416,106.7495445,REGULAR,,Căn hộ cao cấp có hồ bơi 1000m,entire_home,False,,/ đêm,1.300,₫1.300.942,2.0,,True,True,True,True,True,,,,False,,,,True,,,,True,,,,True,,,,,,,,,,True,,,,,,,,,,,,,
41725487,https://www.airbnb.com.vn/rooms/41725487,Thị xã Thuận An,11,10.90239,106.70645,REGULAR,,"Nhà đẹp cho thuê tại Thuận An, Bình Dương",entire_home,False,,/ đêm,456.471,₫456.471,5.0,,True,True,,,True,True,True,,False,,,,,,,,True,,,,True,False,,,,True,,,,,,,,,,,,,,,,,,
42025153,https://www.airbnb.com.vn/rooms/42025153,thành phố Biên Hòa,8,10.94779,106.83061,REGULAR,,Căn hộ và studio Deep House,entire_home,False,,/ đêm,760.824,₫760.824,2.0,,True,True,,,True,True,True,,False,,,,,,,,True,,,,,False,,,,True,,,,,,,,,,,,,,,,,,
28346291,https://www.airbnb.com.vn/rooms/28346291,Tân An Hội,16,10.94375,106.47734,REGULAR,,"2BR đẹp & rộng rãi tại Củ Chi, HCM",entire_home,False,,/ đêm,2.328,₫2.328.608,4.0,,True,True,,,,,True,,False,,,,,,"5,0",4,True,,,,True,False,,,,,,,,True,,,,,,,,,,,,,,
722011970611205761,https://www.airbnb.com.vn/rooms/722011970611205761,Bien Hoa,17,10.86841861498348,106.90128779120175,REGULAR,,Qant Villa căn số 3,entire_home,False,,/ đêm,,,4.0,,True,True,,,True,True,,True,False,,,,,,,,True,,,,,False,,,,,,True,,,,True,,,,,,,,,,,,
820536505764736536,https://www.airbnb.com.vn/rooms/820536505764736536,Quận 4,10,11.432470521091657,106.64800498634577,REGULAR,,Căn Hộ TheGoldView Trung Tâm HCM,entire_home,False,,/ đêm,1.654,₫1.654.707,4.0,,True,True,True,True,True,True,True,,,,,,True,,,,True,,,,,,,,,,,,,,,,,,,,,,,,,,,
42026888,https://www.airbnb.com.vn/rooms/42026888,Thành phố Thủ Dầu Một,22,11.04283,106.61899,REGULAR,,- Nhà cổ Thái Lan,entire_home,False,,/ đêm,567.788,₫567.788,4.0,,True,True,,,True,True,True,,False,,,,True,,,,True,,,,,,,,True,,,,,,,,,,,,,,,,,,,
37445013,https://www.airbnb.com.vn/rooms/37445013,Thủ Đức,9,10.86481,106.78058,REGULAR,,Phòng riêng rộng rãi tại Thủ Đức gần khu công nghệ cao,private_room,False,,/ đêm,790.425,₫790.425,2.0,,,True,,,True,True,True,,False,,,,,,,,True,True,True,,,False,,,,,,,,,True,,,,,,,,,,,,,
610731540257800030,https://www.airbnb.com.vn/rooms/610731540257800030,Tân Phú,30,10.86447,106.80963,REGULAR,,Căn hộ 2 phòng ngủ đầy đủ tiện nghi tại Khu CNC,entire_home,False,,/ đêm,,,4.0,,True,True,True,,True,True,True,,,,,,True,,"4,8",5,True,True,,,,,,,,,,,,,,,,,,,,,,,True,,,
723063654761344907,https://www.airbnb.com.vn/rooms/723063654761344907,Thành Phố Thủ Đức,6,10.88021,106.84607,REGULAR,,Homestay 2PN full view hồ cá Koi,entire_home,False,,/ đêm,,,4.0,,True,True,True,True,True,True,,,False,,,True,,,,,,,,,,,,,,,,True,,,,True,,,,,,,,,,,,
36710520,https://www.airbnb.com.vn/rooms/36710520,Tân Xuân,7,10.86938,106.60286,REGULAR,,Bạn sẽ tìm thấy giá trị thực sự tại  căn hộ.,entire_home,False,,/ đêm,695.897,₫695.897,2.0,,True,True,,,True,True,,,,,,,,,,,True,True,True,,True,,,,,,,,,True,,,,,,,,,,,,,,
878462683362554287,https://www.airbnb.com.vn/rooms/878462683362554287,Thuận An,20,10.948148968535437,106.70689687672122,REGULAR,,Binh Duong*center*Studio Apartment*Pool*Gym,entire_home,False,,/ đêm,1.536,₫1.536.024,2.0,,True,True,True,True,True,,True,,False,,,,,,,,,True,,True,,,,,,,,,,,,,,,,,,,,True,,,,
36367249,https://www.airbnb.com.vn/rooms/36367249,Củ Chi,29,11.06074,106.43877,REGULAR,,Lượt xem,private_room,False,,/ đêm,1.368,₫1.368.271,1.0,,,True,,True,True,,True,,False,,,,True,,,,True,,,,True,False,,,,,,,,,,,,,,,,,,,,True,,
823635643715384792,https://www.airbnb.com.vn/rooms/823635643715384792,Tân Bình,9,11.40318,106.73171,REGULAR,,Fall in Love w The Cozy APT@Full,entire_home,False,,/ đêm,805.905,₫805.905,2.0,,True,True,True,,,True,True,,False,,,,True,,,,True,,,,,,,,,,,,,,,,,,,,,,,,,,,
614989461412098856,https://www.airbnb.com.vn/rooms/614989461412098856,Thuận An,7,10.92641,106.71355,REGULAR,,Căn hộ cao cấp Habitat - Full Service,entire_home,False,,/ đêm,935.765,₫935.765,4.0,,True,True,,,,True,True,,False,,,,,,,,True,,,,,False,,,,,,,,,,,,,,,,,,,,,,
788272484871304944,https://www.airbnb.com.vn/rooms/788272484871304944,thành phố Biên Hòa,14,10.96047,106.81578,REGULAR,,Win Phát Motel - 103,private_room,False,,/ đêm,,,2.0,,True,True,True,,True,True,True,,,,,,True,,,,True,,,,True,,,,True,,,,,,,,,,,,,,,,,,,
48615424,https://www.airbnb.com.vn/rooms/48615424,Thành phố Thủ Dầu Một,5,10.98638,106.66362,REGULAR,,"Ưu đãi vàng, bạt ngàn tiện ích - Deluxe room",private_room,False,,/ đêm,1.557,₫1.557.707,2.0,,,True,True,True,True,,True,,False,,,,,,,,True,,True,,,,,,,,,,,True,True,,,,,,,,,,,,,
653855954860536094,https://www.airbnb.com.vn/rooms/653855954860536094,Dĩ An,26,10.9075061,106.7530194,REGULAR,,"Căn hộ cao cấp BG với tầm nhìn đẹp cho gia đình, hồ bơi miễn phí",entire_home,False,,/ đêm,753.177,₫753.177,4.0,,True,True,,True,True,,True,,,,,,,,,,True,True,,,,,,,True,,True,,,,,,,,,,,,,,,,,
9098591,https://www.airbnb.com.vn/rooms/9098591,Thành phố Thủ Dầu Một,8,10.95421,106.66477,REGULAR,,GIÁ TRỊ LỚN DLX 2 BR CHO NHÓM TỪ 4 TRỞ LÊN,entire_home,False,,/ đêm,963.560,₫963.560,4.0,,True,True,,True,True,,True,,False,,,,,,"4,79",19,True,True,,,,,,,,,True,,,,,,,,,True,,,,,,,,
808319857808867649,https://www.airbnb.com.vn/rooms/808319857808867649,Thuận An,21,10.92328,106.72715,REGULAR,,Dịch vụ đầy đủ cho Chuyên gia VSIP,entire_home,False,,/ đêm,798.824,₫798.824,4.0,,True,True,True,,True,True,True,,False,,,,True,,,,True,,,,,,,,,,,,,,,,,,,,,,,,,,,
19042261,https://www.airbnb.com.vn/rooms/19042261,Ho Chi Minh City,13,11.06456,106.43105,REGULAR,,Nhà mới ở vùng nông thôn với vườn rau hữu cơ.,private_room,False,,/ đêm,2.519,₫2.519.060,8.0,,True,True,,,True,True,True,,False,False,True,,,False,"5,0",14,True,,True,,,False,6,,,,,,,,,,,,,,,,,,,,,
28276834,https://www.airbnb.com.vn/rooms/28276834,Đức Hòa,16,10.92893,106.38993,REGULAR,,Chỗ ở để Tưởng niệm - BIỆT thự BETTGER,private_room,False,,/ đêm,401.495,₫401.495,1.0,,True,True,,,True,True,True,,False,False,False,,,,,,True,,,,,False,,True,,,,,,,,,,,,,,,,,,,,
47552774,https://www.airbnb.com.vn/rooms/47552774,Thị xã Thuận An,11,10.9029,106.70533,REGULAR,,"Cozy house at Thuan An, Binh duong",entire_home,False,,/ đêm,705.977,₫705.977,5.0,,True,True,True,,True,True,,,False,,,,,,,,True,,True,,True,False,,,,,,,,,,,,,,,,,,,,,,
865927953030113215,https://www.airbnb.com.vn/rooms/865927953030113215,Chơn Thành,6,11.4351,106.66267,REGULAR,,đầy đủ tiện nghi,private_room,False,,/ đêm,570.589,₫570.589,,,,True,True,True,True,True,True,,,,,,True,,,,True,,,,True,,,,True,,,,,,,,,,,,,,,,,,,
42670552,https://www.airbnb.com.vn/rooms/42670552,Biên Hoà,5,10.95489,106.87215,REGULAR,,PT Biên Hoà Plaza B23,private_room,False,,/ đêm,912.942,₫912.942,4.0,,True,True,,,True,True,True,,,False,True,,,False,,,True,,,,,,,,,,,,,,,,,,,,,,,,,,,
797389960349354986,https://www.airbnb.com.vn/rooms/797389960349354986,Thuận An,8,10.94503,106.66995,REGULAR,,"Khu cắm trại thiên nhiên,an toàn",private_room,False,,/ đêm,399.412,₫399.412,8.0,,True,True,,,,,,,False,,,,True,,,,True,,,True,,False,,,,,,True,,,,True,,,,,,,,,,,True,
32072842,https://www.airbnb.com.vn/rooms/32072842,Thạnh Lộc,13,10.88158,106.68064,REGULAR,,"Phòng ngủ đôi chung tại TP.HCM, Quận 12",shared_room,False,,/ đêm,270.947,₫270.947,2.0,,True,True,,,True,,True,,False,,,,,,,,True,,,,,False,,,True,,,,,,,,,,,,,,,,,,,
45279891,https://www.airbnb.com.vn/rooms/45279891,Thị xã Tân Uyên,5,11.08789,106.90834,REGULAR,,"Hoàn toàn sôi động, tuy nhiên yên tĩnh tuyệt vời",entire_home,False,,/ đêm,562.065,₫562.065,3.0,,True,True,,,True,True,True,,,,,,,,,,True,,True,,,,,,True,,,,,True,,,,,,,,,,,,,,
39325791,https://www.airbnb.com.vn/rooms/39325791,Trảng Bom,9,10.96722,106.9511,REGULAR,,Phòng ấm cúng ở Đồng Nai,private_room,False,,/ đêm,319.530,₫319.530,2.0,,True,,,,,,True,,False,False,True,,,False,,,,,,,True,False,,,,,,,,,,,,,,,,,,,,,,
41153962,https://www.airbnb.com.vn/rooms/41153962,Thành phố Thủ Dầu Một,1,11.02381,106.65583,REGULAR,,Nha nghi gia re Binh Duong,private_room,False,,/ đêm,268.177,₫268.177,2.0,,,True,,,True,,True,,False,,,,,,,,,,,,,False,,,,,,,,,,,,,,,,,,,,,,
21111518,https://www.airbnb.com.vn/rooms/21111518,ho chi minh,7,11.05231,106.44575,REGULAR,,"Nơi ẩn náu, gần địa đạo Cuchi, 1 phòng ngủ",private_room,False,,/ đêm,1.312,₫1.312.354,4.0,,True,True,,,True,True,True,,False,False,True,,,False,,1,True,,True,,,False,6,,,,,,,,,,,,,,,,,,,,,
28278036,https://www.airbnb.com.vn/rooms/28278036,Thị xã Bến Cát,8,11.26151,106.6002,REGULAR,,"NHÀ SANG trọng 3BR: HỒ bơi, KARAOKE & WiFi MIỄN PHÍ",entire_home,False,,/ đêm,455.019,₫455.019,1.0,,True,,,,,,True,,False,,,,,,,,True,,,,,False,,,,True,,,,,,,,,,,,,,,,,,
28402164,https://www.airbnb.com.vn/rooms/28402164,Thủ Dầu Một,4,11.0193,106.62836,REGULAR,,Duys Haus,entire_home,False,,/ đêm,776.205,₫776.205,2.0,,True,True,,,,True,True,,,,,,,,"4,69",29,True,,,,,,,,True,,True,,,,,,,True,,,,,True,,,,,
41383509,https://www.airbnb.com.vn/rooms/41383509,thành phố Biên Hòa,7,10.95444,106.87266,REGULAR,,PT Biên Hòa Plaza C23,entire_home,False,,/ đêm,912.942,₫912.942,2.0,,,True,,,True,,True,,,,,,,,,,True,,,,,,,,,,,,,,,,,,,,,,,,,,,
41388643,https://www.airbnb.com.vn/rooms/41388643,,15,10.87844,106.81203,REGULAR,,Aurora-Elegant Home★ Căn hộ 2BRS ★MASTERI TD,entire_home,False,,/ đêm,1.258,₫1.258.965,4.0,,True,True,,True,True,True,True,True,False,,,,,,,,,True,,,True,,,,,,,,,,,,,,,,,,,,,,,
16796112,https://www.airbnb.com.vn/rooms/16796112,Củ Chi,4,11.09106,106.51798,REGULAR,,Khu nghỉ dưỡng Tanja,private_room,False,,/ đêm,284.740,₫284.740,4.0,,,True,,,,True,True,,False,,,,,,"4,53",17,True,,,,True,False,,,,True,,,,,,,,,,,,,,,,,,
557163544274452737,https://www.airbnb.com.vn/rooms/557163544274452737,Quận 9,30,10.8824,106.83836,REGULAR,,"s14,Ngôi nhà nghỉ dưỡng 3 phòng ngủ đáng yêu với hồ bơi S3",entire_home,False,,/ đêm,1.077,₫1.077.268,6.0,,True,True,,True,True,True,True,,,,,,,,,,,True,,,,,,,,,True,True,,,,True,,,,,,,,,,,,
730096781233869305,https://www.airbnb.com.vn/rooms/730096781233869305,Thành phố Thủ Dầu Một,11,10.9639594,106.679939,REGULAR,,Phòng lớn - Căn hộ 2 phòng ngủ,private_room,False,,/ đêm,,,3.0,,True,True,,,True,True,True,,False,,,,,,,,True,,,,,,,,,,,,,,,,,,,,,,,,,,,
662174440852087177,https://www.airbnb.com.vn/rooms/662174440852087177,thành phố Biên Hòa,19,10.951425545009155,106.82865612208843,REGULAR,,Căn hộ đáng yêu tại Biên Hòa/Phòng tập thể dục miễn phí,entire_home,False,,/ đêm,1.430,₫1.430.707,4.0,,True,True,True,True,True,True,True,,False,,,,True,,"5,0",3,,,,True,,,,,,,,,,,,,,,,,,,,,,,,
28084499,https://www.airbnb.com.vn/rooms/28084499,Phước Vĩnh,20,11.27773,106.79704,REGULAR,,PHÒNG SUITE SANG TRỌNG ẤM CÚNG GẦN PHÚ GIAO,entire_home,False,,/ đêm,1.324,₫1.324.111,4.0,,True,True,,,True,,True,,False,,,,,,,,True,,True,,,False,,,True,,,,,,,,,,,,,,,,,,,
39091252,https://www.airbnb.com.vn/rooms/39091252,Thị xã Thuận An,3,10.9437,106.72715,REGULAR,,CĂN HỘ 2BR HIỆN ĐẠI TẠI D1 THỊ TRẤN VIET-SING,entire_home,False,,/ đêm,970.000,₫970.000,4.0,,True,True,,,True,True,True,,False,,,,,,,,True,True,,,,False,,,,True,,,,,,,,,,,,,,,,,,
688917913299908018,https://www.airbnb.com.vn/rooms/688917913299908018,Long Bình,21,10.8661385,106.8381734,REGULAR,,Nice Apartment Vinhomes Grand Park District 9,entire_home,False,,/ đêm,1.027,₫1.027.059,4.0,,True,True,True,True,,True,True,True,False,,,,,,,,,True,,,,,,,,,,,,,,,True,,,,,,,,,,,
34843718,https://www.airbnb.com.vn/rooms/34843718,Thuận An,17,10.9229,106.71236,REGULAR,,Sống trong căn hộ cao cấp tại Habitat,entire_home,False,,/ đêm,942.612,₫942.612,4.0,,True,True,,True,True,,True,,False,,,,,,,,True,True,,,,False,,,,,,,,True,,,,,,,,,,,,,,
30900469,https://www.airbnb.com.vn/rooms/30900469,Quận 1,8,10.88095,106.796,REGULAR,,"Căn hộ sạch sẽ, an toàn với cây cối và hồ nước xung quanh",shared_room,False,,/ đêm,261.208,₫261.208,1.0,,True,True,,,,,,,False,,,,,,,,,,,,,False,,,,,,,,,,,,,,,,,,,,,,
42233121,https://www.airbnb.com.vn/rooms/42233121,Quận 12,7,10.88949,106.66282,REGULAR,,Saigon farm,private_room,False,,/ đêm,342.353,₫342.353,15.0,,True,True,,,,True,,,False,False,False,,,,,,True,,,,True,False,,True,,True,,,,,,,,,,,,,True,,,,,
653850022716966069,https://www.airbnb.com.vn/rooms/653850022716966069,Dĩ An,28,10.9075061,106.7530194,REGULAR,,Căn hộ cao cấp BGA08 với hồ bơi đẹp cho cặp đôi *,entire_home,False,,/ đêm,616.236,₫616.236,2.0,,True,True,,True,True,,True,,,,,,,,,,True,True,,,,,,,True,,True,,,,,,,,,,,,,,,,,
45883719,https://www.airbnb.com.vn/rooms/45883719,Củ Chi,22,10.97818,106.47926,REGULAR,,PARADISE CU CHI HOTEL - Phòng tiêu chuẩn,private_room,False,,/ đêm,627.647,₫627.647,2.0,,,True,,True,True,,True,,False,,,,,,,,True,,,,,,,,,,,,,,,,,,,,,,True,,,,,
15917750,https://www.airbnb.com.vn/rooms/15917750,tx. Thuận An,30,10.89185,106.70479,REGULAR,,Nhà Zens rộng 150m2 có bể bơi cho gia đình và nhóm.,private_room,False,,/ đêm,,,7.0,,True,True,,True,True,,,,False,False,False,,,False,,,True,,,,True,False,,,,,,,,,True,,,,,,,,,,,,,
41383444,https://www.airbnb.com.vn/rooms/41383444,thành phố Biên Hòa,7,10.95634,106.87266,REGULAR,,PT Biên Hòa Plaza C22,entire_home,False,,/ đêm,912.942,₫912.942,2.0,,,True,,,True,,True,,,,,,,,,,True,,,,,,,,,,,,,,,,,,,,,,,,,,,
39761290,https://www.airbnb.com.vn/rooms/39761290,Thị xã Thuận An,7,10.94296,106.72855,REGULAR,,"Modern 1 BR An Phu Ward, Thuan an, Binh Duong",private_room,False,,/ đêm,704.677,₫704.677,2.0,,True,True,,,True,True,True,,False,,,,,,,,True,True,True,,,False,,,,,,,,,,,,,,,,,,,,,,
21575099,https://www.airbnb.com.vn/rooms/21575099,Thành phố Thủ Dầu Một,14,10.95167,106.65624,REGULAR,,Ngoi nha am cung Cho moi gia Dinh và ban be,private_room,False,,/ đêm,428.247,₫428.247,2.0,,True,True,,,True,True,True,,False,False,False,,,False,,,True,,,,,False,,,,,,,,,True,,,,,,,,,,,,,
772685941907133871,https://www.airbnb.com.vn/rooms/772685941907133871,thành phố Biên Hòa,7,10.883862466971788,106.8535486094562,REGULAR,,cho thuê nhà nguyên căn Biên Hòa,entire_home,False,,/ đêm,1.661,₫1.661.554,5.0,,True,True,True,True,True,True,True,,False,,,,,,,,True,,,,,False,,,,,,,,,,,,,,,,,,,,,,
14267638,https://www.airbnb.com.vn/rooms/14267638,Thu Duc District ,9,10.86731,106.72746,REGULAR,,Giá tốt căn hộ 55usd/ ngày,entire_home,False,,/ đêm,1.070,₫1.070.653,5.0,,True,True,,True,True,True,True,,False,,,,,,,,,True,True,,,False,,,,,,,,,,,,,,,,,,,,,,
822202625129818213,https://www.airbnb.com.vn/rooms/822202625129818213,Dĩ An,14,10.90691,106.74212,REGULAR,,Căn hô ̣ Charm City cho thuê 1 giường,entire_home,False,,/ đêm,764.589,₫764.589,2.0,,True,True,True,True,True,True,True,,,,,,True,,,,,,,,,,,,,True,True,,,,,,,,,,,,,,,,,
44308345,https://www.airbnb.com.vn/rooms/44308345,Thành phố Thủ Dầu Một,30,10.98146,106.64976,REGULAR,,"River View, Phòng Khá",private_room,False,,/ đêm,1.141,₫1.141.177,2.0,,,True,,True,True,,True,,False,,,,,,,,True,,,,,False,,,True,,,,,,,,,,,,,,True,,,,,True
565062046512730805,https://www.airbnb.com.vn/rooms/565062046512730805,Thành phố Thủ Dầu Một,22,11.05494,106.68221,REGULAR,,Pizzpart- Newcity Luxury 2Br,entire_home,False,,/ đêm,3.961,₫3.961.195,4.0,,True,True,True,True,True,,True,,,,,,,,,,True,True,,,,,,,,,,,,,True,,True,,,,,,,,,,,
695170059892211525,https://www.airbnb.com.vn/rooms/695170059892211525,Thành phố Thủ Dầu Một,12,11.07185,106.68111,REGULAR,,Căn hộ 2 phòng ngủ đáng yêu tại thành phố Thủ Dầu Một,entire_home,False,,/ đêm,859.271,₫859.271,4.0,,True,True,,True,True,True,True,,False,,,,True,,,,True,,,,,,,,,,,,,,,,,,,,,,,,,,True,
47901771,https://www.airbnb.com.vn/rooms/47901771,Thị xã Thuận An,11,10.92849,106.71381,REGULAR,,4 căn hộ mỗi tầng chỉ làm cho nó yên tĩnh,entire_home,False,,/ đêm,1.027,₫1.027.059,3.0,,True,True,True,True,True,True,,,False,,,,,,,,,True,True,,,,,,,,,,,,True,,,,,,,,,,,,,
34911489,https://www.airbnb.com.vn/rooms/34911489,Củ Chi,8,11.03368,106.56651,REGULAR,,Căn hộ Phú Hoà Đông 2 giường yên tĩnh và sạch sẽ,entire_home,False,,/ đêm,856.514,₫856.514,4.0,,True,True,,True,True,True,True,,,,,,True,,,,True,True,,,,,,,,,,,,,,,,,,,,,,,,,,
718046725424608101,https://www.airbnb.com.vn/rooms/718046725424608101,thành phố Biên Hòa,15,10.9724914,106.8848813,REGULAR,,1 phòng ngủ riêng vui vẻ có hồ bơi và thang máy,private_room,False,,/ đêm,1.773,₫1.773.261,1.0,,True,True,True,True,True,,,,False,False,True,,True,,,,True,,,,,False,,True,,,,,,,,,,,,,,,,,,,,
42670721,https://www.airbnb.com.vn/rooms/42670721,Quận 9,5,10.95493,106.87265,REGULAR,,PT Biên Hoà Plaza B33,private_room,False,,/ đêm,798.824,₫798.824,4.0,,True,True,,,True,True,True,,,False,True,,,False,,,True,,,,,,,,,,,,,,,,,,,,,,,,,,,
40498472,https://www.airbnb.com.vn/rooms/40498472,Hồ Chí Minh,5,10.87862,106.8137,REGULAR,,Cozy apartment in Masteri Thao Dien,entire_home,False,,/ đêm,1.070,₫1.070.653,4.0,,True,True,,True,True,True,True,,False,,,,,,,,,True,,,True,False,,,,,,,,,,,,,,,,,,,,,,
582762162672643777,https://www.airbnb.com.vn/rooms/582762162672643777,,12,10.88075,106.81503,REGULAR,,Thảole 's homestay - Masteri Thảo Điền 2BR,entire_home,False,,/ đêm,1.304,₫1.304.202,5.0,,True,True,,True,True,True,True,,,,,,True,,,,,True,True,,,,,,,,,,,,True,,,,,,,,,,,,,
796180096616454533,https://www.airbnb.com.vn/rooms/796180096616454533,Quận 9,13,10.87998,106.81428,REGULAR,,Aurora Japanese style,entire_home,False,,/ đêm,1.601,₫1.601.650,4.0,,True,True,,True,True,True,True,True,False,,,,,,,,,,,,,,,,,,True,True,,,,,,,,,,,,,,,,
43561638,https://www.airbnb.com.vn/rooms/43561638,Củ Chi,12,10.97095,106.48519,REGULAR,,"Không gian yên tĩnh, an ninh ....",private_room,False,,/ đêm,285.294,₫285.294,16.0,,True,True,,,True,True,True,,False,,,,,,,,True,,,,,False,,,True,,,,,,,,,,,,,,,,,,,
17612652,https://www.airbnb.com.vn/rooms/17612652,Ben Cat,12,11.08798,106.61514,REGULAR,,Biệt thự Western Land,entire_home,False,,/ đêm,990.319,₫990.319,4.0,,True,True,,,True,True,True,,False,,,,,,,,True,,,,True,False,,,,,,,,,True,,,,,,,,,,,,,
28162742,https://www.airbnb.com.vn/rooms/28162742,Tân Lập,8,11.39258,106.81242,REGULAR,,3 PER MASTER SUITE 15 @ BIỆT THỰ CỦA CHÚNG TÔI,entire_home,False,,/ đêm,1.391,₫1.391.840,6.0,,True,True,,,True,,True,,,,,,,,,,True,,True,,,False,,,,,,,,,,,,,,,,,,,,,,
692959106509873566,https://www.airbnb.com.vn/rooms/692959106509873566,Quận 9,9,10.8665603,106.8097642,REGULAR,,Căn hộ bình yên của mẹ,entire_home,False,,/ đêm,,,6.0,,True,True,True,True,,True,True,,False,,,,,,,,True,,,,,,,,,,,,,,,,,,,,,,,,,,,
42745897,https://www.airbnb.com.vn/rooms/42745897,thành phố Biên Hòa,19,10.94168,106.86726,REGULAR,,Căn hộ của Saigon Gateway LiLak.,entire_home,False,,/ đêm,2.221,₫2.221.569,4.0,,True,True,,True,True,True,True,,False,,,,,,,,True,,True,,True,,,,,,,,,,,,,,,,,,,,,,,
843985607322035835,https://www.airbnb.com.vn/rooms/843985607322035835,Thủ Đức,8,10.8650696,106.8003988,REGULAR,,Cho 3pn Estella Heights,entire_home,False,,/ đêm,2.379,₫2.379.468,,,True,True,True,True,True,True,True,,,,,,True,,,,,,,,,,,,,,,,,,,,,,,,,True,,,,,True,
863351758065342575,https://www.airbnb.com.vn/rooms/863351758065342575,Dĩ An,6,10.870829,106.7566006,REGULAR,,Homestay Cho thuê phòng cao cấp,private_room,False,,/ đêm,,,2.0,,True,True,True,True,True,True,True,,,False,True,,True,,,,,,,,,,,True,,True,,,,,,,,,,,,,,,,,,
46697267,https://www.airbnb.com.vn/rooms/46697267,xã Tân Xuân,4,10.86343,106.59211,REGULAR,,Sunny House - Natural Bungalaw*gần công viên Rin Rin,entire_home,False,,/ đêm,403.647,₫403.647,3.0,,,True,True,,True,,True,,False,,,,True,,,,,,,,,False,,,True,,,,,,,,,,,,,,,,,,,
45338154,https://www.airbnb.com.vn/rooms/45338154,Thị xã Bến Cát,9,11.12883,106.6477,REGULAR,,Phòng rộng rãi với nhiều giường,entire_home,False,,/ đêm,700.990,₫700.990,4.0,,True,True,,True,True,True,True,,,,,,,,,,True,,True,,,,,,,,,,,True,True,,,,,,,,,,,,,
25896399,https://www.airbnb.com.vn/rooms/25896399,Thị xã Bến Cát,9,11.14339,106.63436,REGULAR,,Ban công có tầm nhìn toàn cảnh ra Hồ Tây,shared_room,False,,/ đêm,271.388,₫271.388,5.0,,,True,,,True,True,,,False,,,,,,,,,,,,True,False,,,True,,,,,,,,,,,,,,True,,,,,
28842450,https://www.airbnb.com.vn/rooms/28842450,Thành phố Thủ Dầu Một,13,11.00224,106.67359,REGULAR,,Cho thuê nhà riêng tại Bình Dương,entire_home,False,,/ đêm,1.032,₫1.032.706,2.0,,True,True,True,,True,True,,,False,,,,,,,,True,,,,True,False,,,,,,,,,,True,,,,,,,,,,,,
38630025,https://www.airbnb.com.vn/rooms/38630025,Thị xã Thuận An,7,10.92505,106.714,REGULAR,,"Tòa nhà chung cư B-Hiệp Thành 3, thành phố Bình Dương",entire_home,False,,/ đêm,449.294,₫449.294,2.0,,True,True,True,True,True,True,True,,,,,,True,,,,,True,True,,,,,,,,,,,,,,,,,,,,,,,,,
26821023,https://www.airbnb.com.vn/rooms/26821023,Bến Cát,5,11.22675,106.56095,REGULAR,,Diện tích: 75m2 - Tốt cho 4 khách - Ở lại ( Thành phố Hồ Chí Minh),entire_home,False,,/ đêm,910.037,₫910.037,4.0,,True,True,,,True,True,True,,,,,,,,,,True,True,True,,,,,,,,,,,,True,,,,,,,,,,,,,
47983708,https://www.airbnb.com.vn/rooms/47983708,Thị xã Thuận An,14,10.90733,106.71155,REGULAR,,"Căn hộ đẹp và thuận tiện ở Thuận An, BD",entire_home,False,,/ đêm,1.070,₫1.070.633,6.0,,True,True,True,True,True,True,True,,False,,,,,,,,True,,,,,,,,,,,,,,True,,,,,,,,,,,,,
791164364619800803,https://www.airbnb.com.vn/rooms/791164364619800803,Dĩ An,15,10.90614,106.74157,REGULAR,,"Di an Sunny, Luxury View Big Pool Căn hộ hoàn toàn mới",entire_home,False,,/ đêm,1.468,₫1.468.707,5.0,,True,,,True,True,True,,,,,,,,,,,True,,,,,,,,,,,,,,,,,,,,,,,,,,,
786690343187877965,https://www.airbnb.com.vn/rooms/786690343187877965,Thị xã Bến Cát,1,11.130361433930853,106.6032151132822,REGULAR,,Phòng Giường Đôi,private_room,False,,/ đêm,399.412,₫399.412,2.0,,True,True,True,,True,True,,,False,,,,True,,,,True,True,,,,False,,,,,,,,,,,,,,,,,,,,,,
820626394311347659,https://www.airbnb.com.vn/rooms/820626394311347659,Thị xã Bến Cát,6,11.130050564684446,106.60325504612427,REGULAR,,Khách sạn Hưng Phước,private_room,False,,/ đêm,1.141,₫1.141.177,2.0,,,True,True,,True,True,True,,False,,,,True,,,,True,,,,,,,,,,,,,,,,,,,,,,,,,,,
31155835,https://www.airbnb.com.vn/rooms/31155835,Quan 12,8,10.8714,106.64002,REGULAR,,"32/43 tran thi do, hiep thanh, q12",shared_room,False,,/ đêm,958.589,₫958.589,1.0,,True,True,,True,True,,True,,False,,,,,,,,True,,True,,,False,,,,,,,,,True,,,,,,,,,,,,,
46863344,https://www.airbnb.com.vn/rooms/46863344,Thị xã Bến Cát,1,11.13163,106.60844,REGULAR,,cho thuê  nhà phố ECOLAC MỸ PHƯỚC BÌNH DƯƠNG,entire_home,False,,/ đêm,574.902,₫574.902,4.0,,True,True,,True,True,,True,,False,,,,,,,,True,,,,,False,,,,,,,,,True,,,,,,,,,,,,,True
42541584,https://www.airbnb.com.vn/rooms/42541584,Củ Chi,14,10.97251,106.48577,REGULAR,,Khách sạn - căn hộ,private_room,False,,/ đêm,285.294,₫285.294,16.0,,True,True,,,True,True,True,,False,False,True,,,False,,,True,,,,,False,,,True,,,,,,,,,,,,,,,,,,,
18813652,https://www.airbnb.com.vn/rooms/18813652,Thạnh Lộc,14,10.86441,106.68281,REGULAR,,Đảo xanh trong thị trấn.,private_room,False,,/ đêm,399.412,₫399.412,2.0,,True,True,,,True,True,True,,False,False,False,,,False,,,True,,True,,,False,,,,,,,,,,,,,,,,,,,,,,
46435914,https://www.airbnb.com.vn/rooms/46435914,Quận 9,17,10.88995,106.83283,REGULAR,,Căn hă nghế dưỡ ng cho thuê căc Đẹ p,entire_home,False,,/ đêm,1.129,₫1.129.765,4.0,,True,,,True,True,,True,,False,,,,,,,,True,,,,,,,,True,,,,,,True,,,,,,,,,,,,,
27968913,https://www.airbnb.com.vn/rooms/27968913,Thái Mỹ,12,10.99315,106.40451,REGULAR,,Biệt thự 3 phòng ngủ giá rẻ tại Củ Chi,entire_home,False,,/ đêm,472.140,₫472.140,1.0,,True,True,,,True,True,True,,,,,,,,,,True,,,,,,,,True,,,,,,True,,,,,,,,True,,,,,
34835480,https://www.airbnb.com.vn/rooms/34835480,Củ Chi,6,10.98826,106.41333,REGULAR,,Nhà vườn có những ĐIỂM ĐẶC biệt của NGÔI NHÀ NÀY,entire_home,False,,/ đêm,1.391,₫1.391.827,2.0,,True,True,,,True,,True,,False,,,,,,,,True,True,,,True,,,,,,,,,,,,,,,,,,,,,,,
823631902562976004,https://www.airbnb.com.vn/rooms/823631902562976004,Tân Bình,9,11.40063,106.73101,REGULAR,,Do what you love in a Great APT!,entire_home,False,,/ đêm,1.102,₫1.102.612,2.0,,True,True,True,,,True,True,,False,,,,True,,,,True,,,,,,,,,,,,,,,,,,,,,,,,,,,
633682998420170871,https://www.airbnb.com.vn/rooms/633682998420170871,Thủ Đức,24,10.86455,106.79673,REGULAR,,"SHomes Căn hộ cao cấp có hồ bơi, phòng gym",entire_home,False,,/ đêm,1.341,₫1.341.339,4.0,,True,True,True,True,True,True,True,,False,,,,,,"5,0",3,True,,,,True,,,,,,,,,,,,,,,,,,,,,,,
877700685594644786,https://www.airbnb.com.vn/rooms/877700685594644786,Thuận An,18,10.947769759937234,106.70704708042605,REGULAR,,Binh Duong*center*1BR Apt*Industrial Park*Pool*Gym,entire_home,False,,/ đêm,1.950,₫1.950.000,2.0,,True,True,True,True,True,True,True,,False,,,,,,,,,True,,,,,,,,,,,,,,,,,,,,,,True,,,,
815637797493457112,https://www.airbnb.com.vn/rooms/815637797493457112,Quận 4,9,11.43326,106.6485,REGULAR,,Căn hộ 1 phòng ngủ,entire_home,False,,/ đêm,1.664,₫1.664.791,2.0,,True,True,,,True,True,True,,False,,,,,,,,,,,,,False,,,,True,True,,,,,,,,,,,,,,,,,
40095850,https://www.airbnb.com.vn/rooms/40095850,Thuận An,9,10.92522,106.7126,REGULAR,,đồ trang trí mới cho thuê,entire_home,False,,/ đêm,1.141,₫1.141.177,4.0,,True,True,,True,True,True,True,,False,,,,,,,,,True,,,,,,,,,True,,,True,,,,,,,,,,,,,,
792240683869663140,https://www.airbnb.com.vn/rooms/792240683869663140,Thị xã Tân Uyên,6,11.1005706,106.767069,REGULAR,,Đơn sơ homstay,entire_home,False,,/ đêm,889.441,₫889.441,4.0,,True,True,True,,True,True,True,,False,,,,,,,,True,,,,,False,,,,,,,,,,,,,,,,,,,,,,
614975740558791561,https://www.airbnb.com.vn/rooms/614975740558791561,Thuận An,7,10.92342,106.71249,REGULAR,,Căn hộ 2PN cao cấp Habitat,entire_home,False,,/ đêm,981.412,₫981.412,4.0,,True,True,True,,,True,True,,False,,,,True,,,,True,,,,,,,,,,,,True,,,,,,True,,,,,,,,,
649468556438340090,https://www.airbnb.com.vn/rooms/649468556438340090,Dĩ An,5,10.88834,106.77887,REGULAR,,Tầm nhìn xanh Di An Bcons,private_room,False,,/ đêm,628.014,₫628.014,2.0,,True,,,True,,True,True,True,False,False,False,,True,,,,,,,,,,,True,,,,,,,,,,,,,,,,,,,,
815657916618189714,https://www.airbnb.com.vn/rooms/815657916618189714,Quận 4,8,11.43309,106.64908,REGULAR,,Căn hộ Studio 1,entire_home,False,,/ đêm,1.383,₫1.383.530,2.0,,True,True,,,True,True,True,,False,,,,,,,,,,,,,False,,,,True,,,,,,,,,,,,,,,,,,
614938913931072399,https://www.airbnb.com.vn/rooms/614938913931072399,Thủ Đức,5,10.87276,106.80249,REGULAR,,"Cho thuê phòng theo ngày, theo tuần, theo tháng.",private_room,False,,/ đêm,262.131,₫262.131,2.0,,,,True,,,,,,False,False,True,,True,False,,,,,,,,False,,,,,,,,,,,,,,,,,,,,,,
24961797,https://www.airbnb.com.vn/rooms/24961797,,9,11.32329,106.48988,REGULAR,,Resort hoang Viet phuong,entire_home,False,,/ đêm,2.783,₫2.783.626,4.0,,True,True,,True,True,True,True,,,,,,,,,,,True,True,,True,,,,,,,,,,True,,,,,,,,,,,,,
598200893081189240,https://www.airbnb.com.vn/rooms/598200893081189240,Thuận An,29,10.9484,106.70554,REGULAR,,Thuan an Binh duong Luxury,entire_home,False,,/ đêm,1.717,₫1.717.727,5.0,,True,True,True,,True,True,True,,,,,,True,,,,,True,,True,,,,,True,,,,,,,,,,,,,,,,,,,
26577544,https://www.airbnb.com.vn/rooms/26577544,Bến Cát,5,11.13935,106.63573,REGULAR,,Căn hộ có diện tích 65 m² và nằm trong khu vực tuyệt vời.,entire_home,False,,/ đêm,686.548,₫686.548,3.0,,True,True,,,True,True,True,,,,,,,,,,True,True,True,,,,,,,,,,,,,,,,,,,,,,,,,
17349972,https://www.airbnb.com.vn/rooms/17349972,Quận 9,28,10.86472,106.82791,REGULAR,,Biệt thự có tầm nhìn ra vườn ( trong sân golf),private_room,False,,/ đêm,,,6.0,,True,True,,True,True,True,True,,,False,True,,,False,,,True,,,,True,,,,,,,,,True,,,,,,,,,,,,,,
708954774384191549,https://www.airbnb.com.vn/rooms/708954774384191549,Bien Hoa,17,10.868171009699235,106.90130388445584,REGULAR,,Qant Villa căn số 1,entire_home,False,,/ đêm,2.285,₫2.285.742,4.0,,True,True,,,True,True,True,,False,,,,,,,,True,,,,,False,,,,,,True,,,,True,,,,,,,,,,,,
789706230167925559,https://www.airbnb.com.vn/rooms/789706230167925559,Thị xã Bến Cát,2,11.130248285620993,106.60321746021509,REGULAR,,Phòng Deluxe Giường Đôi Ban Công,private_room,False,,/ đêm,547.765,₫547.765,2.0,,,True,,,True,True,True,,False,,,,True,,,,True,,True,True,,False,,,,,,,,,,,,,,,,,,,,,,
46370960,https://www.airbnb.com.vn/rooms/46370960,Thị xã Thuận An,1,10.94516,106.7426,REGULAR,,Khách sạn giá tẻ có ghế tình yêu !,private_room,False,,/ đêm,,,2.0,,True,True,,,True,True,True,,False,,,,,,,,True,,True,,,False,,,,,,,,,True,,,,,,,,,,,,,
49784721,https://www.airbnb.com.vn/rooms/49784721,Củ Chi,4,10.97637,106.4777,REGULAR,,PARADISE CU CHI HOTEL - Phòng Deluxe,private_room,False,,/ đêm,741.765,₫741.765,2.0,,,True,True,True,True,,True,,False,,,,True,,,,True,True,,,,,,,,,,,,,,,,,,,,,True,,,,,
34268428,https://www.airbnb.com.vn/rooms/34268428,thành phố Biên Hòa,6,10.90389,106.90381,REGULAR,,Căn hộ dịch vụ cho thuê tại Đồng Nai,entire_home,False,,/ đêm,3.519,₫3.519.544,8.0,,True,True,,,,,True,True,False,,,,,,"5,0",5,True,,True,,,,,,,,,True,,,,,,,,,,,,,,,,
710424271809432299,https://www.airbnb.com.vn/rooms/710424271809432299,Dĩ An,22,10.90788,106.74244,REGULAR,,Nhà của Anna,entire_home,False,,/ đêm,,,5.0,True,True,True,True,True,True,,,,,,,,True,,,,True,,,,,,,,,,,True,,,,True,,,,,,,,,,,,
