room_id,url,rating,city,contextualPicturesCount,lat,long,listingObjType,pdpUrlType,name,roomTypeCategory,reviewCount,canInstantBook,weeklyPriceFactor,structuredStayDisplayPrice,price,price_full,maxGuestCapacity,SYSTEM_FLOWER,SYSTEM_COOKING_BASICS,SYSTEM_WI_FI,SYSTEM_WORKSPACE,SYSTEM_MAPS_CAR_RENTAL,SYSTEM_SNOWFLAKE,SYSTEM_PATIO_BALCONY,SYSTEM_LUGGAGE_DROP,SYSTEM_NO_DETECTOR_CO2,SYSTEM_NO_DETECTOR_SMOKE,isSuperHost,isVerified,SYSTEM_PETS,SYSTEM_FIREPIT,SYSTEM_SMOKING_ALLOWED,SYSTEM_CALENDAR,SYSTEM_NO_LOCK_ON_DOOR,yearHosting,SYSTEM_LOCK_ON_DOOR,SYSTEM_TV,SYSTEM_WASHER,SYSTEM_DRYER,SYSTEM_HAIRDRYER,SYSTEM_VIEW_OCEAN,SYSTEM_SURVEILLANCE,SYSTEM_REFRIGERATOR,SYSTEM_VIEW_MOUNTAIN,SYSTEM_POOL,SYSTEM_JACUZZI,SYSTEM_ELEVATOR,SYSTEM_BREAKFAST,SYSTEM_FIREPLACE,SYSTEM_EV_CHARGER,SYSTEM_VIEW_CITY,SYSTEM_GYM
616768571533462336,https://www.airbnb.com.vn/rooms/616768571533462336,"4,95",Buon Ma Thuot,20,12.62115,108.03159,REGULAR,,Garden Village Studio - ThÃ nh phá»‘ BuÃ´n Ma Thuá»™t,private_room,21,False,,/ Ä‘Ãªm,688.942,â‚«688.942,2.0,True,True,True,True,True,True,True,True,False,False,,,,,,,,,,,,,,,,,,,,,,,,,
766486813139672052,https://www.airbnb.com.vn/rooms/766486813139672052,,Gia NghÄ©a,27,11.98843,107.64587,REGULAR,,"PhÃ²ng riÃªng dÆ°á»›i khu rá»«ng nhá». CÃ  phÃª, bia thá»§ cÃ´ng",private_room,,False,,/ Ä‘Ãªm,513.530,â‚«513.530,6.0,True,,True,,,,,,False,False,False,True,True,True,True,True,False,,,,,,,,,,,,,,,,,,
628573735722562002,https://www.airbnb.com.vn/rooms/628573735722562002,"5,0",Buon Ma Thuot,22,12.621814335433307,108.03239440654959,REGULAR,,Quang cáº£nh vÆ°á»n Bungalow - ThÃ nh phá»‘ BuÃ´n Ma Thuá»™t,private_room,8,False,,/ Ä‘Ãªm,1.033,â‚«1.033.063,4.0,True,True,True,True,True,True,True,,False,False,True,True,,,,,,11,True,,,,,,,,,,,,,,,,
48352833,https://www.airbnb.com.vn/rooms/48352833,"5,0",ThÃ nh phá»‘ BuÃ´n Ma Thuá»™t,20,12.7073,108.05398,REGULAR,,"Akiko House, nguyÃªn cÄƒn",entire_home,16,False,,/ Ä‘Ãªm,2.054,â‚«2.054.119,6.0,,True,True,,True,True,,,False,False,,,,,,,,,,True,True,True,True,,,,,,,,,,,,
28135430,https://www.airbnb.com.vn/rooms/28135430,"4,86",Daknong,27,11.9825,107.59344,REGULAR,,NhÃ  VÃ ng & NhÃ  CÃ¢y,entire_home,7,False,,/ Ä‘Ãªm,1.506,â‚«1.506.354,4.0,,True,True,,True,,True,,False,False,,,True,,,,,,,,True,True,,True,,,,,,,,,,,
875492997575350723,https://www.airbnb.com.vn/rooms/875492997575350723,,ThÃ nh phá»‘ BuÃ´n Ma Thuá»™t,12,12.7041926,108.0577667,REGULAR,,CÄƒn há»™ trung tÃ¢m BuÃ´n Ma Thuá»™t,entire_home,,False,,/ Ä‘Ãªm,,,4.0,,True,True,True,True,True,,,False,False,,,,,,,,,,True,True,,,,True,,,,,,,,,,
879152246707077363,https://www.airbnb.com.vn/rooms/879152246707077363,,ThÃ nh phá»‘ BuÃ´n Ma Thuá»™t,14,12.6776855,108.0406821,REGULAR,,CoCun Homestay/Handmade/Artwork (2beds),private_room,1,False,,/ Ä‘Ãªm,,,4.0,,,True,,True,True,,,False,False,False,True,,,,,,4,True,,,,True,,,True,,,,,,,,,
730126354008158252,https://www.airbnb.com.vn/rooms/730126354008158252,,ThÃ nh phá»‘ BuÃ´n Ma Thuá»™t,30,12.746832144489412,108.01679994910955,REGULAR,,Biá»‡t thá»± 3 phÃ²ng ngá»§ vá»›i táº§m nhÃ¬n xanh táº¡i BuÃ´n Ma Thuá»™t,entire_home,,False,,/ Ä‘Ãªm,3.081,â‚«3.081.178,16.0,,True,True,True,True,,,,False,False,,,,,,,,,,,,,,,True,,True,True,True,,,,,,
874123619943589449,https://www.airbnb.com.vn/rooms/874123619943589449,,ThÃ nh phá»‘ BuÃ´n Ma Thuá»™t,11,12.679931053576501,108.04839733068847,REGULAR,,Dak Lak*Center*Stylish*Smart room control*BB Inc,private_room,,False,,/ Ä‘Ãªm,900.000,â‚«900.000,4.0,,True,True,True,True,True,,True,False,,,,,,,,,,,True,True,,,,,,,,,True,,,,,
33211791,https://www.airbnb.com.vn/rooms/33211791,"3,67",ThÃ nh phá»‘ BuÃ´n Ma Thuá»™t,15,12.67756,108.0404,REGULAR,,CoCun Homestay/Handmade/Artwork (1 bed),private_room,3,False,,/ Ä‘Ãªm,,,2.0,,,True,,,True,,,False,False,,,,,,,,,,,,,True,True,,,,,,,,,,,
54188671,https://www.airbnb.com.vn/rooms/54188671,"5,0",ThÃ nh phá»‘ BuÃ´n Ma Thuá»™t,5,12.67625,108.04191,REGULAR,,Studio tá»‘i thiá»ƒu (3),private_room,3,False,,/ Ä‘Ãªm,365.177,â‚«365.177,2.0,,True,True,True,True,True,,,False,False,,,,,,,,,,True,True,,,,True,,,,,,,,,,
820053858350147162,https://www.airbnb.com.vn/rooms/820053858350147162,,Gia NghÄ©a,24,12.00481,107.68182,REGULAR,,#Tadung #camping #farmstay,private_room,,False,,/ Ä‘Ãªm,684.706,â‚«684.706,2.0,,True,True,True,True,,,,False,,False,True,,True,,,False,,,,True,,,True,True,,,,,,,,,,
843192555568841496,https://www.airbnb.com.vn/rooms/843192555568841496,,Buon Ma Thuot,30,12.75453,108.04128,REGULAR,,"NgÃ´i nhÃ  yÃªn bÃ¬nh vá»›i| khu vÆ°á»n lá»›n, láº¡ch, rau trÃ¡i cÃ¢y",private_room,2,False,,/ Ä‘Ãªm,,,3.0,True,True,True,True,,,,,False,False,False,True,,,,,,4,True,,,,,True,True,,,,,,,,,,
810081759647504218,https://www.airbnb.com.vn/rooms/810081759647504218,,Gia NghÄ©a,25,11.922234250417958,107.84026969224215,REGULAR,,Táº§m nhÃ¬n quang cáº£nh giÆ°á»ng cá»¡ King cá»§a gia Ä‘Ã¬nh,entire_home,,False,,/ Ä‘Ãªm,2.154,â‚«2.154.428,6.0,,True,True,True,True,True,,,False,False,,,,,,,,,,True,True,,,,,,True,,,,,,,,
26927272,https://www.airbnb.com.vn/rooms/26927272,"4,91",ThÃ nh phá»‘ BuÃ´n Ma Thuá»™t,30,12.6755,108.00528,REGULAR,,Sá»‘ng cÃ¹ng gia Ä‘Ã¬nh báº£n xá»© vui váº»,private_room,22,False,,/ Ä‘Ãªm,,,2.0,,True,True,True,,,,,,,False,True,True,,,,False,5,,True,True,True,True,,,,,,,,True,,,,
16211899,https://www.airbnb.com.vn/rooms/16211899,"5,0",Dak Mil,30,12.42758,107.65617,REGULAR,,Nguyen Thanh 's Orchid Pond Homestay,private_room,6,False,,/ Ä‘Ãªm,535.327,â‚«535.327,2.0,,True,True,True,True,,,,False,False,False,True,True,,,,False,6,,True,True,,,,,,,,,,,,,,
21257011,https://www.airbnb.com.vn/rooms/21257011,"4,92",ThÃ nh phá»‘ BuÃ´n Ma Thuá»™t,22,12.70194,108.06403,REGULAR,,NhÃ  vÃ¹ng cao,private_room,49,False,,/ Ä‘Ãªm,401.495,â‚«401.495,2.0,,,True,,True,True,,,False,,,,,,,,,,,True,,,True,,,True,,,,True,,True,,,
34629296,https://www.airbnb.com.vn/rooms/34629296,,ThÃ nh phá»‘ BuÃ´n Ma Thuá»™t,12,12.65336,108.02395,REGULAR,,Sá»‘ng cÃ¹ng gia Ä‘Ã¬nh báº£n xá»© mÃª cung S Phuot Ban,private_room,,False,,/ Ä‘Ãªm,347.948,â‚«347.948,2.0,,True,True,,True,True,True,,False,False,False,True,,,,,,,True,True,True,,,,,,,,,,,,,,
628102903623879994,https://www.airbnb.com.vn/rooms/628102903623879994,"5,0",Buon Ma Thuot,22,12.621669213645617,108.03244130256816,REGULAR,,Khung cáº£nh vÆ°á»n Studio sang trá»ng - ThÃ nh phá»‘ BuÃ´n Ma Thuá»™t,private_room,4,False,,/ Ä‘Ãªm,574.824,â‚«574.824,2.0,True,True,True,True,True,True,True,,False,False,,,,,,,,,,,,,,,,,,,,,,,True,,
789463115089253620,https://www.airbnb.com.vn/rooms/789463115089253620,,ThÃ nh phá»‘ BuÃ´n Ma Thuá»™t,30,12.74743,108.01721,REGULAR,,Homestay view siÃªu Ä‘áº¹p cÃ³ há»“ bÆ¡i BuÃ´n Ma Thuá»™t,entire_home,,False,,/ Ä‘Ãªm,3.081,â‚«3.081.178,16.0,,True,True,True,True,,,,False,False,,,,,,,,,,True,,,,,True,,,True,True,,,,,,
46812927,https://www.airbnb.com.vn/rooms/46812927,"4,71",ThÃ nh phá»‘ BuÃ´n Ma Thuá»™t,13,12.67486,108.02893,REGULAR,,Homestay Huyá»n Thoáº¡i KPan - Ä‘áº­m cháº¥t TÃ¢y NguyÃªn!,private_room,7,False,,/ Ä‘Ãªm,535.327,â‚«535.327,2.0,,True,True,True,True,,,,False,False,False,False,True,,,,False,2,,True,,,,,,,,True,,,,,,,
825991774094546348,https://www.airbnb.com.vn/rooms/825991774094546348,,Gia NghÄ©a,15,11.922304450392602,107.84030087292194,REGULAR,,Táº§m nhÃ¬n quang cáº£nh gia Ä‘Ã¬nh tá»« nÃºi Táº¡ Dung,entire_home,,False,,/ Ä‘Ãªm,1.605,â‚«1.605.990,4.0,,,,True,True,True,,,False,False,,,,True,,,,,,,,,,,True,,,,,,,,,,
870825775632914352,https://www.airbnb.com.vn/rooms/870825775632914352,,ThÃ nh phá»‘ BuÃ´n Ma Thuá»™t,6,12.67757,108.04696,REGULAR,,CÄƒn há»™ HAGL trung tÃ¢m Tp BMT,entire_home,,False,,/ Ä‘Ãªm,1.415,â‚«1.415.059,8.0,,True,True,True,True,True,,,False,False,,,,,,,,,,True,True,,,,True,,,,,,,,,,
820392562164970639,https://www.airbnb.com.vn/rooms/820392562164970639,,ThÃ nh phá»‘ BuÃ´n Ma Thuá»™t,30,12.698969038756262,108.05829735293703,REGULAR,,T Home BMT,entire_home,,False,,/ Ä‘Ãªm,,,8.0,True,True,True,True,True,,,,False,,,,True,,,,,,,True,,,,,True,,,,,,,,,True,
52447680,https://www.airbnb.com.vn/rooms/52447680,,ThÃ nh phá»‘ BuÃ´n Ma Thuá»™t,6,12.683,108.03299,REGULAR,,min-tÃ¢y- homestay,private_room,,False,,/ Ä‘Ãªm,,,4.0,,,True,True,True,True,,,False,False,True,True,,,,,,,True,True,True,,,,True,,,,,,,,,,
30751251,https://www.airbnb.com.vn/rooms/30751251,"4,36",ThÃ nh phá»‘ BuÃ´n Ma Thuá»™t,7,12.69006,108.05605,REGULAR,,NhÃ  Ä‘Ã´ thá»‹ - PhÃ²ng 1,private_room,47,False,,/ Ä‘Ãªm,318.388,â‚«318.388,2.0,,True,True,,True,True,,,False,False,False,True,True,,,,False,5,,,True,,True,,,,,,,,,,,,
27117371,https://www.airbnb.com.vn/rooms/27117371,"5,0",Dak Mil,8,12.45876,107.61824,REGULAR,,Trang tráº¡i gia Ä‘Ã¬nh Montagnards - kÃ½ tÃºc xÃ¡ Liberica,shared_room,5,False,,/ Ä‘Ãªm,,,10.0,,True,True,,True,,,,False,False,,,True,,True,,,,,,True,,,,,,,,,,True,,,,
43308150,https://www.airbnb.com.vn/rooms/43308150,,ThÃ nh phá»‘ BuÃ´n Ma Thuá»™t,5,12.6304976,107.9984139,REGULAR,,Bungalow cÃ³ há»“ bÆ¡i view sÃ¢n vÆ°á»n,private_room,,False,,/ Ä‘Ãªm,491.689,â‚«491.689,2.0,,True,True,True,True,,,,False,False,False,True,,,,,False,,,,True,,,,True,,,True,,,,,,,
802779779866363680,https://www.airbnb.com.vn/rooms/802779779866363680,,Gia NghÄ©a,11,11.922244418464029,107.84031629562378,REGULAR,,PhÃ²ng trÃªn láº§u sá»‘ 3,private_room,,False,,/ Ä‘Ãªm,507.965,â‚«507.965,2.0,,True,True,True,True,True,,,False,False,False,True,,,,,,,True,,,,,,True,,True,,,,,,,,
47110912,https://www.airbnb.com.vn/rooms/47110912,,Gia NghÄ©a,30,11.975399430650965,107.72395390682728,REGULAR,,PhÃ²ng nhÃ  sÃ n_ Yumin farmstay,private_room,,False,,/ Ä‘Ãªm,669.159,â‚«669.159,2.0,,True,True,,True,,True,,False,False,False,True,,,,,,,True,,,,,True,,,True,True,,,,,,,
848700733941480649,https://www.airbnb.com.vn/rooms/848700733941480649,,ThÃ nh phá»‘ BuÃ´n Ma Thuá»™t,30,12.682223595813626,108.05394073295106,REGULAR,,KhÃ¡ch sáº¡n Onhotle BuÃ´n Ma Thuáº­t,private_room,,False,,/ Ä‘Ãªm,268.177,â‚«268.177,16.0,,True,True,True,True,True,,,,,,,,,,,,,,True,True,,,,True,,,,True,,,,,True,
50138934,https://www.airbnb.com.vn/rooms/50138934,,ThÃ nh phá»‘ BuÃ´n Ma Thuá»™t,30,12.71736,108.05911,REGULAR,,"T'Farmstay nghá»‰ dÆ°á»¡ng tuyá»‡t vá»i phá»‘ nÃºi
CÃ³ bá»ƒ bÆ¡i",entire_home,,False,,/ Ä‘Ãªm,2.738,â‚«2.738.825,16.0,,True,True,True,True,,,,False,False,,,,,,,,,,True,,,,,True,,,True,True,,,,,,
42126617,https://www.airbnb.com.vn/rooms/42126617,"4,67",Thá»‹ xÃ£ Gia NghÄ©a,8,11.96098,107.66812,REGULAR,,NhÃ  nÃ´ng tráº¡i Yumin,private_room,3,False,,/ Ä‘Ãªm,,,4.0,True,True,True,,True,,,,False,False,False,True,True,,,,False,4,,,,,,True,,,,,,,,True,,,
17214784,https://www.airbnb.com.vn/rooms/17214784,,Äáº¯k Mil,27,12.42804,107.65598,REGULAR,,Nguyá»…n Thanh's Orchid Pond Homestay,private_room,1,False,,/ Ä‘Ãªm,404.778,â‚«404.778,2.0,True,,,True,,,True,,False,False,False,True,True,True,,,False,6,,True,True,,,,,,,,,,,,,,
778479643750792763,https://www.airbnb.com.vn/rooms/778479643750792763,,Phi LiÃªng,30,11.92682,108.10723,REGULAR,,HÃ nh trÃ¬nh nÃ y chÃ­nh lÃ  nhÃ ,private_room,,False,,/ Ä‘Ãªm,399.412,â‚«399.412,2.0,True,True,,,True,,True,,False,False,False,True,True,,,,False,,,,,,,,,,True,,,,,,,,
29116849,https://www.airbnb.com.vn/rooms/29116849,"4,49",ThÃ nh phá»‘ BuÃ´n Ma Thuá»™t,6,12.68994,108.05649,REGULAR,,NhÃ  Ban ÄÃ´ thá»‹ - Cá»­a sá»• PhÃ²ng 3,private_room,55,False,,/ Ä‘Ãªm,445.059,â‚«445.059,2.0,,True,True,,True,True,,,False,False,False,True,True,,,,,5,True,,True,,,,True,,,,,,,,,,
735875331635954035,https://www.airbnb.com.vn/rooms/735875331635954035,,Buon Me Thuot,18,12.7008591,108.058522,REGULAR,,Bungalow LÃ ng Sinh Sinh ThÃ¡i Topclever Daklak,private_room,,False,,/ Ä‘Ãªm,1.369,â‚«1.369.412,4.0,,,True,,True,,,,False,,,,,True,True,,,,,,,,,,True,,,True,,,,,,,
846614906553149111,https://www.airbnb.com.vn/rooms/846614906553149111,,ThÃ nh phá»‘ BuÃ´n Ma Thuá»™t,6,12.7114613,108.063814,REGULAR,,Homestay LÆ°ng Äá»“i,private_room,,False,,/ Ä‘Ãªm,689.100,â‚«689.100,10.0,,True,True,True,True,,,,False,False,False,True,True,,,,False,,,True,,,,,True,,,,,,,,,,
41250858,https://www.airbnb.com.vn/rooms/41250858,"4,5",ThÃ nh phá»‘ BuÃ´n Ma Thuá»™t,8,12.6661,108.039597,REGULAR,,PhÃ²ng VÃ ng-Y NuÃª: Homestay VÆ°á»n PhÃ¡p,private_room,10,False,,/ Ä‘Ãªm,445.059,â‚«445.059,2.0,,,True,,True,True,True,True,False,False,False,True,True,,,,,3,True,True,,,,,,,,,,,,,,,
30352463,https://www.airbnb.com.vn/rooms/30352463,"4,75",ThÃ nh phá»‘ BuÃ´n Ma Thuá»™t,8,12.68175,108.03528,REGULAR,,Bá»‘n Triá»‡u Homestay - Room No7,private_room,4,False,,/ Ä‘Ãªm,707.530,â‚«707.530,2.0,,True,True,,True,True,,,False,False,False,True,,,,,,5,True,,True,,True,,,,,,,,,,,,
45126914,https://www.airbnb.com.vn/rooms/45126914,"4,7",ThÃ nh phá»‘ BuÃ´n Ma Thuá»™t,5,12.6661,108.039597,REGULAR,,CÄƒn há»™ khÃ©p kÃ­n Há»“ Lak(homestay Vuon PhapI),entire_home,10,False,,/ Ä‘Ãªm,1.255,â‚«1.255.295,4.0,True,True,True,,,True,,True,False,,,,True,,,,,,,True,True,,True,,,,,,,,,,,,
40409491,https://www.airbnb.com.vn/rooms/40409491,,Äáº¯k Sáº¯k,1,12.42801,107.65649,REGULAR,,"Homestay and orchid farm, fishing lake",private_room,,False,,/ Ä‘Ãªm,588.866,â‚«588.866,2.0,,True,True,,True,,,,False,False,,,True,,,,,,,True,True,,True,,,,,,,,True,,,,
810038883909346353,https://www.airbnb.com.vn/rooms/810038883909346353,,Gia NghÄ©a,9,11.987917395789193,107.67861664295197,REGULAR,,ly's homestay táº¡i gia nghÄ©a,private_room,,False,,/ Ä‘Ãªm,437.166,â‚«437.166,,,True,True,True,True,,,,False,False,False,False,,,,,False,,,True,True,,,,,,,,,,,,,,
802646973365444790,https://www.airbnb.com.vn/rooms/802646973365444790,,Gia NghÄ©a,5,11.922317237939266,107.84036993980408,REGULAR,,PhÃ²ng trÃªn láº§u sá»‘ 1,private_room,,False,,/ Ä‘Ãªm,535.140,â‚«535.140,2.0,,True,True,True,True,True,True,,False,False,False,True,,,,,,,True,,,,,,True,,,,,,,,,,
30297957,https://www.airbnb.com.vn/rooms/30297957,"4,2",ThÃ nh phá»‘ BuÃ´n Ma Thuá»™t,9,12.67931,108.03519,REGULAR,,Sá»‘ng cÃ¹ng gia Ä‘Ã¬nh báº£n xá»© Bon Trieu - PhÃ²ng sá»‘ 3,private_room,5,False,,/ Ä‘Ãªm,456.471,â‚«456.471,2.0,,True,True,,True,True,True,,False,False,False,True,,,,,,5,True,,True,,True,,,,,,,,,,,,
740232582469235747,https://www.airbnb.com.vn/rooms/740232582469235747,,Krongpak District Buon Me Thuot Daklak,15,12.70057,108.05788,REGULAR,,Tree House cÃ³ Ä‘áº§y Ä‘á»§ tiá»‡n nghi Ä‘á»ƒ báº¡n nghá»‰ ngÆ¡i,private_room,,False,,/ Ä‘Ãªm,1.141,â‚«1.141.177,2.0,,,True,,,,,,False,False,,,,True,,,,,,,,,,,True,,,True,,,,,,,
882421860776141137,https://www.airbnb.com.vn/rooms/882421860776141137,,ThÃ nh phá»‘ BuÃ´n Ma Thuá»™t,7,12.683764753810387,108.04283179342747,REGULAR,,"Ngay khu phá»‘ Ä‘Ãªm, gáº§n ngÃ£ 6",private_room,,False,,/ Ä‘Ãªm,,,4.0,,True,True,,True,True,,,False,False,False,True,True,,,,,,True,,True,,,,True,,,,,,,,,,
798196788181645141,https://www.airbnb.com.vn/rooms/798196788181645141,,ÄÄƒk Ha,6,12.03283,107.76946,REGULAR,,homestay nhÃ  tre thÃ¢n thiá»‡n,private_room,,False,,/ Ä‘Ãªm,741.765,â‚«741.765,16.0,,True,True,True,True,,,,False,False,False,True,,True,,,False,,,,,,,,,,True,,,,,,,,
41482210,https://www.airbnb.com.vn/rooms/41482210,"5,0",ThÃ nh phá»‘ BuÃ´n Ma Thuá»™t,7,12.6661,108.039597,REGULAR,,PhÃ²ng Ghi: Y Jut: VÆ°á»n PhÃ¡p homestay,private_room,6,False,,/ Ä‘Ãªm,741.765,â‚«741.765,3.0,,,True,,True,True,,True,False,False,,,True,,,,,,,True,,,True,,,True,,,,,,,,,
43615449,https://www.airbnb.com.vn/rooms/43615449,,ThÃ nh phá»‘ BuÃ´n Ma Thuá»™t,27,12.6686,108.04093,REGULAR,,Alero Homestay BuÃ´n Ma Thuá»™t - PhÃ²ng Má»i RÆ°á»£u,shared_room,,False,,/ Ä‘Ãªm,342.353,â‚«342.353,4.0,,True,True,,True,True,,,False,False,,,True,,,,,,,,True,True,,,,,,True,,,,,,,
640394980468206200,https://www.airbnb.com.vn/rooms/640394980468206200,,Äáº¯k Mil,11,12.45534,107.60543,REGULAR,,NhÃ  gá»— yÃªn bÃ¬nh táº¡i khu vÆ°á»n dÆ°á»›i thung lÅ©ng.,private_room,,False,,/ Ä‘Ãªm,639.059,â‚«639.059,3.0,,,,,,,,,False,False,False,False,True,True,,,False,,,True,,,,,True,,,,,,,,,,
42765978,https://www.airbnb.com.vn/rooms/42765978,,ThÃ nh phá»‘ BuÃ´n Ma Thuá»™t,30,12.72115,108.06003,REGULAR,,Queeny 's Farm Stay Wooden House,entire_home,,False,,/ Ä‘Ãªm,,,4.0,,True,True,,True,,,,,False,,,True,,True,,,,,,True,,True,,,,,,True,,True,,,,
840849550451575994,https://www.airbnb.com.vn/rooms/840849550451575994,,ThÃ nh phá»‘ BuÃ´n Ma Thuá»™t,7,12.708489491678197,108.08497206721192,REGULAR,,"view nÃºi Ä‘á»“i, ruá»™ng lÃºa",entire_home,,False,,/ Ä‘Ãªm,,,4.0,True,True,True,True,True,,True,,False,False,,,,,,,,,,,True,,,,True,,,,,,,,,,
740245236389629417,https://www.airbnb.com.vn/rooms/740245236389629417,,Gia NghÄ©a,10,12.00156,107.69817,REGULAR,,Xavia Hotel - PhÃ²ng tiÃªu chuáº©n 2 ngÆ°á»i sang trá»ng,private_room,,False,,/ Ä‘Ãªm,901.530,â‚«901.530,2.0,,,True,True,True,True,,,False,,,,,,,,,,,True,,,,,,,,True,,,,,,,
628100299254724679,https://www.airbnb.com.vn/rooms/628100299254724679,,ThÃ nh phá»‘ BuÃ´n Ma Thuá»™t,12,12.621433315980342,108.03245090003541,REGULAR,,NhÃ  dÃ i truyá»n thá»‘ng ÃŠ ÄÃª,shared_room,,False,,/ Ä‘Ãªm,,,12.0,True,True,True,True,True,,True,,False,False,,,True,,,,,,,,True,,,,,,,,,,,,,,
48921415,https://www.airbnb.com.vn/rooms/48921415,,ThÃ nh phá»‘ BuÃ´n Ma Thuá»™t,3,12.66213,108.03287,REGULAR,,GiÃ¡ cáº£ há»£p lÃ½ vá»›i cháº¥t lÆ°á»£ng phÃ¹ há»£p,private_room,,False,,/ Ä‘Ãªm,,,2.0,,,True,,True,True,,,False,False,,,True,,True,,,,,True,,,,,,,,,True,,,,,,
802771431580722961,https://www.airbnb.com.vn/rooms/802771431580722961,,Gia NghÄ©a,10,11.92239759801133,107.84042291343212,REGULAR,,PhÃ²ng trÃªn láº§u sá»‘ 2,private_room,,False,,/ Ä‘Ãªm,513.530,â‚«513.530,2.0,,True,True,True,True,True,,,False,False,False,True,,True,,,,,True,,,,,,True,,,,,,,,,,
733149281016137024,https://www.airbnb.com.vn/rooms/733149281016137024,,ThÃ nh phá»‘ BuÃ´n Ma Thuá»™t,13,12.59756,108.0331,REGULAR,,Good place for your vacations,entire_home,,False,,/ Ä‘Ãªm,570.589,â‚«570.589,4.0,True,True,,True,True,,,,False,False,,,True,,,,,,,,True,,,True,True,,,,,,,,,,
43615569,https://www.airbnb.com.vn/rooms/43615569,,ThÃ nh phá»‘ BuÃ´n Ma Thuá»™t,30,12.67033,108.03948,REGULAR,,Alero Homestay BuÃ´n Ma Thuá»™t - PhÃ²ng ChuÃ´ng GiÃ³,private_room,,False,,/ Ä‘Ãªm,456.471,â‚«456.471,2.0,,True,True,,True,True,,,False,False,,,True,,,,,,,,True,True,,,,,,True,,,,,,,
761803966817140905,https://www.airbnb.com.vn/rooms/761803966817140905,,Gia NghÄ©a,30,11.989551910086778,107.62348788185938,REGULAR,,Khu nghá»‰ dÆ°á»¡ng MollyHome Äáº¯kNÃ´ng,private_room,,False,,/ Ä‘Ãªm,2.852,â‚«2.852.943,6.0,,True,True,True,True,,,,False,False,,,True,,,,,,,,True,,,True,True,,,,,,,,,,
786650767656013050,https://www.airbnb.com.vn/rooms/786650767656013050,,Gia NghÄ©a,21,12.002854675425903,107.68562026114124,REGULAR,,Robin  Gia NghÄ©a - PhÃ²ng Deluxe,private_room,,False,,/ Ä‘Ãªm,1.490,â‚«1.490.377,2.0,,,True,True,True,True,,,,,,,,,,,,,,True,,,,,True,,,,,,,,,,
740239113191358430,https://www.airbnb.com.vn/rooms/740239113191358430,,Buon Me Thuot,17,12.70025,108.05904,REGULAR,,NguyÃªn cÄƒn nhÃ  Ä‘Æ°á»£c bao bá»c bá»Ÿi rÆ¡m.,private_room,,False,,/ Ä‘Ãªm,912.942,â‚«912.942,2.0,,,True,,True,,,,False,False,,,,True,,,,,,,,,,,True,,,True,,,,,,,
835880025820068738,https://www.airbnb.com.vn/rooms/835880025820068738,,ThÃ nh phá»‘ BuÃ´n Ma Thuá»™t,14,12.6776036,108.0255455,REGULAR,,"Chill Ä‘Ã£ rá»“i, Ä‘Ã¡p NhÃ  Thá»§ng thÃ´i",entire_home,,False,,/ Ä‘Ãªm,1.715,â‚«1.715.579,7.0,,True,True,True,True,,,,False,False,,,,True,True,,,,,,True,,,,,,,,,,,,,,
777785013331522568,https://www.airbnb.com.vn/rooms/777785013331522568,,Gia NghÄ©a,30,11.991748998099848,107.62729188409406,REGULAR,,"Homestay
Nghá»‰ dÆ°á»¡ng
BBQ",private_room,,False,,/ Ä‘Ãªm,532.359,â‚«532.359,12.0,True,True,True,True,,,,,False,False,False,False,,,,,False,,,,,,,True,True,,,,,,,,,True,
45441384,https://www.airbnb.com.vn/rooms/45441384,,ThÃ nh phá»‘ BuÃ´n Ma Thuá»™t,26,12.68832,108.03081,REGULAR,,NguyÃªn cÄƒn luxury Vip 1(homestay Vuon PhapII),entire_home,,False,,/ Ä‘Ãªm,2.362,â‚«2.362.236,4.0,,True,True,,True,,,,False,False,,,True,,,,,,,True,,True,,,,,,True,True,,,,,,
679136033775750424,https://www.airbnb.com.vn/rooms/679136033775750424,,ThÃ nh phá»‘ BuÃ´n Ma Thuá»™t,7,12.69811,108.08078,REGULAR,,Bungalow T Farmstay má»›i táº¡i BuÃ´n Ma Thuá»™t Äáº¯k Láº¯k,private_room,,False,,/ Ä‘Ãªm,684.706,â‚«684.706,2.0,,,True,True,True,True,,,False,False,False,True,,True,,,,,True,,,,,,True,,,,True,,,,,,
678513669871548363,https://www.airbnb.com.vn/rooms/678513669871548363,,ThÃ nh phá»‘ BuÃ´n Ma Thuá»™t,10,12.70269,108.06592,REGULAR,,- khÃ¡ch sáº¡n hy,private_room,,False,,/ Ä‘Ãªm,741.765,â‚«741.765,2.0,,,True,,True,True,,,False,,,,,,,,,,,True,,,,,True,,,,,,,,,,
30300512,https://www.airbnb.com.vn/rooms/30300512,"4,67",ThÃ nh phá»‘ BuÃ´n Ma Thuá»™t,12,12.6793,108.03361,REGULAR,,Bá»‘n Triá»‡u Homestay - Room No6,private_room,3,False,,/ Ä‘Ãªm,941.471,â‚«941.471,4.0,True,True,True,,True,True,,,False,False,False,True,,,,,False,5,,,True,,True,,,,,,,,,,,,
740187111441590591,https://www.airbnb.com.vn/rooms/740187111441590591,,ThÃ nh phá»‘ BuÃ´n Ma Thuá»™t,7,12.6824758,108.0514199,REGULAR,,KhÃ¡ch sáº¡n nhá» giá»¯a lÃ²ng phá»‘ nÃºi,private_room,,False,,/ Ä‘Ãªm,684.706,â‚«684.706,4.0,,True,True,True,True,True,,,False,,,,,,,,,,,True,True,,,,True,,,,,,,,,True,
30297727,https://www.airbnb.com.vn/rooms/30297727,"4,33",ThÃ nh phá»‘ BuÃ´n Ma Thuá»™t,5,12.68054,108.03479,REGULAR,,Sá»‘ng cÃ¹ng gia Ä‘Ã¬nh báº£n xá»© Bon Trieu - PhÃ²ng sá»‘ 2,private_room,3,False,,/ Ä‘Ãªm,456.471,â‚«456.471,2.0,,True,True,,True,True,,,False,False,False,True,,,,,False,5,,,True,,True,,,,,,,,,,,,
751555049170134500,https://www.airbnb.com.vn/rooms/751555049170134500,,ThÃ nh phá»‘ BuÃ´n Ma Thuá»™t,20,12.685512580051295,108.11188251376952,REGULAR,,vÆ°á»n gia Ä‘Ã¬nh,entire_home,,False,,/ Ä‘Ãªm,,,9.0,True,True,True,True,True,,,,,,,,True,,,,,,,,True,,,True,True,,True,,,,,,,,
44483706,https://www.airbnb.com.vn/rooms/44483706,,ThÃ nh phá»‘ BuÃ´n Ma Thuá»™t,25,12.68789,108.03166,REGULAR,,PhÃ²ng 03-CÆ° Kuin (HomeStay VÆ°á»n PhÃ¡p II),private_room,,False,,/ Ä‘Ãªm,590.559,â‚«590.559,2.0,,,True,,True,True,,,False,False,,,True,,,,,,,True,,,True,,,,,True,,,True,,,,
45440671,https://www.airbnb.com.vn/rooms/45440671,,ThÃ nh phá»‘ BuÃ´n Ma Thuá»™t,25,12.68913,108.02943,REGULAR,,PhÃ²ng 01 Krong Pak(homestay Vuon PhapII),private_room,2,False,,/ Ä‘Ãªm,984.265,â‚«984.265,4.0,,,True,,True,True,,,False,False,False,True,True,,,,,3,True,True,,,True,,,,,True,,,,,,,
645162083606658296,https://www.airbnb.com.vn/rooms/645162083606658296,,KrÃ´ng NÃ´ District,5,12.53879,107.8894,REGULAR,,Tráº£i nghiá»‡m cáº¯m tráº¡i táº¡i nÃºi rá»«ng TÃ¢y NguyÃªn,entire_home,,False,,/ Ä‘Ãªm,513.530,â‚«513.530,4.0,,True,,,True,,,,False,False,,,,True,,,,,,,,,,,,,,,,,,,,,
860405315654006025,https://www.airbnb.com.vn/rooms/860405315654006025,,ThÃ nh phá»‘ BuÃ´n Ma Thuá»™t,11,12.67941,108.04872,REGULAR,,CÄƒn há»™ BuÃ´n MÃª  full 2PN 2-8ng,entire_home,,False,,/ Ä‘Ãªm,,,8.0,,True,,True,True,True,,,False,False,,,,,,,,,,True,True,,,,,,,,,,,,,,
41483825,https://www.airbnb.com.vn/rooms/41483825,,ThÃ nh phá»‘ BuÃ´n Ma Thuá»™t,13,12.6661,108.039597,REGULAR,,PhÃ²ng y táº¿ tÃ­m Aleo Bih Homestay Vuon Phap,private_room,,False,,/ Ä‘Ãªm,627.647,â‚«627.647,2.0,,,True,,,True,,,False,False,,,True,,True,,,,,True,,,True,,,,,,,,,,,,
43600012,https://www.airbnb.com.vn/rooms/43600012,,ThÃ nh phá»‘ BuÃ´n Ma Thuá»™t,30,12.71877,108.06101,REGULAR,,Thanh's House Homestay with view over the city,private_room,1,False,,/ Ä‘Ãªm,535.327,â‚«535.327,4.0,True,True,True,True,True,,,,False,False,False,True,True,,,,,5,True,,,,,,,,,,,,,,,True,
45081184,https://www.airbnb.com.vn/rooms/45081184,,Äáº¯k Sáº¯k,13,12.42879,107.56921,REGULAR,,"""ÄÃªm Ä‘áº§y sao""",private_room,,False,,/ Ä‘Ãªm,542.059,â‚«542.059,3.0,,True,True,True,True,,,,False,False,False,False,True,,,,,,True,True,True,,,,,,,,,,,,,,
44369313,https://www.airbnb.com.vn/rooms/44369313,,ThÃ nh phá»‘ BuÃ´n Ma Thuá»™t,27,12.68942,108.03118,REGULAR,,PhÃ²ng11-Krong NÄƒng View Há»“ Sen(HomeStayVÆ°á»nPhÃ¡pII),private_room,,False,,/ Ä‘Ãªm,589.989,â‚«589.989,2.0,,,True,,True,True,,,False,False,,,True,,,,,,,True,,,True,,,,,True,True,,,,,,
773495968267448224,https://www.airbnb.com.vn/rooms/773495968267448224,,ThÃ nh phá»‘ BuÃ´n Ma Thuá»™t,19,12.669792,108.0460076,REGULAR,,Dorm 8 GiÆ°á»ng cÃ³ Toilet,entire_home,,False,,/ Ä‘Ãªm,2.904,â‚«2.904.296,8.0,,,True,True,True,True,,,False,False,,,True,,,,,,,True,,,,,True,,,True,,,,,,,
41824503,https://www.airbnb.com.vn/rooms/41824503,,ThÃ nh phá»‘ BuÃ´n Ma Thuá»™t,13,12.61637,108.03261,REGULAR,,SÃ¢n thÆ°á»£ng dÃ nh cho gia Ä‘Ã¬nh báº£n xá»©,entire_home,,False,,/ Ä‘Ãªm,570.589,â‚«570.589,5.0,,True,True,,True,True,,,False,False,,,,,,,,,,,True,,,,,,,,,,,,,,
21099376,https://www.airbnb.com.vn/rooms/21099376,,Äá»©c Máº¡nh,13,12.46896,107.67554,REGULAR,,XuÃ¢n HÃ¹ng Äinh Apartment for rent in Äáº¯k NÃ´ng,entire_home,,False,,/ Ä‘Ãªm,910.037,â‚«910.037,5.0,,True,True,,True,True,,,,,,,True,,,,,,,True,True,True,,,,,,,,True,,True,,,
786696060233712320,https://www.airbnb.com.vn/rooms/786696060233712320,,Gia NghÄ©a,22,12.00185,107.68438,REGULAR,,Robin Gia NghÄ©a - PhÃ²ng Vip,private_room,,False,,/ Ä‘Ãªm,2.991,â‚«2.991.025,2.0,,,True,True,True,True,,,,,,,,,,,,,,True,,,,,True,,,,,,,,,,
37105010,https://www.airbnb.com.vn/rooms/37105010,,ThÃ nh phá»‘ BuÃ´n Ma Thuá»™t,27,12.67022,108.04066,REGULAR,,Alero Homestay BuÃ´n Ma Thuá»™t - PhÃ²ng Sum Há»p,shared_room,,False,,/ Ä‘Ãªm,342.353,â‚«342.353,8.0,,True,True,,True,True,,True,False,False,,,True,,True,,,,,,,,,,,,,True,,,,,,,
773558022089158590,https://www.airbnb.com.vn/rooms/773558022089158590,,ThÃ nh phá»‘ BuÃ´n Ma Thuá»™t,10,12.669792,108.0460076,REGULAR,,PhÃ²ng Ä‘Ã´i 2: CÃ³ NhÃ  vá»‡ sinh,entire_home,,False,,/ Ä‘Ãªm,878.706,â‚«878.706,2.0,,,True,True,True,True,,,False,False,,,True,,,,,,,True,,,,,True,,,True,,,,,,,
819243667989663527,https://www.airbnb.com.vn/rooms/819243667989663527,,Gia NghÄ©a,16,11.9767132,107.7233827,REGULAR,,Lá»u ÄÃ´i #farmstay #Camtrai #Taynguyen,private_room,,False,,/ Ä‘Ãªm,741.765,â‚«741.765,2.0,,True,True,True,True,,,,False,,,,True,,,,,,,,,,,True,True,,True,,,,,,,,
45441301,https://www.airbnb.com.vn/rooms/45441301,,ThÃ nh phá»‘ BuÃ´n Ma Thuá»™t,30,12.68816,108.03149,REGULAR,,NguyÃªn CÄƒn luxury Vip2(homestay Vuon Phap II),entire_home,,False,,/ Ä‘Ãªm,2.624,â‚«2.624.707,4.0,,True,True,,,True,,,False,False,,,True,,,,,,,True,True,,,,,,,True,True,,,,,,
47433678,https://www.airbnb.com.vn/rooms/47433678,,Thá»‹ xÃ£ Gia NghÄ©a,30,12.00993,107.67821,REGULAR,,MeGarden ÄÃ´ng Giao - Dong Giao House - Indochine,entire_home,,False,,/ Ä‘Ãªm,1.506,â‚«1.506.354,4.0,True,True,True,,,,,,False,False,,,True,,True,,,,,,True,,True,,,,,,,,,,,,
786686664079334915,https://www.airbnb.com.vn/rooms/786686664079334915,,Gia NghÄ©a,23,12.00284,107.68524,REGULAR,,Robin Gia NghÄ©a - PhÃ²ng cao cáº¥p,private_room,,False,,/ Ä‘Ãªm,2.191,â‚«2.191.060,4.0,,,True,True,True,True,,,,,,,,,,,,,,True,,,,,True,,,,,,,,,,
30298307,https://www.airbnb.com.vn/rooms/30298307,,ThÃ nh phá»‘ BuÃ´n Ma Thuá»™t,11,12.68123,108.03537,REGULAR,,Sá»‘ng cÃ¹ng gia Ä‘Ã¬nh báº£n xá»© Bon Trieu - PhÃ²ng sá»‘ 4,private_room,,False,,/ Ä‘Ãªm,582.000,â‚«582.000,2.0,,True,True,,True,True,,,False,False,False,True,,,,,False,,,,True,,True,,,,,,,,,,,,
43615688,https://www.airbnb.com.vn/rooms/43615688,,ThÃ nh phá»‘ BuÃ´n Ma Thuá»™t,30,12.66847,108.03925,REGULAR,,Alero Homestay BuÃ´n Ma Thuá»™t - PhÃ²ng LÃºa Má»›i,private_room,,False,,/ Ä‘Ãªm,456.471,â‚«456.471,2.0,,True,True,,True,,,,False,False,False,True,True,,,,,,True,,True,True,,,,,,True,,,,,,,
837212593113260583,https://www.airbnb.com.vn/rooms/837212593113260583,,,17,11.9209,108.09498,REGULAR,,Phi Lieng Meditation House,entire_home,,False,,/ Ä‘Ãªm,2.302,â‚«2.302.763,8.0,,,,,,,,,False,False,,,,True,,,,,,,,,,,,,,,,,,,,,
560451686213584194,https://www.airbnb.com.vn/rooms/560451686213584194,,ThÃ nh phá»‘ BuÃ´n Ma Thuá»™t,13,12.70224,108.04612,REGULAR,,"NhÃ  nghá»‰ thÃ´n dÃ£ vá»›i vÆ°á»n hoa, view Ä‘á»“i",entire_home,,False,,/ Ä‘Ãªm,1.027,â‚«1.027.059,2.0,True,,True,True,True,True,True,,False,False,,,,,,,,,,,,,,,True,,True,,,,,,,,
28230776,https://www.airbnb.com.vn/rooms/28230776,,ThÃ nh phá»‘ BuÃ´n Ma Thuá»™t,19,12.68251,108.03497,REGULAR,,Sá»‘ng cÃ¹ng gia Ä‘Ã¬nh báº£n xá»© Bon Trieu - PhÃ²ng sá»‘ 1,private_room,1,False,,/ Ä‘Ãªm,582.000,â‚«582.000,2.0,,True,True,,True,True,,,False,False,False,True,,,,,False,5,,,True,,True,,,,,,,,,,,,
29816188,https://www.airbnb.com.vn/rooms/29816188,,Thá»‹ xÃ£ Gia NghÄ©a,30,12.01036,107.67817,REGULAR,,MeGarden Purple House _LUXURY HOUSE_Äáº¯k NÃ´ng,entire_home,,False,,/ Ä‘Ãªm,1.506,â‚«1.506.354,4.0,True,True,True,,,True,,,False,False,,,True,,True,,,,,,True,,,,,,,,,,,,,,
41707236,https://www.airbnb.com.vn/rooms/41707236,,,30,11.91059,107.79245,REGULAR,,BIÃŠN RUNG-BLUE ROOM homestay Äáº¯k Glong-Äáº¯k NÃ´ng,entire_home,,False,,/ Ä‘Ãªm,351.483,â‚«351.483,2.0,,,True,,True,,,,False,False,,,True,,True,,,,,,True,,,,,,,,,,True,,,,
804161423890918409,https://www.airbnb.com.vn/rooms/804161423890918409,,ThÃ nh phá»‘ BuÃ´n Ma Thuá»™t,20,12.6836719,108.1107071,REGULAR,,CÄƒn biá»‡t thá»± 300 vá»›i view há»“,entire_home,,False,,/ Ä‘Ãªm,1.685,â‚«1.685.334,9.0,,,True,True,True,True,,,False,False,,,True,,,,,,,,,True,,True,True,,,,,,,,,,
30300096,https://www.airbnb.com.vn/rooms/30300096,"4,33",ThÃ nh phá»‘ BuÃ´n Ma Thuá»™t,14,12.68059,108.03428,REGULAR,,Sá»‘ng cÃ¹ng gia Ä‘Ã¬nh báº£n xá»© Bon Trieu - PhÃ²ng sá»‘ 5,private_room,3,False,,/ Ä‘Ãªm,827.353,â‚«827.353,4.0,,True,True,,True,True,,,False,False,False,True,,,,,False,5,,,True,,True,,,,,,,,,,,,
44072139,https://www.airbnb.com.vn/rooms/44072139,,Äáº¯k Glong,7,11.91014,107.79356,REGULAR,,FAMILY ROOM,private_room,,False,,/ Ä‘Ãªm,661.883,â‚«661.883,6.0,,,True,,True,,,,False,False,,,,,True,,,,,,,,,,,,,,,,True,,,,
41483465,https://www.airbnb.com.vn/rooms/41483465,,ThÃ nh phá»‘ BuÃ´n Ma Thuá»™t,17,12.6661,108.039597,REGULAR,,PhÃ²ng Blue: Ama KhÃª,shared_room,,False,,/ Ä‘Ãªm,901.530,â‚«901.530,6.0,,,True,,True,True,,True,False,False,,,True,,True,,,,,True,,,True,,,,,,,,,,,,
773470988770033500,https://www.airbnb.com.vn/rooms/773470988770033500,,ThÃ nh phá»‘ BuÃ´n Ma Thuá»™t,19,12.669792,108.0460076,REGULAR,,PhÃ²ng 4: -2 PhÃ²ng ngá»§ CÃ³ nhÃ  vá»‡ sinh,entire_home,,False,,/ Ä‘Ãªm,2.407,â‚«2.407.883,4.0,,True,True,True,True,,,,False,False,,,True,,,,,,,True,,,,,True,,,True,,,,,,,
46015565,https://www.airbnb.com.vn/rooms/46015565,,ThÃ nh phá»‘ BuÃ´n Ma Thuá»™t,6,12.68839,108.03165,REGULAR,,PHÃ’NG 10- krong Buk,private_room,,False,,/ Ä‘Ãªm,590.559,â‚«590.559,2.0,True,,True,,,True,,True,False,False,,,True,,,,,,,True,,,,True,,,,True,,,,,,,
44327153,https://www.airbnb.com.vn/rooms/44327153,,ThÃ nh phá»‘ BuÃ´n Ma Thuá»™t,9,12.68842,108.05256,REGULAR,,Nha cho thue Dak Lak,private_room,,False,,/ Ä‘Ãªm,722.668,â‚«722.668,2.0,,,True,,True,True,,,False,False,False,True,,,,,False,,,True,,,,,,,,,,,,,,,
39732763,https://www.airbnb.com.vn/rooms/39732763,,Äáº¯k Glong,27,11.90915,107.79464,REGULAR,,BIá»‚N Rá»ªNG-GREEN ROOM homestay Äáº¯k Glong-Äáº¯k NÃ´ng,private_room,,False,,/ Ä‘Ãªm,351.483,â‚«351.483,4.0,,True,True,,True,,,,False,False,False,True,True,,,,,,True,,True,,,,,,,,True,,True,,,,
41482941,https://www.airbnb.com.vn/rooms/41482941,,ThÃ nh phá»‘ BuÃ´n Ma Thuá»™t,6,12.6661,108.039597,REGULAR,,PhÃ²ng TÃ­m Ama Jhao Vuon Phap homestay,private_room,,False,,/ Ä‘Ãªm,559.177,â‚«559.177,2.0,,,True,,True,True,,True,False,False,False,True,True,,,,,,True,True,,,True,,,,,,,,,,,,
45126183,https://www.airbnb.com.vn/rooms/45126183,"5,0",ThÃ nh phá»‘ BuÃ´n Ma Thuá»™t,5,12.6661,108.039597,REGULAR,,PhÃ²ng luxury Há»“ Eakao(homestay Vuon PhapI),shared_room,3,False,,/ Ä‘Ãªm,970.001,â‚«970.001,6.0,,,True,,,True,,True,False,False,,,True,,True,,,,,True,,,True,,,,,,,,,,,,
40924874,https://www.airbnb.com.vn/rooms/40924874,,ThÃ nh phá»‘ BuÃ´n Ma Thuá»™t,5,12.67028,108.04535,REGULAR,,"KhÃ¡ch sáº¡n Hiá»‡p Tháº¡nh -An toÃ n, tiá»‡n nghi, Ä‘áº³ng cáº¥p",private_room,,False,,/ Ä‘Ãªm,264.454,â‚«264.454,16.0,,,True,,True,True,,,False,,,,,,,,,,,True,,True,True,,,,,True,True,,True,,,,
21888072,https://www.airbnb.com.vn/rooms/21888072,,Buon Ma Thuot,8,12.66868,108.03678,REGULAR,,Cho thuÃª phÃ²ng ná»™i tháº¥t Ä‘áº§y Ä‘á»§,entire_home,,False,,/ Ä‘Ãªm,2.810,â‚«2.810.419,2.0,,True,True,,True,,,,False,False,,,,,,,,,,True,True,,,,,,,True,True,True,,,,,
34372823,https://www.airbnb.com.vn/rooms/34372823,,Tuy Äá»©c,8,12.20758,107.47145,REGULAR,,phÃ²ng biá»‡t thá»± vá»›i gÃ³c nhÃ¬n Ä‘áº¹p,entire_home,,False,,/ Ä‘Ãªm,1.338,â‚«1.338.284,4.0,,True,True,,True,True,,,False,,,,,,,,,,,,True,,,,,,,,,,,True,,,
773589230870904219,https://www.airbnb.com.vn/rooms/773589230870904219,,ThÃ nh phá»‘ BuÃ´n Ma Thuá»™t,11,12.669792,108.0460076,REGULAR,,PhÃ²ng gia Ä‘Ã¬nh 2: Táº§m nhÃ¬n ra vÆ°á»n.,entire_home,,False,,/ Ä‘Ãªm,1.443,â‚«1.443.589,4.0,,True,True,True,True,,,,False,False,,,True,,,,,,,True,,,,,True,,,True,,,,,,,
782282685035375209,https://www.airbnb.com.vn/rooms/782282685035375209,,ThÃ nh phá»‘ BuÃ´n Ma Thuá»™t,11,12.6879409,108.1101659,REGULAR,,VÆ°á»n gia Ä‘Ã¬nh homestay trong lÃ ng,entire_home,,False,,/ Ä‘Ãªm,,,9.0,True,True,True,True,True,True,,,,,,,True,,,,,,,,True,,,True,True,,,,,,,,,,
39762596,https://www.airbnb.com.vn/rooms/39762596,,Dak Glong,29,11.90958,107.79411,REGULAR,,BIÃŠN RUNG-PHÃ’NG Äá» homestay ÄÄƒk NÃ´ng,private_room,,False,,/ Ä‘Ãªm,547.765,â‚«547.765,4.0,True,,True,,True,,,,False,False,False,True,True,,True,,,,True,,True,,,,,,,,,,True,,,,
24465994,https://www.airbnb.com.vn/rooms/24465994,,ThÃ nh phá»‘ BuÃ´n Ma Thuá»™t,8,12.65482,108.02323,REGULAR,,NgÆ°á»i dÃ¢n Ä‘á»‹a phÆ°Æ¡ng vÃ  vÄƒn hÃ³a,private_room,,False,,/ Ä‘Ãªm,268.177,â‚«268.177,4.0,,True,True,,True,,,,False,False,False,False,,,True,,,,True,,,,,,,,,,,,,,,,
39785767,https://www.airbnb.com.vn/rooms/39785767,,Äáº¯k Glong,28,11.92779,107.83637,REGULAR,,BIEN RUNG-PINK ROOM homestay Dak Glong-Dak Nong,private_room,,False,,/ Ä‘Ãªm,351.483,â‚«351.483,2.0,,True,True,,True,,,,False,False,False,True,True,,,,,,True,,True,,,,,,,,True,,True,,,,
44482561,https://www.airbnb.com.vn/rooms/44482561,,ThÃ nh phá»‘ BuÃ´n Ma Thuá»™t,29,12.68927,108.03135,REGULAR,,PhÃ²ng 09 Krong BÃ´ng(homestay Vuon PhapII),private_room,,False,,/ Ä‘Ãªm,1.115,â‚«1.115.501,4.0,,,True,,True,True,,,False,False,,,True,,,,,,,True,,,True,,,,,True,True,,,,,,
37220435,https://www.airbnb.com.vn/rooms/37220435,, BÃ¬nh Tháº¡nh,30,12.2266,107.66191,REGULAR,,CÄ‚N Há»˜ Cá»¦A TÃ”I Táº I Má»C 81 - TÃ’A NHÃ€ CAO NHáº¤T,hotel_room,,False,,/ Ä‘Ãªm,1.617,â‚«1.617.849,4.0,,True,True,,True,,,,False,False,,,,,,,,,,True,True,True,,,,,,,True,True,,,,,
41042001,https://www.airbnb.com.vn/rooms/41042001,,Thá»‹ xÃ£ Gia NghÄ©a,24,12.0079,107.52439,REGULAR,,Trang chá»§ 3T,private_room,,False,,/ Ä‘Ãªm,267.664,â‚«267.664,4.0,,True,True,,True,,,,False,,False,False,True,,,,,,True,True,True,True,True,,,,,,,,,,,,
52950173,https://www.airbnb.com.vn/rooms/52950173,,CÆ° SuÃª,5,12.76245,108.07028,REGULAR,,"chá»— ngá»§ khÃ´ng cÃ¡ch Ã¢m/phÃ²ng nhá»/ khÃ´ng Ä‘iá»u hÃ²a/ khÃ´ng nhÃ  vá»‡ sinh kiá»ƒu má»›i/khÃ´ng nÃ³ng láº¡nh/ tá»± giáº·t Ä‘á»“ báº±ng tay
ğŸ˜€Äƒn cÆ¡m vá»›i chá»§ nhÃ  tÃ­nh 50k/1 bá»¯a",private_room,,False,,/ Ä‘Ãªm,624.224,â‚«624.224,2.0,,,True,True,True,,,,False,False,False,True,True,,True,,False,,,,,,,,,,,,,,,,,True,
41009730,https://www.airbnb.com.vn/rooms/41009730,,ThÃ nh phá»‘ BuÃ´n Ma Thuá»™t,30,12.65932,108.02957,REGULAR,,LÃ¢m Gia Homestay: an toÃ n sá»‘ 1 vÃ  ráº» nháº¥t ÄÄƒk LÄƒk,private_room,,False,,/ Ä‘Ãªm,3.994,â‚«3.994.120,4.0,,True,True,,True,True,,,False,,False,True,True,,,,,,True,True,,,True,,,True,,,,,,,,,
711711319496847241,https://www.airbnb.com.vn/rooms/711711319496847241,,ThÃ nh phá»‘ BuÃ´n Ma Thuá»™t,5,12.6687,108.0427,REGULAR,,KhÃ´ng gian Ä‘á»™c Ä‘Ã¡o nháº¥t á»Ÿ phÆ°Æ¡ng TÃ¢y,private_room,,False,,/ Ä‘Ãªm,421.094,â‚«421.094,5.0,,True,,True,,,,,False,False,False,False,,True,,,False,,,,,,,,,,,,,,,,,,
45439959,https://www.airbnb.com.vn/rooms/45439959,,ThÃ nh phá»‘ BuÃ´n Ma Thuá»™t,24,12.68944,108.03115,REGULAR,,Phongng 06 Dorm Ea Kar (homestay Vuon PhapII),shared_room,,False,,/ Ä‘Ãªm,1.181,â‚«1.181.118,6.0,,True,True,,True,True,,,False,False,,,True,,,,,,,True,,,True,,,,,True,,,,,,,
22234713,https://www.airbnb.com.vn/rooms/22234713,"5,0",Thá»‹ xÃ£ Gia NghÄ©a,30,12.00365,107.68765,REGULAR,,"MeGarden Valley, Daknong",entire_home,3,False,,/ Ä‘Ãªm,1.849,â‚«1.849.694,8.0,True,True,,,True,True,True,,False,False,,,True,,,,,,,,True,True,,,,,,,,,,,,,
773584883369370052,https://www.airbnb.com.vn/rooms/773584883369370052,,ThÃ nh phá»‘ BuÃ´n Ma Thuá»™t,9,12.669792,108.0460076,REGULAR,,"PhÃ²ng gia Ä‘Ã¬nh 1: Táº§m nhÃ¬n ra Há»“, Táº§m nhÃ¬n",entire_home,,False,,/ Ä‘Ãªm,878.706,â‚«878.706,2.0,,,True,True,True,True,,,False,False,,,True,,,,,,,True,,,,,True,,,True,,,,,,,
44360339,https://www.airbnb.com.vn/rooms/44360339,,ThÃ nh phá»‘ BuÃ´n Ma Thuá»™t,30,12.6877,108.02933,REGULAR,,PhÃ²ng 08- Krong Ana (HomeStay VÆ°á»n PhÃ¡p II),private_room,,False,,/ Ä‘Ãªm,721.794,â‚«721.794,2.0,,True,True,,True,,,,False,False,,,True,,,,,,,True,True,,,,,,,True,True,,,,,,
650522965656746574,https://www.airbnb.com.vn/rooms/650522965656746574,,ThÃ nh phá»‘ BuÃ´n Ma Thuá»™t,12,12.691346363333015,108.0397428944707,REGULAR,,GiÃ³ NÃºi Garden - home stay thÃ¢n thiá»‡n,private_room,,False,,/ Ä‘Ãªm,399.412,â‚«399.412,2.0,,,,,,,,,False,False,False,False,True,,True,,False,,,,True,,,,True,,,,,,,,,,True
773550704312694700,https://www.airbnb.com.vn/rooms/773550704312694700,,ThÃ nh phá»‘ BuÃ´n Ma Thuá»™t,13,12.669792,108.0460076,REGULAR,,PhÃ²ng Ä‘Ã´i 1: CÃ³ nhÃ  vá»‡ sinh,entire_home,,False,,/ Ä‘Ãªm,813.659,â‚«813.659,2.0,,,True,True,True,True,,,False,False,,,True,,,,,,,True,,,,,True,,,True,,,,,,,
31196394,https://www.airbnb.com.vn/rooms/31196394,,Äáº¯k Mil,28,12.45559,107.60708,REGULAR,,VÆ°á»n Ä‘Ã¡ Lily,private_room,,False,,/ Ä‘Ãªm,571.326,â‚«571.326,2.0,,True,True,,True,,,,,,False,False,True,,,,,,True,,True,,True,,,,,True,,,True,True,,,
40212813,https://www.airbnb.com.vn/rooms/40212813,,,5,12.26356,107.60927,REGULAR,,DN || Vui váº»,private_room,,False,,/ Ä‘Ãªm,910.037,â‚«910.037,4.0,,,True,,,True,,,False,False,False,False,True,,,,False,,,True,True,True,,,,,,,,,True,,,,
44483813,https://www.airbnb.com.vn/rooms/44483813,,ThÃ nh phá»‘ BuÃ´n Ma Thuá»™t,13,12.68783,108.03133,REGULAR,,PhÃ²ng 04- CÆ° M`Gar (HomeStay VÆ°á»n PhÃ¡p II),private_room,,False,,/ Ä‘Ãªm,721.794,â‚«721.794,2.0,,,True,,True,True,,,False,False,,,True,,,,,,,True,,,True,,,,,True,,,True,,,,
40317078,https://www.airbnb.com.vn/rooms/40317078,,ThÃ nh phá»‘ BuÃ´n Ma Thuá»™t,8,12.65501,108.03101,REGULAR,,NhÃ  cho thuÃª theo ngÃ y/ thÃ¡ng,private_room,,False,,/ Ä‘Ãªm,268.177,â‚«268.177,,,,,,,,,,,,False,False,,,,,,,,,,,,,,,,,,,,,,,
773386848949406607,https://www.airbnb.com.vn/rooms/773386848949406607,,ThÃ nh phá»‘ BuÃ´n Ma Thuá»™t,14,12.669792,108.0460076,REGULAR,,Suite 1: 3 PhÃ²ng Ngá»§ CÃ³ Bá»“n Táº¯m,private_room,,False,,/ Ä‘Ãªm,3.377,â‚«3.377.884,,,,,,,,,,,,False,True,,,,,,,,,,,,,,,,,,,,,,,
44482676,https://www.airbnb.com.vn/rooms/44482676,,ThÃ nh phá»‘ BuÃ´n Ma Thuá»™t,27,12.68791,108.02996,REGULAR,,PhÃ²ng 02- M`Äráº¯k (HomeStay VÆ°á»n PhÃ¡p II),private_room,,False,,/ Ä‘Ãªm,1.115,â‚«1.115.501,,,,,,,,,,,,,,,,,,,,,,,,,,,,,,,,,,,,
47247551,https://www.airbnb.com.vn/rooms/47247551,,ThÃ nh phá»‘ BuÃ´n Ma Thuá»™t,19,12.70781,108.0524,REGULAR,,NhÃ  truyá»n thá»‘ng Ede,shared_room,,False,,/ Ä‘Ãªm,,,,,,,,,,,,,,,,,,,,,,,,,,,,,,,,,,,,,,
30324831,https://www.airbnb.com.vn/rooms/30324831,,ThÃ nh phá»‘ BuÃ´n Ma Thuá»™t,3,12.62962,107.99774,REGULAR,,Single family home,private_room,,False,,/ Ä‘Ãªm,342.353,â‚«342.353,,,,,,,,,,,,False,False,,,,,,,,,,,,,,,,,,,,,,,
773592155752021408,https://www.airbnb.com.vn/rooms/773592155752021408,,ThÃ nh phá»‘ BuÃ´n Ma Thuá»™t,11,12.669792,108.0460076,REGULAR,,PhÃ²ng gia Ä‘Ã¬nh 3: CÃ³ Bá»“n Táº¯m,entire_home,,False,,/ Ä‘Ãªm,1.469,â‚«1.469.836,,,,,,,,,,,,,,,,,,,,,,,,,,,,,,,,,,,,
47128008,https://www.airbnb.com.vn/rooms/47128008,,ThÃ nh phá»‘ BuÃ´n Ma Thuá»™t,6,12.69239,108.05911,REGULAR,,PhÃ²ng cho thuÃª sang trá»ng,private_room,,False,,/ Ä‘Ãªm,684.706,â‚«684.706,,,,,,,,,,,,,,,,,,,,,,,,,,,,,,,,,,,,
45441118,https://www.airbnb.com.vn/rooms/45441118,,ThÃ nh phá»‘ BuÃ´n Ma Thuá»™t,30,12.68757,108.02943,REGULAR,,NguyÃªn cÄƒn VIP 3- BuÃ´n Ma Thuá»™t(homestay VP II),entire_home,,False,,/ Ä‘Ãªm,2.624,â‚«2.624.707,,,,,,,,,,,,,,,,,,,,,,,,,,,,,,,,,,,,
26753345,https://www.airbnb.com.vn/rooms/26753345,,ThÃ nh phá»‘ TrÃ  Vinh,5,12.6175,107.99924,REGULAR,,NhÃ  cho thuÃª hÃ ng thÃ¡ng,private_room,,False,,/ Ä‘Ãªm,582.012,â‚«582.012,,,,,,,,,,,,,,,,,,,,,,,,,,,,,,,,,,,,
44523813,https://www.airbnb.com.vn/rooms/44523813,,ThÃ nh phá»‘ BuÃ´n Ma Thuá»™t,11,12.66695,108.03493,REGULAR,,CÄƒn há»™ áº¥m cÃºng nÃ y Ä‘Æ°á»£c trang bá»‹ Ä‘áº§y Ä‘á»§ tiá»‡n nghi Ä‘á»ƒ thÆ°á»Ÿng thá»©c.,entire_home,,False,,/ Ä‘Ãªm,321.194,â‚«321.194,,,,,,,,,,,,,,,,,,,,,,,,,,,,,,,,,,,,
26786834,https://www.airbnb.com.vn/rooms/26786834,,ThÃ nh phá»‘ BuÃ´n Ma Thuá»™t,6,12.69736,108.05609,REGULAR,,Lan Anh Guesthouse,entire_home,,False,,/ Ä‘Ãªm,1.932,â‚«1.932.235,,,,,,,,,,,,,,,,,,,,,,,,,,,,,,,,,,,,
28372140,https://www.airbnb.com.vn/rooms/28372140,,Thá»‹ xÃ£ Gia NghÄ©a,9,11.97397,107.68217,REGULAR,,2BHK NhÃ  cÃ³ 2 bá»“n táº¯m kÃ¨m theo táº¡i Gia NghÄ©a,entire_home,,False,,/ Ä‘Ãªm,,,,,,,,,,,,,,,,,,,,,,,,,,,,,,,,,,,,,,
27007602,https://www.airbnb.com.vn/rooms/27007602,,ThÃ nh phá»‘ BuÃ´n Ma Thuá»™t,4,12.6818,108.04228,REGULAR,,KhÃ¡ch Sáº¡n Duy HoÃ ng,entire_home,,False,,/ Ä‘Ãªm,1.932,â‚«1.932.233,,,,,,,,,,,,,,,,,,,,,,,,,,,,,,,,,,,,
