room_id,url,rating,city,contextualPicturesCount,lat,long,listingObjType,pdpUrlType,name,roomTypeCategory,reviewCount,canInstantBook,weeklyPriceFactor,structuredStayDisplayPrice,price,price_full,maxGuestCapacity,SYSTEM_VIEW_OCEAN,SYSTEM_COOKING_BASICS,SYSTEM_WI_FI,SYSTEM_WORKSPACE,SYSTEM_MAPS_CAR_RENTAL,SYSTEM_PETS,SYSTEM_TV,SYSTEM_ELEVATOR,SYSTEM_SNOWFLAKE,SYSTEM_SURVEILLANCE,isSuperHost,isVerified,yearHosting,SYSTEM_BEACH,SYSTEM_WASHER,SYSTEM_NO_LOCK_ON_DOOR,SYSTEM_NO_DETECTOR_CO2,SYSTEM_HAIRDRYER,SYSTEM_LOCK_ON_DOOR,SYSTEM_DRYER,SYSTEM_FLOWER,SYSTEM_VIEW_MOUNTAIN,SYSTEM_NO_DETECTOR_SMOKE,SYSTEM_POOL,SYSTEM_JACUZZI,SYSTEM_VIEW_CITY,SYSTEM_LUGGAGE_DROP,SYSTEM_REFRIGERATOR,SYSTEM_MICROWAVE,SYSTEM_EV_CHARGER,SYSTEM_SAUNA,SYSTEM_PATIO_BALCONY,SYSTEM_BOAT_SAIL,SYSTEM_SMOKING_ALLOWED,SYSTEM_GOLF,SYSTEM_SKI,SYSTEM_DESERT_CACTUS,SYSTEM_BATHTUB,SYSTEM_HIGH_CHAIR,SYSTEM_CRIB,SYSTEM_CALENDAR,SYSTEM_MAPS_RESORT
588959252480916482,https://www.airbnb.com.vn/rooms/588959252480916482,"4,82",Sơn Trà,15,16.07583,108.22861,REGULAR,,NEW Cozy studio in heart of Da Nang.,entire_home,49,False,,/ đêm,352.354,₫352.354,2.0,True,True,True,True,True,True,True,True,True,True,,,,,,,,,,,,,,,,,,,,,,,,,,,,,,,,
720557836145846025,https://www.airbnb.com.vn/rooms/720557836145846025,"4,62",Sơn Trà,8,16.07777,108.24457,REGULAR,,Căn hộ GLORY 3,entire_home,21,False,,/ đêm,321.187,₫321.187,2.0,,True,True,True,,,True,True,,True,True,True,4,True,True,False,False,,,,,,,,,,,,,,,,,,,,,,,,,
27348286,https://www.airbnb.com.vn/rooms/27348286,"4,93",Sơn Trà,15,16.07247,108.23959,REPRESENTATIVE,,(Bãi biển) Nhà vệ sinh riêng giá 1 KING-Bed Tầng thấp,private_room,15,False,,/ đêm,275.000,₫275.000,2.0,,,True,True,True,,True,True,True,,,,,,,,False,True,,,,,,,,,,,,,,,,,,,,,,,,
877079016380874832,https://www.airbnb.com.vn/rooms/877079016380874832,,Ngũ Hành Sơn,11,16.03626,108.2443,REGULAR,,Cozy Glory Apartment (1bedroom),entire_home,2,False,,/ đêm,331.882,₫331.882,2.0,,True,True,,True,,True,,True,True,True,True,4,True,True,,False,,True,,,,,,,,,,,,,,,,,,,,,,,
757590269288161544,https://www.airbnb.com.vn/rooms/757590269288161544,"4,95",Sơn Trà,13,16.07304,108.24197,REGULAR,,Gần bãi biển/Centrall/Giường cỡ King/phòng tập thể dục & sân thượng,private_room,21,False,,/ đêm,399.412,₫399.412,2.0,,True,True,True,True,,True,,True,True,,,,True,True,,,,,True,,,,,,,,,,,,,,,,,,,,,,
44236348,https://www.airbnb.com.vn/rooms/44236348,"4,91",Phước Mỹ,17,16.06278,108.2362,REGULAR,,New Suite Studio@3min cũng đến MyKhe Beach Center.,private_room,11,False,,/ đêm,625.455,₫625.455,2.0,,True,True,True,True,,True,,True,True,True,True,6,,,False,False,,,,True,,,,,,,,,,,,,,,,,,,,,
862620260726960552,https://www.airbnb.com.vn/rooms/862620260726960552,,Ngũ Hành Sơn,14,16.0009626,108.2662945,REGULAR,,Five Marble Mountain foot bright&tranquil studio,entire_home,,False,,/ đêm,,,2.0,,True,True,True,True,,True,,,True,,,,True,True,,False,,,,,True,,,,,,,,,,,,,,,,,,,,
767226780356192988,https://www.airbnb.com.vn/rooms/767226780356192988,,Sơn Trà,9,16.06775,108.24328,REGULAR,,"studio gần biển, gần chợ",entire_home,,False,,/ đêm,,,2.0,,True,,,,,,,True,,,,,,,,False,,,,,,False,,,,,,,,,,,,,,,,,,,
812966922912318054,https://www.airbnb.com.vn/rooms/812966922912318054,"4,86",Sơn Trà,22,16.06534,108.2452,REGULAR,,Suite Glory(studio),entire_home,14,False,,/ đêm,,,2.0,,True,True,True,,,True,,True,True,,,,True,,,,True,,,,,,True,True,,,,,,,,,,,,,,,,,
849179366574374876,https://www.airbnb.com.vn/rooms/849179366574374876,,Sơn Trà,7,16.0819489,108.2439959,REGULAR,,ChacahouseB - Ấm cúng - cách BÃI BIỂN 300M,private_room,,False,,/ đêm,412.536,₫412.536,2.0,,True,True,,True,,True,True,True,True,,,,True,True,,,,,True,,,,,,,,,,,,,,,,,,,,,,
885410664415760381,https://www.airbnb.com.vn/rooms/885410664415760381,,Mỹ An,11,16.049675856972335,108.24773664868776,REPRESENTATIVE,,Room/Balcony<walkingstreet>near MyKhe beach 150met,private_room,,False,,/ đêm,251.750,₫251.750,2.0,,True,True,True,True,,True,,,True,,,,True,,,False,,,,,,False,,,True,,,,,,,,,,,,,,,,
757590218160457715,https://www.airbnb.com.vn/rooms/757590218160457715,,Sơn Trà,12,16.074114725743456,108.24110269546509,REGULAR,,Unit/King size bed/Near beach.,entire_home,,False,,/ đêm,429.843,₫429.843,2.0,,True,True,True,,,True,,True,True,,,,,True,,False,,,,,,,,True,,True,,,,,,,,,,,,,,,
33840031,https://www.airbnb.com.vn/rooms/33840031,"4,92",Sơn Trà,30,16.06383,108.23495,REGULAR,,Nhà của Felix 2,private_room,52,False,,/ đêm,308.118,₫308.118,2.0,,True,True,True,,,True,,,,True,True,4,,True,,False,,True,True,True,,False,,,,,,,,,,,,,,,,,,,
654640750861811221,https://www.airbnb.com.vn/rooms/654640750861811221,"4,82",Sơn Trà,11,16.0781500183529,108.2443942932541,REPRESENTATIVE,,LioVIE Đà Nẵng Phong cách /Studio đáng yêu gần bãi biển,entire_home,176,False,,/ đêm,935.999,₫935.999,2.0,,True,True,True,True,,,,,True,,,,True,,,False,,,,True,,,True,,,,,,,,,,,,,,,,,,
755306895868914345,https://www.airbnb.com.vn/rooms/755306895868914345,,Hải Châu,9,16.06719904417018,108.22458113386843,REGULAR,,OneStar Riverside - Bên cạnh Chợ Hàn - S22,private_room,,False,,/ đêm,308.118,₫308.118,2.0,True,,True,True,True,,True,,True,True,,,,,,,,True,,True,,,,,,,,True,,,,,,,,,,,,,,
42025476,https://www.airbnb.com.vn/rooms/42025476,"4,98",Sơn Trà,30,16.06975,108.23445,REGULAR,,Astro House /SANTORINI VIBE STUDIO/ @BEACH CENTER,entire_home,114,False,,/ đêm,529.734,₫529.734,3.0,,True,True,,,,True,,True,True,,,,,True,,False,,,True,,,False,True,,,,,,,,,,,,,,,,,,
39759153,https://www.airbnb.com.vn/rooms/39759153,"4,93",Ngũ Hành Sơn,12,16.04749,108.24781,REGULAR,,SH32❤️ Phòng riêng kiểu NY rất gần bãi biển✅,private_room,55,False,,/ đêm,396.147,₫396.147,2.0,,,True,,True,,True,,True,,,,,,,,False,True,,,,,False,,,,True,True,True,,,,,,,,,,,,,
579934290861103991,https://www.airbnb.com.vn/rooms/579934290861103991,"4,88",Sơn Trà,11,16.08021,108.24515,REGULAR,,NM Home@Studio với ban công/Ấm cúng - Gần bãi biển,entire_home,17,False,,/ đêm,475.871,₫475.871,2.0,,True,True,True,True,,True,,,True,,,,True,,,False,,,,,True,,,,,,,,True,,,,,,,,,,,,
713696006800215897,https://www.airbnb.com.vn/rooms/713696006800215897,"4,87",Sơn Trà,6,16.07753,108.24331,REGULAR,,Căn hộ GLORY,entire_home,15,False,,/ đêm,267.664,₫267.664,2.0,,,True,True,,,True,True,True,True,True,True,4,True,,False,False,,,,,,,,,,True,,,,,,,,,,,,,,,
877081322814891266,https://www.airbnb.com.vn/rooms/877081322814891266,,Ngũ Hành Sơn,11,16.03633,108.24402,REGULAR,,Cozy Glory Apartment (1bedroom),entire_home,2,False,,/ đêm,331.882,₫331.882,2.0,,True,True,,True,,True,,True,True,True,True,4,True,True,,False,,True,,,,,,,,,,,,,,,,,,,,,,,
812798935235181616,https://www.airbnb.com.vn/rooms/812798935235181616,"5,0",Sơn Trà,16,16.0661,108.24513,REGULAR,,Suite Glory(Bồn tắm),entire_home,11,False,,/ đêm,,,2.0,,True,True,True,,,True,True,,True,,,,True,,,,,,,,,,True,True,,,,,,True,,,,,,,,,,,
766504533885247204,https://www.airbnb.com.vn/rooms/766504533885247204,"4,93",Sơn Trà,7,16.0817764,108.2439332,REGULAR,,ChacahouseB2-Cozy-300m ra bãi biển,private_room,14,False,,/ đêm,,,2.0,,True,True,True,True,,True,,True,True,,,,,True,,,,,True,,,,,,,,,,,,True,,,,,,,,,,
588954610728587860,https://www.airbnb.com.vn/rooms/588954610728587860,"4,82",Sơn Trà,15,16.07439,108.22953,REGULAR,,NEW Cozy studio in heart of Da Nang,entire_home,34,False,,/ đêm,401.495,₫401.495,2.0,True,True,True,True,True,True,True,True,True,True,,,,,,,,,,,,,,,,,,,,,,,,,,,,,,,,
873037146003997258,https://www.airbnb.com.vn/rooms/873037146003997258,"5,0",Sơn Trà,9,16.082248,108.2454712,REGULAR,,Cozy - Bathtub & Emerald pool - 50m to beach,private_room,5,False,,/ đêm,400.000,₫400.000,2.0,,True,True,True,True,,True,,,True,,,,True,,,,,,,True,,,True,True,,,,,,,,,,,,,,,,,
714812094311891596,https://www.airbnb.com.vn/rooms/714812094311891596,"5,0",Sơn Trà,12,16.0739265,108.2412041,REGULAR,,King Size bed/Near Beach/Centrall/gym & rooftop,private_room,34,False,,/ đêm,419.383,₫419.383,2.0,,True,True,True,True,,True,,True,True,,,,True,True,,,,,,,,,,,True,,,,,,,,,,,,,,,,
671573317362867716,https://www.airbnb.com.vn/rooms/671573317362867716,"5,0",Hải Châu,30,16.075815108115243,108.20980703173826,REGULAR,,RẤT YÊN TĨNH | Phòng riêng quen thuộc FSTAY #201,private_room,10,False,,/ đêm,319.263,₫319.263,2.0,,True,True,True,,,,,,True,True,True,9,True,,,False,,True,,True,True,False,,,,,,,,,,,,,,,,,,,
34372247,https://www.airbnb.com.vn/rooms/34372247,"4,89",,30,16.06385,108.23753,REGULAR,,Nhà của Felix 3,private_room,38,False,,/ đêm,324.323,₫324.323,2.0,,True,True,,,,True,,True,,True,True,4,,True,,False,,True,,True,,False,,,,,,,,,True,,,,,,,,,,
665677351648372917,https://www.airbnb.com.vn/rooms/665677351648372917,"4,25",Sơn Trà,16,16.06008,108.2434,REGULAR,,Khách sạn Sea Sand 2: Phòng cao cấp gần bãi biển số4,private_room,8,False,,/ đêm,,,2.0,True,,True,True,True,True,True,,,True,,,,True,,,False,,,,,,,,,True,,,,,,,,,,,,,,,,
878779589758535837,https://www.airbnb.com.vn/rooms/878779589758535837,,Sơn Trà,7,16.06767,108.24184,REGULAR,,căn hộ có ban công gần biển,private_room,,False,,/ đêm,,,2.0,,True,True,True,True,True,True,,,True,False,True,,,,,False,,True,,,,False,,,,,,,,,,,,,,,,,,,
854182598442124962,https://www.airbnb.com.vn/rooms/854182598442124962,,Sơn Trà,9,16.05612,108.24502,REGULAR,,Ký túc xá gần bãi biển # Talofofo,shared_room,,False,,/ đêm,,,6.0,,,True,True,,,,,True,True,,,,True,,,False,,,,,,False,,,,,True,,,,,,,,,,,,,,
892467489722608908,https://www.airbnb.com.vn/rooms/892467489722608908,,Sơn Trà,6,16.05921,108.24493,REGULAR,,Saving Superior Double Room,private_room,,False,,/ đêm,,,2.0,,,True,,,,True,,True,,,,,,,,,,,,,,,,,,,,,,,,,,,,,,,,,
31089675,https://www.airbnb.com.vn/rooms/31089675,"4,62",Đà Nẵng,20,16.0545,108.24574,REGULAR,,Căn hộ Bà Phượng-Premium Ocean Front,entire_home,84,False,,/ đêm,,,6.0,,True,True,,True,True,True,True,,,,,,True,True,,False,,,,,,,True,,,,,,,,,,,,,,,,,,
32956517,https://www.airbnb.com.vn/rooms/32956517,"4,85",Ngũ Hành Sơn,12,16.04751,108.23658,REGULAR,,Toàn cảnh studio-ban công - nhà thông minh thành phố 23,entire_home,39,False,,/ đêm,400.659,₫400.659,2.0,True,True,True,,True,,True,True,True,True,,,,,True,,False,,,,,,,,,,,,,,,,,,,,,,,,,
638051965796540359,https://www.airbnb.com.vn/rooms/638051965796540359,"4,94",Sơn Trà,13,16.08073,108.24648,REGULAR,,Tầm nhìn quang cảnh đại dương và mặt trời mọc ngoạn mục | Nhà bếp trang bị đầy đủ tiện nghi | Phòng tập thể dục miễn phí | Bên kia bãi biển,private_room,16,False,,/ đêm,2.057,₫2.057.036,4.0,True,True,True,True,True,,True,,,,True,True,2,True,,False,,,,,,,,True,,True,,,,,,,,,,,,,,,,
635698956255543494,https://www.airbnb.com.vn/rooms/635698956255543494,"4,97",Sơn Trà,29,16.073116,108.242889,REGULAR,,Nơi trú ẩn - Phòng ngủ yên tĩnh - 5 phút đi bộ ra bãi biển,private_room,37,False,,/ đêm,570.589,₫570.589,2.0,True,,True,,True,,True,True,True,True,,,,True,,,False,,,,,,,,,,True,,,,,,,,,,,,,,,
677036623303261970,https://www.airbnb.com.vn/rooms/677036623303261970,"4,5",Sơn Trà,7,16.05719,108.24441,REGULAR,,Studio hoàn toàn MỚI và rộng rãi cách bãi biển 5 phút,entire_home,8,False,,/ đêm,,,2.0,,True,True,True,True,True,True,True,True,True,,,,,,,,,,,,,,,,,True,,,,,,,,,,,,,,,
36810530,https://www.airbnb.com.vn/rooms/36810530,"4,79",Hải Châu,30,16.0812,108.21608,REGULAR,,***S&B HOUSE***Trung tâm Đà Nẵng/Gần SÔNG HÀN,entire_home,101,False,,/ đêm,,,4.0,,True,True,,True,,True,,True,True,,,,,True,,,,,True,True,,,,,True,,,,,,,,,,,,,,,,
626797144562699283,https://www.airbnb.com.vn/rooms/626797144562699283,"4,74",Sơn Trà,6,16.07771,108.24474,REGULAR,,CĂN HỘ VINH QUANG,private_room,34,False,,/ đêm,267.664,₫267.664,2.0,,,True,True,,,True,True,True,True,True,True,4,True,,False,False,,,,,,,,,,True,,,,,,,,,,,,,,,
812968486166517459,https://www.airbnb.com.vn/rooms/812968486166517459,"4,69",Sơn Trà,29,16.06745,108.24534,REGULAR,,Suite Glory(studio),entire_home,16,False,,/ đêm,,,2.0,,True,True,True,,,True,,True,True,,,,True,,,,,,True,,,,True,True,,,,,,,,,,,,,,,,,
674499750640806634,https://www.airbnb.com.vn/rooms/674499750640806634,"4,96",Hải Châu,30,16.07582541741196,108.20985531150053,REGULAR,,TẦM NHÌN RA BÃI BIỂN GẦN | Phòng riêng quen thuộc FSTAY #301,private_room,27,False,,/ đêm,321.187,₫321.187,2.0,,True,True,True,,,,,,True,True,True,9,True,,,False,,True,,,,False,,,True,,,,,,,True,,,,,,,,,
588956510910199181,https://www.airbnb.com.vn/rooms/588956510910199181,"4,89",Sơn Trà,14,16.07466,108.22827,REGULAR,,Studio MỚI ấm cúng tại trung tâm Đà Nẵng,entire_home,90,False,,/ đêm,380.057,₫380.057,2.0,True,True,True,True,True,True,True,True,True,True,,,,,,,,,,,,,,,,,,,,,,,,,,,,,,,,
877052718931319405,https://www.airbnb.com.vn/rooms/877052718931319405,,Ngũ Hành Sơn,11,16.037282008354705,108.24495635926723,REGULAR,,Cozy Glory Apartment(1 bedroom),entire_home,,False,,/ đêm,374.737,₫374.737,2.0,,True,True,,True,,True,,True,True,,,,True,True,,False,,,,,,,,,,,,,,,True,,,,,,,,,,
843264017264999003,https://www.airbnb.com.vn/rooms/843264017264999003,"5,0",Sơn Trà,16,16.06711,108.2439,REGULAR,,Suite Glory(Bồn tắm),entire_home,9,False,,/ đêm,,,2.0,,True,True,True,,,True,True,,True,,,,True,,,,,,,,,,True,True,,,,,,True,,,,,,,,,,,
13743081,https://www.airbnb.com.vn/rooms/13743081,"4,69",Hai Chau Da Nang,16,16.07014,108.22253,REGULAR,,CỘT MỐC HOMESTAY-BIG ROOM-CITY CENTER #2 ĐÀ NẴNG,private_room,193,False,,/ đêm,294.401,₫294.401,2.0,,,True,,,,,,True,,False,True,7,,,False,False,,,,,,False,,,,,,,,,,,True,,,,,,,,
37841492,https://www.airbnb.com.vn/rooms/37841492,"4,87",Ngũ Hành Sơn,12,16.04905,108.24776,REGULAR,,SH22❤️ Phòng riêng kiểu NY chỉ cách bãi biển 3 phút✅,private_room,61,False,,/ đêm,374.710,₫374.710,1.0,,,True,,True,,True,,True,,,,,,,,False,True,,,,,False,,,,True,True,True,,,,,,,,,,,,,
886631023697918512,https://www.airbnb.com.vn/rooms/886631023697918512,,Sơn Trà,18,16.09936,108.22779,REGULAR,,XANH Village - nơi chốn bình yên,entire_home,,False,,/ đêm,,,15.0,,True,True,True,True,,True,,,True,,,,,,,False,,,,,,False,True,,,,,,,True,,,,,,,,,,,
815484211968716735,https://www.airbnb.com.vn/rooms/815484211968716735,"5,0",,25,16.10606,108.26119,REGULAR,,Jade Lotus Private Villa / Pool / BBQ / Mini bar,entire_home,16,False,,/ đêm,,,12.0,,True,True,,True,,,,,True,,,,True,,,False,,,,True,,False,True,,,,,,,,,,,,,,,,,,
763443373455313269,https://www.airbnb.com.vn/rooms/763443373455313269,"4,33",Sơn Trà,21,16.07299,108.23181,REGULAR,,S&B House/Phòng riêng ấm cúng 1 tại Sơn Trà,private_room,6,False,,/ đêm,404.212,₫404.212,2.0,,True,True,True,True,,True,,True,True,False,True,5,,,False,False,,,,,,False,,,,,,,,,,,,,,,,,,,
893129068037676724,https://www.airbnb.com.vn/rooms/893129068037676724,,Sơn Trà,22,16.105740150044298,108.26371247317147,REGULAR,,Peaceful Villa 2BR - Free Pool*BBQ*Bikes*PS3*Gym,entire_home,,False,,/ đêm,,,4.0,,True,True,True,True,,,,,True,,,,True,,,False,,,,True,True,False,,,,,,,,,,,,,,,,,,,
649716474389006748,https://www.airbnb.com.vn/rooms/649716474389006748,"4,87",Ngũ Hành Sơn,8,16.0498343,108.2457949,REPRESENTATIVE,,Căn hộ hai phòng ngủ LioVIE An Thượng/Bãi biển,entire_home,119,False,,/ đêm,1.249,₫1.249.999,4.0,,True,True,,True,True,True,,,True,,,,True,,,False,,,,,,,True,True,,,,,,,,,,,,,,,,,
640353223061005579,https://www.airbnb.com.vn/rooms/640353223061005579,"4,96",Hải Châu,22,16.0784057,108.2191242,REGULAR,,"4.2 Vườn hoa Chuối, gần sông Hàn, 2 giường queen",entire_home,27,False,,/ đêm,665.958,₫665.958,4.0,,True,True,True,True,,True,True,True,True,,,,,,,False,,,,,,False,,,,,,,,,,,,,,,,,,,
41310343,https://www.airbnb.com.vn/rooms/41310343,"4,87",Da Nang,10,16.05022,108.24633,REGULAR,,"SH42❤️NY phòng phong cách trên tầng 4, 150 m ra bãi biển✅",private_room,79,False,,/ đêm,374.710,₫374.710,2.0,,,True,,True,,True,,True,,,,,,,,False,True,,,,,False,,,,True,True,True,,,,,,,,,,,,,
793221199956686013,https://www.airbnb.com.vn/rooms/793221199956686013,"4,83",Ngũ Hành Sơn,25,16.050298269973524,108.24310663002474,REGULAR,,Phòng tiêu chuẩn gần biển,private_room,6,False,,/ đêm,4.023,₫4.023.334,2.0,True,,True,True,True,True,True,,,True,True,True,4,True,,,False,,True,,,,,,,,,,,,,,,,,,,,,,,
36433917,https://www.airbnb.com.vn/rooms/36433917,"4,8",Sơn Trà,18,16.07429,108.24403,REGULAR,,Hồ bơi vô cực * Tầm nhìn ra vườn *Phòng 45 m2 - Bãi biển Mỹ Khê,entire_home,5,False,,/ đêm,,,3.0,,True,True,,True,,True,True,True,,,,,,True,,False,,,True,,,,True,,,,,,,,,,,,,,,,,,
40239798,https://www.airbnb.com.vn/rooms/40239798,"4,79",Ngũ Hành Sơn,30,16.05429,108.246,REGULAR,,Căn hộ Studio có ban công lớn gần biển Mỹ Khê,entire_home,24,False,,/ đêm,603.283,₫603.283,2.0,,True,True,True,True,True,True,True,True,,,,,,True,,,,,,,,,,,,,,,,,True,,,,,,,,,,
33262736,https://www.airbnb.com.vn/rooms/33262736,"4,8",Ngũ Hành Sơn,28,16.05368,108.24735,REGULAR,,"♥️ Hướng biển bãi biển Mỹ Khê, tầng cao, đi bộ ra biển",entire_home,88,False,,/ đêm,,,6.0,,True,True,,True,,True,True,True,,,,,True,True,,,,,True,,,,,,,,,,,,True,,,,,,,,,,
855596136354833567,https://www.airbnb.com.vn/rooms/855596136354833567,"5,0",Sơn Trà,8,16.0804,108.24433,REGULAR,,Căn hộ Glory 3,entire_home,3,False,,/ đêm,344.145,₫344.145,2.0,,True,True,True,,,True,True,,True,True,True,4,True,True,False,False,,,,,,,,,,,,,,,,,,,,,,,,,
588957906602505829,https://www.airbnb.com.vn/rooms/588957906602505829,"4,86",Sơn Trà,15,16.07592,108.2289,REGULAR,,NEW Cozy studio in heart of Da Nang,entire_home,28,False,,/ đêm,380.057,₫380.057,2.0,True,True,True,True,True,True,True,True,True,True,,,,,,,,,,,,,,,,,,,,,,,,,,,,,,,,
812800003899542360,https://www.airbnb.com.vn/rooms/812800003899542360,"4,75",Sơn Trà,16,16.06746,108.24362,REGULAR,,Suite Glory(Bồn tắm),entire_home,4,False,,/ đêm,,,2.0,,True,True,True,,,True,True,,True,,,,True,,,,,,,,,,True,True,,,,,,True,,,,,,,,,,,
36119919,https://www.airbnb.com.vn/rooms/36119919,"4,91",Ngũ Hành Sơn,19,16.04972,108.24726,REGULAR,,SH41❤️Tầng trên cùng (tầng 4) Căn hộ Studio ban công tốt nhất ✅,private_room,45,False,,/ đêm,476.409,₫476.409,2.0,,,True,,True,,True,,True,,,,,,,,False,True,,,,,False,,,,True,True,,,,True,,,,,,,,,,
626500760977537745,https://www.airbnb.com.vn/rooms/626500760977537745,,Sơn Trà,6,16.063244,108.239166,REGULAR,,"Khách sạn New Tourane,Deluxe King",private_room,,False,,/ đêm,276.735,₫276.735,2.0,,,True,True,True,,True,,True,,,,,,True,,False,True,,True,,,,,,True,,,,,,,,,,,,,,,,
37978371,https://www.airbnb.com.vn/rooms/37978371,"4,78",Mỹ An,27,16.05055,108.24554,REGULAR,,★ CĂN HỘ VINH quang ★ Chúng tôi sẽ để lại cho bạn những kỷ niệm về sự thư giãn của bạn,entire_home,40,False,,/ đêm,374.710,₫374.710,2.0,,True,True,,True,,True,,True,,,,,True,True,,False,,,,,,False,,,,,,,,,True,,,,,,,,,,
44355372,https://www.airbnb.com.vn/rooms/44355372,"4,96",Sơn Trà,25,16.07093,108.23314,REGULAR,,Astro House/ SANTORINI Studio w Pool @Beach Center,entire_home,83,False,,/ đêm,547.765,₫547.765,3.0,,True,True,,,,True,,True,True,,,,,True,,False,,,True,,,False,True,,,,,,,,,,,,,,,,,,
35360992,https://www.airbnb.com.vn/rooms/35360992,"4,97",Hải Châu,23,16.0615,108.21649,REGULAR,,"Studio có ban công, 1 BR Gần sông Hàn Đi bộ tối thiểu 5 phút",entire_home,36,False,,/ đêm,355.994,₫355.994,3.0,,True,True,True,True,,True,,True,,,,,,True,,False,,,,,,,,,True,,,,,,True,,,,,,,,,,
37922096,https://www.airbnb.com.vn/rooms/37922096,"4,71",Mỹ An,25,16.05168,108.24427,REGULAR,,"★ CĂN HỘ VINH quang ★ 
Chúng tôi sẽ để lại cho bạn những kỷ niệm đẹp về sự thư giãn của bạn",entire_home,21,False,,/ đêm,396.147,₫396.147,2.0,,True,True,,True,,True,,True,True,,,,True,True,,False,,,,,,False,,,,,,,,,,,,,,,,,,,
820135973433063801,https://www.airbnb.com.vn/rooms/820135973433063801,"4,67",Sơn Trà,12,16.0783,108.24315,REGULAR,,Căn hộ vinh quang 2,entire_home,6,False,,/ đêm,535.327,₫535.327,2.0,,True,True,True,,,True,True,True,True,,,,True,True,,False,,,,,,,,,,,,,,,,,,,,,,,,,
40641483,https://www.airbnb.com.vn/rooms/40641483,"4,73",Ngũ Hành Sơn,26,16.05533,108.24644,REGULAR,,Sharon* Ban công lớn *Vài phút đi bộ ra bãi biển,entire_home,37,False,,/ đêm,603.283,₫603.283,2.0,,True,True,True,True,True,True,True,True,True,,,,,True,,,,,,,,,,,,,,,,,,,,,,,,,,,
38630993,https://www.airbnb.com.vn/rooms/38630993,"5,0",Hải Châu,17,16.05909,108.2204,REGULAR,,"City Center Studio near Dragon Bridge, Danang",private_room,24,False,,/ đêm,513.530,₫513.530,2.0,,True,True,True,True,,True,,True,True,,,,,,,False,,,,,,False,,,,,,,,,True,,,,,,,,,,
40271468,https://www.airbnb.com.vn/rooms/40271468,"4,9",Ngũ Hành Sơn,19,16.05319,108.24593,REPRESENTATIVE,,ModernLuxury Studio cách bãi biển 1 phút,entire_home,348,False,,/ đêm,556.800,₫556.800,2.0,,True,True,True,True,,True,True,True,,,,,,True,,False,,,True,,,,,,,,,,,,,,,,,,,,,,
677039715647059631,https://www.airbnb.com.vn/rooms/677039715647059631,"5,0",Sơn Trà,7,16.05808,108.24374,REGULAR,,Studio hoàn toàn MỚI và rộng rãi cách bãi biển 5 phút,entire_home,17,False,,/ đêm,,,2.0,,True,True,True,True,True,True,True,True,True,,,,,,,,,,,,,,,,,True,,,,,,,,,,,,,,,
24434093,https://www.airbnb.com.vn/rooms/24434093,"4,72",Da Nang,10,16.05609,108.20512,REGULAR,,CĂN NHÀ 5 của NGOI HOUSE,private_room,108,False,,/ đêm,536.353,₫536.353,2.0,,True,True,,True,,True,,True,,True,True,5,,True,False,False,True,,,,,False,,,,,,,,,,,,,,,,,,,
588942323525152548,https://www.airbnb.com.vn/rooms/588942323525152548,"4,9",Sơn Trà,21,16.07439,108.22965,REGULAR,,Căn hộ phong cách với tầm nhìn tuyệt vời và bể sục,entire_home,78,False,,/ đêm,861.861,₫861.861,2.0,True,True,True,True,True,True,,,,True,,,,,,,,,,,,,,,True,True,,,,,,,,,,,,,,,,
812949042432962861,https://www.airbnb.com.vn/rooms/812949042432962861,"4,83",Sơn Trà,22,16.06665,108.24532,REGULAR,,Suite Glory(studio),entire_home,12,False,,/ đêm,,,2.0,,True,True,True,,,True,,True,True,,,,True,,,,True,,,,,,True,True,,,,,,,,,,,,,,,,,
693143214368890819,https://www.airbnb.com.vn/rooms/693143214368890819,,Sơn Trà,5,16.0709311,108.2328656,REGULAR,,Căn hộ gần vincom,private_room,2,False,,/ đêm,353.765,₫353.765,2.0,,True,True,True,True,True,True,,,True,False,True,10,,,False,False,,,,,,False,,,,,,,,,,,,,,,,,,,
842263930770485856,https://www.airbnb.com.vn/rooms/842263930770485856,"3,67",Sơn Trà,23,16.06582,108.24313,REGULAR,,BAO Apartment & Coffee,private_room,3,False,,/ đêm,256.765,₫256.765,16.0,,,True,True,True,,,,True,True,,,,True,,,False,True,,,,,,,,,True,,,True,,,,,,,,,,,,
694900988593270888,https://www.airbnb.com.vn/rooms/694900988593270888,"4,77",Sơn Trà,8,16.07963,108.24464,REGULAR,,Căn hộ Glory 3,entire_home,13,False,,/ đêm,321.187,₫321.187,2.0,,True,True,True,,,True,True,,True,True,True,4,True,True,False,False,,,,,,,,,,,,,,,,,,,,,,,,,
588952235522104616,https://www.airbnb.com.vn/rooms/588952235522104616,"4,85",Sơn Trà,18,16.07602,108.22875,REGULAR,,Stylish & spacious studio in heart of Da Nang,entire_home,27,False,,/ đêm,,,2.0,True,True,True,True,True,True,True,True,True,True,,,,,,,,,,,,,,,,,,,,,,,,,,,,,,,,
875626126637532068,https://www.airbnb.com.vn/rooms/875626126637532068,"5,0",Sơn Trà,8,16.08154,108.24458,REGULAR,,"Modern studio with Garden, Bathtub, pool and sea",entire_home,3,False,,/ đêm,450.000,₫450.000,2.0,,,True,,,,True,,True,True,,,,,,,False,,,True,True,,,True,True,,,,,,,True,,,,,,,,,,
812944629719392220,https://www.airbnb.com.vn/rooms/812944629719392220,"5,0",Sơn Trà,20,16.06567,108.24566,REGULAR,,Suite Glory(tầm nhìn ra bãi biển),entire_home,3,False,,/ đêm,,,2.0,,True,True,True,,,True,True,,True,,,,True,,,,,,,,,,True,True,,,,,,True,,,,,,,,,,,
605290685203980073,https://www.airbnb.com.vn/rooms/605290685203980073,"4,79",Ngũ Hành Sơn,30,16.03779,108.24555,REPRESENTATIVE,,BonnyBoutique/SuperiorStudio with Balcony&Pool,private_room,63,False,,/ đêm,,,2.0,,True,True,True,True,,True,True,,True,,,,,,,False,,,,,,,True,,,,,,,True,,,,,,,,,,,
37793849,https://www.airbnb.com.vn/rooms/37793849,"4,93",Sơn Trà,11,16.07367,108.24212,REGULAR,,Căn hộ Đà Nẵng/Studio Sơn Trà/Gần bãi biển,entire_home,15,False,,/ đêm,,,2.0,,True,True,True,True,True,True,,,True,,,,True,,,False,,,,True,,,,,,,,,,,,,,,,,,,,,
812795048988647134,https://www.airbnb.com.vn/rooms/812795048988647134,"4,45",Sơn Trà,16,16.06738,108.24466,REGULAR,,Suite Glory(Bồn tắm),entire_home,11,False,,/ đêm,556.717,₫556.717,2.0,,True,True,True,,,True,,,True,,,,True,,,,,,,,,,True,True,True,,,,,True,,,,,,,,,,,
40048182,https://www.airbnb.com.vn/rooms/40048182,"4,86",Cẩm Lệ,20,16.00007,108.22125,REGULAR,,Nhà Lil - Căn hộ 2,entire_home,22,False,,/ đêm,570.589,₫570.589,4.0,,True,True,True,True,True,True,,,True,,,,,True,,False,,,,,,False,,,,,,,,,,,,,,,,,,,
809149313817697856,https://www.airbnb.com.vn/rooms/809149313817697856,"5,0",Ngũ Hành Sơn,26,16.05497,108.23956,REGULAR,,B-Private duplex-bathtub - 5 phút đi bộ đến bãi biển,entire_home,7,False,,/ đêm,,,3.0,,True,True,True,True,,,,,True,,,,True,,,False,,,,,,False,,,True,,,,,,,,,True,,,,,,,
31140563,https://www.airbnb.com.vn/rooms/31140563,"4,83",Ngũ Hành Sơn,13,16.0478,108.23668,REGULAR,,Căn hộ - ban công - view thành phố - nhà thông minh 14,entire_home,53,False,,/ đêm,361.859,₫361.859,2.0,True,True,True,True,True,,True,True,True,,,,,,True,,False,,,,,,,,,,,,,,,,,,,,,,,,,
41136702,https://www.airbnb.com.vn/rooms/41136702,"4,71",Ngũ Hành Sơn,15,16.03589,108.25216,REGULAR,,Hồ bơi Inf * PHÍA TRƯỚC ĐẠI DƯƠNG *1BRSeaView*B,private_room,38,False,,/ đêm,,,3.0,,True,True,,True,,True,,True,,,,,True,True,,False,,,,,,,True,,,,,,,,True,,,,,,,,,,
891189067025122906,https://www.airbnb.com.vn/rooms/891189067025122906,,Sơn Trà,9,16.0819658,108.2433009,REGULAR,,Energy hotel & Apartment 03,private_room,,False,,/ đêm,,,2.0,,True,True,,True,,True,,True,True,,,,,True,,,True,,,,,,,,,,,,,,,,,,,,,,,,
853417208635909546,https://www.airbnb.com.vn/rooms/853417208635909546,"5,0",Sơn Trà,12,16.07703,108.244,REGULAR,,Altara Suites 18th Floor Ocean view @ MyKheBeach.,entire_home,5,False,,/ đêm,2.059,₫2.059.766,4.0,True,True,True,True,True,,True,True,,,,,,True,True,,,,,,,,,True,,,,,,,,,,,,,,,,,,
52661981,https://www.airbnb.com.vn/rooms/52661981,"4,5",Hải Châu,10,16.07726,108.2198,REGULAR,,Phòng Ban công với Quang cảnh công viên,private_room,10,False,,/ đêm,399.412,₫399.412,2.0,,True,True,True,True,True,,,,True,False,True,1,,,,False,,True,,True,,False,,,,,,,,,,,,,,,,,,,
42278055,https://www.airbnb.com.vn/rooms/42278055,"4,88",Sơn Trà,30,16.05685806274414,108.24429321289062,REGULAR,,Studio ấm cúng và yên tĩnh gần bãi biển Mỹ Khê,private_room,59,False,,/ đêm,422.235,₫422.235,2.0,,True,True,True,True,,True,True,True,,True,True,4,,,,False,,True,True,,,,,,,,,,,,,,,,,,,,,,
44123298,https://www.airbnb.com.vn/rooms/44123298,"5,0",Sơn Trà,18,16.09901,108.23287,REGULAR,,Bán đảo băng giá *2BR nhà hiện đại &ấm cúng ở Sơn Trà,entire_home,4,False,,/ đêm,1.540,₫1.540.589,4.0,,True,True,True,True,True,True,,,True,,,,,,,False,,,,True,,False,,,,,,,,,,,,,,,,,,,
800618878426659737,https://www.airbnb.com.vn/rooms/800618878426659737,,Cẩm Lệ,7,16.03271,108.21211,REGULAR,,Spacious Room in Central Danang,private_room,,False,,/ đêm,,,2.0,,True,True,True,True,,True,,,True,False,True,,,True,,False,,True,,,,False,,,,,,,,,,,,,,,,,,,
52696813,https://www.airbnb.com.vn/rooms/52696813,"4,88",Hải Châu,25,16.0657,108.22458,REGULAR,,Picturesque Cathedral in Bare Han @1MIN TO CENTRAL,private_room,34,False,,/ đêm,788.073,₫788.073,2.0,,True,True,True,True,,True,,True,True,True,True,6,,,False,False,,,,,,,,,True,,,,,,,,,,,,,,,,
40046088,https://www.airbnb.com.vn/rooms/40046088,,Sơn Trà,14,16.08728,108.24639,REGULAR,,Căn hộ - Đóng cửa bãi biển 2,private_room,2,False,,/ đêm,,,2.0,,True,True,True,True,,,,,True,False,True,3,True,,,False,,True,,True,True,,,,,,,,,,,,,,,,,,,,
720565224673726575,https://www.airbnb.com.vn/rooms/720565224673726575,"4,91",Sơn Trà,12,16.07947,108.24343,REGULAR,,Căn hộ GLORY 2,private_room,11,False,,/ đêm,,,2.0,,True,True,True,,,True,True,True,True,,,,True,True,,False,,,,,,,,,,,,,,,,,,,,,,,,,
588944074407900848,https://www.airbnb.com.vn/rooms/588944074407900848,"4,88",Sơn Trà,18,16.07513,108.22996,REGULAR,,Stylish apartment with river view & jacuzzi,entire_home,51,False,,/ đêm,,,2.0,True,True,True,True,True,True,,,,True,,,,,,,,,,,,,,,True,True,,,,,,,,,,,,,,,,
819083980788702421,https://www.airbnb.com.vn/rooms/819083980788702421,"4,78",Sơn Trà,11,16.077529381584878,108.24653996826173,REGULAR,,100m2 Ocean View 23 Floor King Bed in Sheraton,entire_home,9,False,,/ đêm,2.703,₫2.703.326,7.0,True,True,True,True,True,,,,,,,,,True,,,,,,,,,,True,True,,,,,,True,,,,,,,,,,,
859814731215394770,https://www.airbnb.com.vn/rooms/859814731215394770,"5,0",Sơn Trà,24,16.088444261798195,108.24874486137693,REGULAR,,MercuryBeach - LuxuryApart Seaview 2BRs-3Beds P201,entire_home,4,False,,/ đêm,1.148,₫1.148.000,6.0,,True,True,True,True,,True,True,,True,,,,True,,,,,,True,,,,True,,,,,,,,,,,,,,,,,,
867321750518104267,https://www.airbnb.com.vn/rooms/867321750518104267,,Sơn Trà,12,16.07682,108.24525,REGULAR,,100m2 Amazing City View 3 Beds at 23rd In Sheraton,entire_home,,False,,/ đêm,,,7.0,,True,True,True,True,,True,True,,,,,,True,,,,,,,,,,True,True,,,,,,True,,,,,,,,,,,
890910308022123766,https://www.airbnb.com.vn/rooms/890910308022123766,,Ngũ Hành Sơn,30,16.05345,108.24721,REGULAR,,Corner apt Seaview next to Walking st & MyAn beach,entire_home,,False,,/ đêm,,,4.0,,True,True,True,True,,True,True,,True,,,,True,True,,False,,,,,,,,,,,,,,,,,,,,,,,,,
843879918118102955,https://www.airbnb.com.vn/rooms/843879918118102955,"5,0",Sơn Trà,21,16.0722845,108.2377751,REGULAR,,Sea Dragon Apartment Room 5,entire_home,3,False,,/ đêm,524.941,₫524.941,2.0,,True,True,True,True,,True,True,True,True,,,,True,True,,,,,,,,,,,,,,,,,,,,,,,,,,,
849944798814993359,https://www.airbnb.com.vn/rooms/849944798814993359,,Ngũ Hành Sơn,20,16.04849,108.24627,REGULAR,,(502)*Studio room*Walking street*200m to beach,entire_home,,False,,/ đêm,312.180,₫312.180,4.0,,,True,True,True,,True,True,True,True,,,,True,,,False,,,,,,,,,,True,,,,,,,,,,,,,,,
32450237,https://www.airbnb.com.vn/rooms/32450237,"4,95",Phước Mỹ,30,16.06295,108.24049,REPRESENTATIVE,,OASIS-NEAR BEACH-NICE ROOM-AIRPORT SHUTTLE-NETFLIX,hotel_room,136,False,,/ đêm,467.919,₫467.919,2.0,,,True,True,True,,True,True,True,,,,,True,,,,True,,,True,,,,,,True,,,,,,,,,,,,,,,
676319570999980295,https://www.airbnb.com.vn/rooms/676319570999980295,"5,0",Sơn Trà,7,16.05843,108.24319,REGULAR,,Studio hoàn toàn MỚI và rộng rãi cách bãi biển 5 phút,entire_home,14,False,,/ đêm,,,2.0,,True,True,True,True,True,True,True,True,True,,,,,,,,,,,,,,,,,True,,,,,,,,,,,,,,,
634243324217220520,https://www.airbnb.com.vn/rooms/634243324217220520,"4,76",Sơn Trà,14,16.081776,108.243935,REGULAR,,ChacaHouseA3-Rooftop- GardenView-300m ra bãi biển,private_room,17,False,,/ đêm,727.500,₫727.500,2.0,,True,True,,True,,True,True,,True,,,,True,True,,,,,True,True,,,,,,,,,,,,,,,,,,,,,
38033182,https://www.airbnb.com.vn/rooms/38033182,"4,79",Mỹ An,27,16.04993,108.24491,REGULAR,,★ CĂN HỘ VINH quang ★ Chúng tôi sẽ để lại cho bạn những kỷ niệm về sự thư giãn của bạn,entire_home,28,False,,/ đêm,401.495,₫401.495,2.0,,True,True,,True,,True,,True,,,,,True,True,,False,,,True,,,False,,,,,,,,,,,,,,,,,,,
854693967121533023,https://www.airbnb.com.vn/rooms/854693967121533023,"4,67",Mỹ An,12,16.049407779858196,108.24792976773684,REGULAR,,"Phòng có ban công, phố đi bộ, cách bãi tắm 150m",private_room,9,False,,/ đêm,427.500,₫427.500,2.0,,True,True,,True,,True,True,,,False,True,1,True,,,False,,True,,,,False,,,True,,,,,,,,,,,,,,,,
890481347938615795,https://www.airbnb.com.vn/rooms/890481347938615795,,Sơn Trà,12,16.0632808,108.2308129,REGULAR,,DaNang Landlord Apartment,entire_home,,False,,/ đêm,,,4.0,,True,True,True,True,,True,,,True,,,,True,,,,,,,,,,True,True,,,,,,,,,,,True,,,,,,
34721476,https://www.airbnb.com.vn/rooms/34721476,"4,91",Q. Hải Châu,25,16.07773,108.21851,REGULAR,,3. Hoa chuối - gần sông Hàn - Giường vua,entire_home,104,False,,/ đêm,554.449,₫554.449,2.0,,True,True,,True,,True,True,True,True,,,,,,,False,,,,,,False,,,,True,,,,,,,,,,,,,,,
34912448,https://www.airbnb.com.vn/rooms/34912448,"4,78",Hải Châu,26,16.07041,108.2179,REGULAR,,Một chút BR APT-15 phút đi bộ đến sông Hàn,entire_home,23,False,,/ đêm,,,2.0,,True,True,True,True,,True,True,,,,,,,True,,False,,,,,,False,True,,,,,,,,,,,,,,,,,,
46902732,https://www.airbnb.com.vn/rooms/46902732,"4,5",Ngũ Hành Sơn,13,16.03634,108.24646,REGULAR,,CĂN HỘ LAUREL,entire_home,20,False,,/ đêm,,,2.0,,True,True,True,True,True,True,,,True,,,,,True,,,,,True,,,,True,,,,,,,,,,,,,,,,,,
31365688,https://www.airbnb.com.vn/rooms/31365688,"4,86",Ngũ Hành Sơn,12,16.04689,108.23692,REGULAR,,Căn hộ - Ban công - quang cảnh thành phố - nhà thông minh 22,entire_home,42,False,,/ đêm,362.565,₫362.565,2.0,True,True,True,,True,,True,True,True,True,,,,,True,,False,,,,,,,,,,,,,,,,,,,,,,,,,
701808327977139171,https://www.airbnb.com.vn/rooms/701808327977139171,"5,0",Ngũ Hành Sơn,26,16.05259,108.24159,REGULAR,,Phòng đôi sang trọng và mới gần bãi biển Mỹ Khê,private_room,4,False,,/ đêm,549.461,₫549.461,2.0,,True,True,True,True,True,True,True,,,True,True,4,True,,,,,True,,,,,,,True,,,,,,,,,,,,,,,,
39162831,https://www.airbnb.com.vn/rooms/39162831,,Sơn Trà,17,16.05989,108.24576,REGULAR,,"New, Quite, Spacious Studio ,1 phút đi bộ đến bãi biển",private_room,,False,,/ đêm,541.284,₫541.284,2.0,,True,True,,True,,True,True,True,,,,,True,True,,,True,,,,,,,,,True,,,,,,,,,,,,,,,
651963502716000069,https://www.airbnb.com.vn/rooms/651963502716000069,"4,7",Ngũ Hành Sơn,17,16.04926,108.24823,REGULAR,,"Tầm nhìn ra biển, 1 phút đi bộ là tới bãi biển Mỹ Khê",private_room,10,False,,/ đêm,493.333,₫493.333,2.0,,,True,True,True,,True,,True,True,,,,True,,,False,,,,,,,,True,,,,,,,True,,,,,,,,,,
40125460,https://www.airbnb.com.vn/rooms/40125460,"4,92",Phước Mỹ,18,16.06188,108.23676,REGULAR,,Phòng wCINEMA sang trọng @3min toCenter cũng có MyKhe Beach,private_room,52,False,,/ đêm,531.636,₫531.636,2.0,,,True,,True,,True,,True,True,,,,,,,False,True,,,,,,,,,True,,True,,,True,,,,,,,,,,
835910729751654051,https://www.airbnb.com.vn/rooms/835910729751654051,"4,67",Ngũ Hành Sơn,16,16.0463091,108.2454758,REGULAR,,Nhà Trắng - 2,private_room,3,False,,/ đêm,315.235,₫315.235,2.0,,True,True,True,True,,,,True,,False,True,2,,True,,False,,True,True,,,False,,,,,,,,,,,,,,,,,,,
828004920279955337,https://www.airbnb.com.vn/rooms/828004920279955337,"5,0",Sơn Trà,30,16.10549,108.25909,REGULAR,,"Resort Phong cách Nhật Bản Phòng xông hơi, Xe đạp & BBQ miễn phí - 3BR",entire_home,4,False,,/ đêm,4.416,₫4.416.355,6.0,,True,True,True,True,,,,,,,,,True,,,False,,,,,True,False,True,,,,,,,,,,,,,True,,,,,
892130996623261934,https://www.airbnb.com.vn/rooms/892130996623261934,,Ngũ Hành Sơn,30,16.0551,108.24768,REGULAR,,Sea view 2BR Apartment 35a04-Close to My Khe Beach,entire_home,,False,,/ đêm,,,6.0,,True,True,True,True,True,True,,,True,,,,True,True,,False,,,,,,,,,,,,,,,,,,,,,,,,,
52662374,https://www.airbnb.com.vn/rooms/52662374,"4,29",Hải Châu,6,16.07722,108.22121,REGULAR,,Góc ấm cúng với góc nhìn ra phố,private_room,7,False,,/ đêm,342.353,₫342.353,2.0,,True,True,True,True,True,True,,True,True,,,,,,,False,,,,,,False,,,,,,,,,,,,,,,,,,,
672252024454608028,https://www.airbnb.com.vn/rooms/672252024454608028,"4,98",Sơn Trà,27,16.05788,108.24361,REPRESENTATIVE,,Khách sạn Tâm House Villa - Phòng co ́ tâ ̀ m nhi ̀ n ra hồ bơi - Tầng 1,private_room,58,False,,/ đêm,1.543,₫1.543.300,2.0,,True,True,True,True,,True,,,True,,,,,True,,False,,,,,,,True,,True,,,,,,,,,,,,,,,,
763320532551992338,https://www.airbnb.com.vn/rooms/763320532551992338,"4,0",Sơn Trà,21,16.0741655,108.2314269,REGULAR,,S&B House/Phòng riêng ấm cúng 3 tại Sơn Trà,private_room,3,False,,/ đêm,427.036,₫427.036,2.0,,True,True,True,,,True,,True,True,False,True,5,,,False,False,,,,,,False,,,,True,,,,,,,,,,,,,,,
41159366,https://www.airbnb.com.vn/rooms/41159366,"4,38",Ngũ Hành Sơn,12,16.03644,108.25165,REGULAR,,Hồ bơi Inf * MẶT TRẬN ĐẠI DƯƠNG 1BRSeaview*A,private_room,13,False,,/ đêm,,,3.0,,True,True,,True,,True,,True,,,,,True,True,,False,,,,,,,True,,,,,,,,True,,,,,,,,,,
36408619,https://www.airbnb.com.vn/rooms/36408619,"5,0",Sơn Trà,20,16.07429,108.24403,REGULAR,,Hồ bơi vô cực * Tầm nhìn ra thành phố *Phòng 45 m2 - Bãi biển Mỹ Khê,entire_home,17,False,,/ đêm,639.490,₫639.490,3.0,,True,True,,True,,True,True,True,,,,,,True,,False,,,True,,,,True,,,,,,,,,,,,,,,,,,
48351685,https://www.airbnb.com.vn/rooms/48351685,"4,76",Ngũ Hành Sơn,30,16.05439,108.24404,REGULAR,,Sharon* 3 phút đi bộ ra bãi biển* ban công lớn,entire_home,21,False,,/ đêm,,,2.0,,True,True,True,True,True,True,True,True,True,,,,,True,,,,,,,,,,,,,,,,,,,,,,,,,,,
21183648,https://www.airbnb.com.vn/rooms/21183648,"4,86",Phước Mỹ,26,16.06945,108.24482,REGULAR,,"Căn hộ 2 phòng ngủ hướng biển, cách bãi biển 1 phút",entire_home,14,False,,/ đêm,,,4.0,,True,True,True,True,,True,,,,,,,True,,,False,,,,,True,,True,,True,,,,,,,,,,,,,,,,
852586305904378314,https://www.airbnb.com.vn/rooms/852586305904378314,"4,8",Sơn Trà,13,16.07733,108.24625,REGULAR,,Altara Suites Tầng 21 - 1 phút đi bộ bãi biển Mỹ Khê.,entire_home,5,False,,/ đêm,,,6.0,,True,True,True,True,,True,True,,,,,,True,True,,,,,,,,,True,,,,,,,True,,,,,,,,,,,
654396683745211560,https://www.airbnb.com.vn/rooms/654396683745211560,"4,66",Sơn Trà,6,16.068853646191023,108.24496943503618,REGULAR,,Căn hộ 2 phòng ngủ rộng rãi với hồ bơi vô cực,entire_home,29,False,,/ đêm,,,4.0,,True,True,,True,,True,True,True,,,,,True,,,,True,,,,,,True,,,,,,,,True,,,,,,,,,,
700209085568189221,https://www.airbnb.com.vn/rooms/700209085568189221,,Ngũ Hành Sơn,27,16.05398,108.23786,REGULAR,,Cozy & Quiet Twin Room Close to My Khe Beach,private_room,,False,,/ đêm,,,2.0,,True,True,True,True,True,True,True,,,,,,True,True,,,,,,,,,,,True,,,,,,,,,,,,,,,,
31575630,https://www.airbnb.com.vn/rooms/31575630,"4,81",Điện Bàn,30,15.92854,108.31674,REGULAR,,phòng nắng ĐẸP,private_room,77,False,,/ đêm,593.412,₫593.412,2.0,,True,True,True,True,,,,True,,False,True,4,,,False,False,,,,,,False,,,,,,,,,True,,,,,,True,,,,
763320538068675572,https://www.airbnb.com.vn/rooms/763320538068675572,"5,0",Sơn Trà,15,16.0741655,108.2314269,REGULAR,,S&B House/Phòng riêng ấm cúng 2 tại Sơn Trà,private_room,4,False,,/ đêm,427.036,₫427.036,2.0,,True,True,True,True,,True,,True,True,False,True,5,,,False,False,,,,,,False,,,,,,,,,,,,,,,,,,,
36982201,https://www.airbnb.com.vn/rooms/36982201,"4,92",Sơn Trà,18,16.0631,108.23724,REGULAR,,MỚI! Không gian sống chung/Free Brkf/gần bãi biển MY KHÊ,private_room,24,False,,/ đêm,525.382,₫525.382,2.0,,,True,,True,,True,,True,True,,,,,,,False,True,,,True,,,,,,True,,,,,True,,,,,,,,,,
39762684,https://www.airbnb.com.vn/rooms/39762684,"5,0",Da Nang,30,16.01331,108.2634,REGULAR,,Phòng ngủ Hyatt 1 ♥️ Tầng cao ♥️ Hướng biển,entire_home,24,False,,/ đêm,3.081,₫3.081.178,4.0,,True,True,,True,,True,True,True,,,,,True,,,,,,True,,,,True,True,,,,,,,,,,,,,,,,,
872862031445151954,https://www.airbnb.com.vn/rooms/872862031445151954,,Sơn Trà,15,16.05781,108.24411,REGULAR,,Phòng Đôi Studio Cách Biển 3 Phút Đi Bộ,private_room,,False,,/ đêm,,,2.0,,True,True,True,True,,True,,,True,False,True,,True,,,False,,True,,,,False,,,,,,,,,,,,,,,,,,,
31201571,https://www.airbnb.com.vn/rooms/31201571,"4,5",Ngũ Hành Sơn,14,16.04685,108.23688,REGULAR,,Căn hộ - ban công - tầm nhìn thành phố - nhà thông minh 11,entire_home,16,False,,/ đêm,384.247,₫384.247,2.0,True,True,True,True,True,,True,True,,True,,,,,True,,False,,,,,,,,,,,,,,,,,,,,,,,,,
38802300,https://www.airbnb.com.vn/rooms/38802300,"4,86",Sơn Trà,23,16.074819564819336,108.24286651611328,REPRESENTATIVE,,A. Khách sạn Boutique Phòng Superior Nhìn ra Hồ bơi Ban công,private_room,35,False,,/ đêm,944.956,₫944.956,2.0,,,True,True,True,,True,True,,True,,,,True,,,False,,,,,,,True,,,,,,,True,,,,,,,,,,,
40389300,https://www.airbnb.com.vn/rooms/40389300,"4,6",Liên Chiểu,11,16.06309,108.17605,REGULAR,,Nhà của Te - Te's house,private_room,5,False,,/ đêm,,,6.0,,True,True,True,True,True,,,,True,False,True,2,,True,False,False,,,,,,False,,,,,,,,,,,,,,,,,,,
48385411,https://www.airbnb.com.vn/rooms/48385411,"4,8",Sơn Trà,30,16.079126358032227,108.2445297241211,REGULAR,,50m2 Junior Suite đáng yêu Đi bộ đến bãi biển - Tầm nhìn ra hồ bơi,entire_home,10,False,,/ đêm,,,2.0,,True,True,True,True,,True,True,,,,,,True,,,False,,,,,,,True,,,,,,,True,,,,,,,,,,,
587556150250597586,https://www.airbnb.com.vn/rooms/587556150250597586,"4,91",Sơn Trà,19,16.07675,108.23017,REGULAR,,Căn hộ phong cách với tầm nhìn tuyệt vời và bể sục,entire_home,43,False,,/ đêm,861.861,₫861.861,2.0,True,True,True,True,True,True,,,,True,,,,,,,,,,,,,,,True,True,,,,,,,,,,,,,,,,
32680076,https://www.airbnb.com.vn/rooms/32680076,"4,86",Sơn Trà,19,16.06933,108.23446,REPRESENTATIVE,,Nhà nhiệt đới * Ban công xanh 2BR APT* Hồ bơi miễn phí,entire_home,78,False,,/ đêm,950.000,₫950.000,4.0,,True,True,,True,,True,True,True,,,,,,True,,,,,,True,,,True,,,,,,,,True,,,,,,,,,,
710674778969416729,https://www.airbnb.com.vn/rooms/710674778969416729,"4,7",Hải Châu,5,16.06727742306184,108.22456494662704,REGULAR,,OneStar Riverside - Cạnh Chợ Hàn - S81,private_room,10,False,,/ đêm,421.094,₫421.094,2.0,True,,True,True,True,,True,,True,True,,,,,,,,True,,,,,,,,,,True,,,,,,,,,,,True,,,
50987558,https://www.airbnb.com.vn/rooms/50987558,"5,0",Sơn Trà,7,16.07958,108.24427,REGULAR,,CĂN HỘ GLORY (Tầm nhìn ra bãi biển & Tầng thượng riêng lớn),entire_home,4,False,,/ đêm,562.065,₫562.065,2.0,,True,True,,True,,True,,True,True,True,True,4,,True,False,,,,,,,,,,,,,,,,,,,,,,,,,,
844809213664677124,https://www.airbnb.com.vn/rooms/844809213664677124,,Ngũ Hành Sơn,9,16.0499399,108.2476093,REGULAR,,"Khách sạn Seasand gần bãi biển, Superior#1",private_room,,False,,/ đêm,280.330,₫280.330,2.0,True,,True,True,True,True,True,True,,True,,,,True,,,False,,,,,,,,,,,,,,,,,,,,,,,,,
892528612374047351,https://www.airbnb.com.vn/rooms/892528612374047351,,Thanh Khê,5,16.070733015942878,108.20511764348603,REGULAR,,Phòng mới tại trung tâm Đà Nẵng,shared_room,,False,,/ đêm,,,1.0,,True,True,,,,True,,True,True,,,,,True,,False,,,,,,False,,,,,,,,,,,,,,,,,,,
31577165,https://www.airbnb.com.vn/rooms/31577165,"4,77",Điện Bàn,30,15.92712,108.31677,REGULAR,,phòng XA trên bầu trời,private_room,56,False,,/ đêm,627.647,₫627.647,2.0,,True,True,,True,,,,True,,,,,,True,,False,,,True,,,False,,True,,,,,,,True,,,,,,,,,,
644586095366099766,https://www.airbnb.com.vn/rooms/644586095366099766,"5,0",Hòa Hải,30,15.99294,108.27009,REGULAR,,Câu lạc bộ golf BRG - Biệt thự điểm riêng 3 Phòng ngủ số3,entire_home,7,False,,/ đêm,4.244,₫4.244.538,6.0,,True,True,True,True,True,True,,,,,,,True,,,,,,,True,,,True,,,,,,,,,,,True,,,,,,,
43362980,https://www.airbnb.com.vn/rooms/43362980,"4,92",Sơn Trà,8,16.08064,108.24491,REGULAR,,ChacaBeach B2-Cozy có HỒ BƠI - cách bãi biển 300m,private_room,12,False,,/ đêm,483.117,₫483.117,2.0,,True,True,True,True,,True,,True,,,,,True,True,,,,,,,,,True,,,,,,,,True,,,,,,,,,,
861368831294600352,https://www.airbnb.com.vn/rooms/861368831294600352,,Ngũ Hành Sơn,10,16.0493,108.24722,REGULAR,,KISS Hotel near Beach,private_room,,False,,/ đêm,,,2.0,,,True,True,True,True,True,True,True,,,,,True,,,,,,,,,,,,,True,,,,,,,,,,,,,True,,
656014873655574232,https://www.airbnb.com.vn/rooms/656014873655574232,"5,0",Ngũ Hành Sơn,15,16.01356,108.26203,REGULAR,,Căn hộ 2 pho ̀ ng ngu ̉ tầm nhìn ra đại dương Hyatt - Đón miễn phí,entire_home,12,False,,/ đêm,4.792,₫4.792.943,5.0,True,True,True,True,True,,True,,True,,,,,,,,False,,,,,,False,,True,,,,,,,,,,,,,,,,,
872671796591393033,https://www.airbnb.com.vn/rooms/872671796591393033,,Ngũ Hành Sơn,11,16.04909,108.24744,REGULAR,,"Sea Sand room on Top near Beach, Sea View",private_room,,False,,/ đêm,,,2.0,True,,True,True,True,True,True,True,True,,,,,True,,,,,,,,,,,,,,,,,,,,,,,,,,,,
42733552,https://www.airbnb.com.vn/rooms/42733552,"5,0",Mỹ An,13,16.04805,108.23863,REGULAR,,Mới /Phòng ấm cúng/Tầm nhìn thành phố/Hồ bơi trên tầng thượng,private_room,13,False,,/ đêm,798.824,₫798.824,2.0,,,True,,True,,True,,True,,False,True,3,,True,False,False,,,True,,,,True,True,,,,,,,,,,,,,,,,,
34344101,https://www.airbnb.com.vn/rooms/34344101,"4,97",Sơn Trà,30,16.06923,108.24215,REGULAR,,Chỗ nghỉ phục vụ bữa sáng và ban công tại Garden Villa gần bãi biển,private_room,34,False,,/ đêm,588.850,₫588.850,2.0,,True,True,True,True,,True,,True,True,True,True,4,True,,,,,True,,True,,,,,,,,,,,,,,,,,,,,,
31089764,https://www.airbnb.com.vn/rooms/31089764,"4,69",Ngũ Hành Sơn,27,16.0539,108.24588,REGULAR,,Căn hộ Bà Phượng-Premium Ocean Front,entire_home,45,False,,/ đêm,,,6.0,,True,True,,True,True,True,True,,,,,,True,True,,False,,,,,,,True,,,,,,,,,,,,,,,,,,
822396895063826367,https://www.airbnb.com.vn/rooms/822396895063826367,"4,75",Ngũ Hành Sơn,14,16.0477,108.23771,REGULAR,,Căn hộ-Balcony-City view-Smarthome 33,entire_home,4,False,,/ đêm,418.088,₫418.088,2.0,True,True,True,True,True,,True,True,,True,,,,,,,False,,,,,,False,,,,,,,,,,,,,,,,,,,
890502966532650352,https://www.airbnb.com.vn/rooms/890502966532650352,,Ngũ Hành Sơn,14,16.0473,108.23723,REGULAR,,Apartment - Balcony - City view - Smart home 21,entire_home,,False,,/ đêm,,,2.0,True,True,True,True,True,,True,True,True,,,,,,True,,False,,,,,,,,,,,,,,,,,,,,,,,,,
582255345727691015,https://www.airbnb.com.vn/rooms/582255345727691015,"4,67",Ngũ Hành Sơn,16,16.048668,108.247299,REPRESENTATIVE,,"Tầm nhìn ra biển sang trọng,  bao gồm cả đèn chùm",private_room,58,False,,/ đêm,,,2.0,True,,True,True,True,,True,,True,True,,,,True,,,,,,,,,,True,,,,,,,,,,,,,,,,True,,
40763149,https://www.airbnb.com.vn/rooms/40763149,"4,85",Ngũ Hành Sơn,30,16.01214,108.26489,REGULAR,,Hyatt 2BRs ❤️ Garden View & Ocean View ❤️ tầng 3,entire_home,13,False,,/ đêm,3.880,₫3.880.002,4.0,,True,True,,True,,True,True,True,,,,,True,,,,,,,True,,,True,True,,,,,,,,,,,,,,,,,
49021282,https://www.airbnb.com.vn/rooms/49021282,"4,97",Sơn Trà,21,16.07155,108.23219,REGULAR,,AstroHouse/Studio w Bathtube + Cầu thang và nhà nghỉ riêng,entire_home,39,False,,/ đêm,661.883,₫661.883,2.0,,True,True,True,,,True,,,,,,,True,True,,False,,,,,,False,True,True,,,,,,,,,,,,,,,,,
849933168597203918,https://www.airbnb.com.vn/rooms/849933168597203918,"4,83",Ngũ Hành Sơn,22,16.04942,108.24683,REGULAR,,(402)*Studio room*Walking street*200m to beach,entire_home,6,False,,/ đêm,,,2.0,,True,True,True,True,,True,True,True,True,,,,True,,,False,,,,,,,,,,,,,,,,,,,,,,,,,
54043688,https://www.airbnb.com.vn/rooms/54043688,"4,7",Hải Châu,22,16.06636,108.22423,REGULAR,,Thánh địa hoàn hảo ở BareHan @một nơi nghỉ dưỡng ấm cúng giữa thiên nhiên,private_room,20,False,,/ đêm,755.237,₫755.237,2.0,,,True,True,True,,True,,True,True,True,True,6,,,False,False,,,,True,,,,,,,,,,,True,,,,,,,,,,
34720971,https://www.airbnb.com.vn/rooms/34720971,"4,87",Q. Hải Châu,19,16.07918,108.21955,REGULAR,,3.. Hoa chuối - gần sông Hàn - Giường King,entire_home,15,False,,/ đêm,490.706,₫490.706,3.0,,True,True,,True,,True,True,True,True,,,,,,,False,,,,,,False,,,,True,,,,,,,,,,,,,,,
848203072975537091,https://www.airbnb.com.vn/rooms/848203072975537091,,Ngũ Hành Sơn,30,16.05247,108.24375,REPRESENTATIVE,,Lagom Boutique Studio Superior,entire_home,,False,,/ đêm,,,2.0,,True,True,True,True,,True,True,True,True,,,,,True,,,,,,,,,True,,,,,,,,,,,,,,,,,,
793016372702018437,https://www.airbnb.com.vn/rooms/793016372702018437,,Ngũ Hành Sơn,21,16.050285157525266,108.24311799325409,REGULAR,,"Phòng đôi gần biển, ban công + vườn sân thượng BBQ",private_room,1,False,,/ đêm,512.388,₫512.388,2.0,,True,True,True,True,True,True,,,True,True,True,4,True,,,,,True,,,,,,,True,,,,,,,,,,,,,,,,
25886642,https://www.airbnb.com.vn/rooms/25886642,"4,75",Ngũ Hành Sơn,30,16.053741455078125,108.24742889404297,REGULAR,,"Quang cảnh ĐẠI DƯƠNG - Bãi biển Mỹ Khê Đà Nẵng , gần bãi biển",entire_home,93,False,,/ đêm,1.002,₫1.002.466,6.0,True,True,True,True,True,True,True,,,,,,,True,,,,,,,,True,,,True,,,,,,,,,,,,,,,,,
661934802715730325,https://www.airbnb.com.vn/rooms/661934802715730325,,Ngũ Hành Sơn,13,16.04228,108.24737,REGULAR,,Căn hộ Studio đáng yêu gần biển Mỹ An,private_room,1,False,,/ đêm,403.292,₫403.292,2.0,,True,True,True,True,True,True,,,True,False,True,2,True,,,,,True,,,,,,,True,,,,,,,,,,,,,,,,
873020220328834429,https://www.airbnb.com.vn/rooms/873020220328834429,,Sơn Trà,8,16.082248,108.24553557301635,REGULAR,,Balcony - Bathtub & Emerald pool - 50m to beach,private_room,,False,,/ đêm,450.000,₫450.000,2.0,,True,True,True,True,,True,,,True,,,,True,,,,,,,True,,,True,True,,,,,,,,,,,,,,,,,
20757620,https://www.airbnb.com.vn/rooms/20757620,"4,73",Sơn Trà,30,16.07672,108.24477,REGULAR,,Chung cư tân cổ điển bên bờ biển,entire_home,155,False,,/ đêm,1.825,₫1.825.883,6.0,,True,True,,True,,True,True,,,,,,True,True,,,,,True,,,,True,True,,,,,,,,,,,,,,,,,
885971306012589442,https://www.airbnb.com.vn/rooms/885971306012589442,,Sơn Trà,16,16.0583278,108.2436466,REGULAR,,Phòng Đôi Studio Cách Biển 3 Phút Đi Bộ F3,private_room,,False,,/ đêm,342.353,₫342.353,3.0,,True,True,True,True,,True,,,True,False,True,,,True,,False,,True,,,,False,,,,,,,,,,,,,,,,,,,
38273096,https://www.airbnb.com.vn/rooms/38273096,"4,82",Sơn Trà,25,16.0675,108.24317,REGULAR,,502 * CĂN HỘ HA LINH ** * GẦN BÃI BIỂN ** BAN CÔNG LỚN,entire_home,33,False,,/ đêm,,,2.0,True,,True,True,True,True,True,True,,,,,,True,True,,,,,,,,,,,,,,,True,,,,,,,,,,,,
36524893,https://www.airbnb.com.vn/rooms/36524893,"4,82",Son Tra,21,16.06596,108.24181,REPRESENTATIVE,,"Lem 's Apartment & coffee, homestay ở bãi biển Mỹ Khê",private_room,97,False,,/ đêm,600.000,₫600.000,2.0,,True,True,True,True,True,True,,True,,,,,,True,,,,,True,,,,,,True,,,,,,,,,,,,,,,,
806109065863551376,https://www.airbnb.com.vn/rooms/806109065863551376,"4,6",Ngũ Hành Sơn,27,16.054536882484644,108.24025679379702,REGULAR,,Bồn tắm hai tầng riêng cách bãi biển 5 phút,entire_home,5,False,,/ đêm,,,3.0,,True,True,True,True,,,,,True,,,,True,,,False,,,,,,False,,True,True,,,,,,,,,,,,,,,,
891481164685632674,https://www.airbnb.com.vn/rooms/891481164685632674,,Sơn Trà,6,16.08102,108.24301,REGULAR,,Energy hotel & apartment 4,private_room,,False,,/ đêm,,,2.0,,,True,,True,,True,,True,True,,,,,True,,False,True,,,,,,,,,True,,,,,,,,,,,,,,True,
40456680,https://www.airbnb.com.vn/rooms/40456680,"3,5",Sơn Trà,24,16.10629,108.29506,REGULAR,,Biệt thự SeaView tuyệt vời<Pool_Breakfast> MIỄN PHÍ PICKUP,entire_home,4,False,,/ đêm,4.340,₫4.340.708,2.0,,True,True,,True,,True,,True,,,,,True,True,,,,,True,,,,True,,,,,,,,True,,,,,,,,,,
891808294453189692,https://www.airbnb.com.vn/rooms/891808294453189692,,Ngũ Hành Sơn,20,16.05474,108.24648,REGULAR,,MD-CityView Apartment Near Beach,entire_home,,False,,/ đêm,,,,,,,,,,,,,,,,,,,,,,,,,,,,,,,,,,,,,,,,,,,,,
49492116,https://www.airbnb.com.vn/rooms/49492116,"5,0",Mỹ An,23,16.04249,108.2462,REGULAR,,Studio mới gần bãi biển xinh đẹp trong khu vực yên tĩnh,entire_home,4,False,,/ đêm,392.565,₫392.565,2.0,,True,True,True,,True,True,,True,True,,,,True,True,,,,,,,,,,,True,,,,,,,,,,,,,,,,
569183603400520287,https://www.airbnb.com.vn/rooms/569183603400520287,"4,75",Sơn Trà,19,16.07962,108.23865,REGULAR,,Căn hộ 1 phòng ngủ có hồ bơi ở trên,private_room,4,False,,/ đêm,571.175,₫571.175,3.0,,True,True,True,True,,True,,,True,True,True,5,,True,,False,,True,,,,,True,,,,,,,,,,,,,,,,,,
596742392652481903,https://www.airbnb.com.vn/rooms/596742392652481903,"4,94",Sơn Trà,13,16.07816,108.24513,REPRESENTATIVE,,Phòng Điều Hành - Kua Casa Suite,private_room,17,False,,/ đêm,760.000,₫760.000,2.0,,,True,,True,,True,,True,True,,,,True,,,False,True,,,,,,True,,,,,,,,,,,,,,,,,,
41070510,https://www.airbnb.com.vn/rooms/41070510,"4,5",Cẩm Lệ,21,16.00061,108.222,REGULAR,,Lil House - Căn hộ 5,entire_home,12,False,,/ đêm,570.589,₫570.589,4.0,,True,True,True,True,True,True,,,True,,,,,True,,False,,,,,,False,,,,,,,,,,,,,,,,,,,
677793190977710470,https://www.airbnb.com.vn/rooms/677793190977710470,"4,81",Sơn Trà,19,16.0696,108.24581,REGULAR,,À La carte Beach side Studio có hồ bơi,entire_home,64,False,,/ đêm,,,4.0,,True,True,,True,,True,True,,True,,,,True,,,False,,,,,,,True,,True,,,,,,,,,,,,,,,,
782981492501422158,https://www.airbnb.com.vn/rooms/782981492501422158,,Sơn Trà,13,16.10744,108.25892,REGULAR,,KT bên sườn núi,entire_home,,False,,/ đêm,,,4.0,,True,True,True,True,,True,,True,,,,,,True,,False,,,,,,False,,True,,,,,,,,,,,,,,,,,
749679017983053646,https://www.airbnb.com.vn/rooms/749679017983053646,"5,0",Sơn Trà,16,16.07748,108.24562,REGULAR,,Khách sạn boutique độc nhất vô nhị - Phòng trong vườn,private_room,30,False,,/ đêm,1.161,₫1.161.033,2.0,,True,True,True,True,,True,,,,,,,True,,,False,,,,True,,,True,True,,,,,,,,,,,,,,,,,
39564008,https://www.airbnb.com.vn/rooms/39564008,"4,73",Hải Châu,24,16.06150245666504,108.21649169921875,REGULAR,,"Tình yêu, ấm cúng, Central42, Cầu Rồng 5 phút đi bộ",private_room,30,False,,/ đêm,,,2.0,,,True,True,True,,True,,True,,True,True,4,,True,,False,,True,,,,False,,,True,,,,,,,,,,,,,,,,
37198420,https://www.airbnb.com.vn/rooms/37198420,"4,76",Sơn Trà,23,16.06349,108.23663,REGULAR,,Căn HỘ PENTHOUSE @gần trung tâm bãi biển MY KHÊ cũng vậy.,entire_home,71,False,,/ đêm,999.164,₫999.164,2.0,,True,True,True,True,,True,,True,True,,,,,,,False,,,,True,,,,True,,,,,,,,,,,,,,,,,
38282713,https://www.airbnb.com.vn/rooms/38282713,"4,6",Mỹ An,24,16.0533,108.246,REGULAR,,2Single or King Bed Room w Breakfast *Rooftop Pool,hotel_room,86,False,,/ đêm,,,2.0,,,True,True,True,,True,True,True,,,,,True,True,,False,,,,,,,True,,,,,,,,,,,,,,,,,,
41136418,https://www.airbnb.com.vn/rooms/41136418,"4,89",Ngũ Hành Sơn,12,16.03608,108.25196,REGULAR,,Hồ bơi Inf * MẶT TRƯỚC ĐẠI DƯƠNG 2BRCityView*B,private_room,18,False,,/ đêm,935.765,₫935.765,5.0,,True,True,,True,,True,,True,,,,,True,True,,False,,,,,,,True,,,,,,,,True,,,,,,,,,,
662670002228657361,https://www.airbnb.com.vn/rooms/662670002228657361,,Ngũ Hành Sơn,10,16.04958,108.2474,REGULAR,,SE52 - Căn hộ studio tầng 5 rất gần bãi biển,private_room,1,False,,/ đêm,455.019,₫455.019,2.0,,True,True,True,True,,True,True,True,,True,True,4,,,,False,,True,,,,,,,,True,,,,,,,,,,,,,,,
37068706,https://www.airbnb.com.vn/rooms/37068706,"4,91",Sơn Trà,19,16.0749,108.24404,REGULAR,,Hồ bơi vô cực * Ban công*Phòng 45m2 - Bãi biển Khe 36,entire_home,22,False,,/ đêm,,,3.0,,True,True,,True,,True,True,True,,,,,,True,,False,,,True,,,,True,,,,,,,,,,,,,,,,,,
6392753,https://www.airbnb.com.vn/rooms/6392753,"4,88",DaNang,30,15.96721,108.28479,REGULAR,,Vesta Luxury Art Suite 2BDR - Ocean Resort & Golf,entire_home,141,False,,/ đêm,2.542,₫2.542.756,6.0,True,True,True,True,True,True,True,True,,,,,,True,,,,,,,,,,True,,,,,,,,,,,,,,,,,,
26580531,https://www.airbnb.com.vn/rooms/26580531,"4,83",Sơn Trà,30,16.06797,108.24521,REGULAR,,Bãi biển Mỹ Khê ngay bên kia đường 1 phút đi bộ,entire_home,53,False,,/ đêm,,,4.0,True,True,True,,,,True,True,True,,,,,True,,,False,,,,,,,True,,,,,,,,True,,,,,,,,,,
36477409,https://www.airbnb.com.vn/rooms/36477409,"4,62",Sơn Trà,30,16.06697,108.24551,REGULAR,,◦️3BR/Biệt thự vườn/5' đi bộ MyKheBeach,private_room,21,False,,/ đêm,2.086,₫2.086.000,12.0,,True,True,True,True,,True,,True,,False,True,4,True,,False,False,,,,,,False,,,,,,,,,,,,,,,,,,,
18072089,https://www.airbnb.com.vn/rooms/18072089,"4,83",,18,16.01381,108.2632,REGULAR,,Căn hộ 2 phòng ngủ HYATT Regency Danang Resort,entire_home,177,False,,/ đêm,,,5.0,,True,True,True,True,,True,True,,,,,,True,,,False,,,,,,,True,True,,,,,,,,,,,,,,,,,
879169708085986666,https://www.airbnb.com.vn/rooms/879169708085986666,,Sơn Trà,10,16.07542,108.24139,REGULAR,,Ocean Sight (Floriane) 201,private_room,,False,,/ đêm,342.353,₫342.353,2.0,,True,True,True,True,True,True,,,,,,,True,True,,False,,,True,,,,,,,,,,,,,,,,,,,,,,
674437231629300276,https://www.airbnb.com.vn/rooms/674437231629300276,"4,67",Ngũ Hành Sơn,17,16.03691,108.24542,REGULAR,,"Laurel Studio Bể bơi miễn phí, Phòng xông hơi khô, Phòng tập thể dục",private_room,3,False,,/ đêm,495.000,₫495.000,2.0,,True,True,True,True,True,True,,,,,,,True,,,,,,,True,,,True,,,,,,,True,,,,,,,,,,,
41248770,https://www.airbnb.com.vn/rooms/41248770,"4,84",Q. Hải Châu,30,16.06896,108.22294,REPRESENTATIVE,,SEAHORSE2/5Min to Cathedral STUDIO w/ city view,entire_home,184,False,,/ đêm,,,2.0,,True,True,,True,,True,True,True,True,,,,,,,,True,,,,,,True,,,True,,,,,,,,,,,,,,,
675484083318440008,https://www.airbnb.com.vn/rooms/675484083318440008,"4,86",Ngũ Hành Sơn,10,16.0498093,108.2458842,REPRESENTATIVE,,LioVIE An Thượng/Căn hộ hai phòng ngủ thoải mái trên bãi biển,entire_home,44,False,,/ đêm,1.659,₫1.659.999,4.0,,True,True,,True,,,,,True,,,,True,,,False,,,,,True,,True,True,True,,,,,,,,,,,,,,,,
840870740223372827,https://www.airbnb.com.vn/rooms/840870740223372827,"5,0",Sơn Trà,28,16.088485496361493,108.24889506508177,REPRESENTATIVE,,MercuryBeach- LuxuryApart 2BRs-3Beds- Seaview,entire_home,7,False,,/ đêm,,,6.0,True,True,True,True,True,,True,,,True,,,,True,,,,,,,,True,,True,,,,,,,,,,,,,,,,,,
877077977127662225,https://www.airbnb.com.vn/rooms/877077977127662225,,Ngũ Hành Sơn,11,16.03824,108.24594,REGULAR,,Cozy Glory Apartment (1 bedroom),entire_home,,False,,/ đêm,401.495,₫401.495,2.0,,True,True,,True,,True,,True,True,,,,True,True,,False,,,,,,,,,,,,,,,True,,,,,,,,,,
845839384212577546,https://www.airbnb.com.vn/rooms/845839384212577546,"4,0",Ngũ Hành Sơn,9,16.05025,108.24823,REGULAR,,"Khách sạn Seasand gần bãi biển, Superior #2",private_room,9,False,,/ đêm,287.100,₫287.100,2.0,,,True,True,True,True,True,True,True,True,,,,True,,,False,,,,,,,,,,,,,,,,,,,,,,,,,
32255091,https://www.airbnb.com.vn/rooms/32255091,"4,86",Ngũ Hành Sơn,13,16.046865,108.23687,REGULAR,,Toàn cảnh studio-ban công - nhà thông minh thành phố 13,entire_home,64,False,,/ đêm,400.155,₫400.155,2.0,True,True,True,True,True,,True,True,,True,,,,,,,False,,,,,,False,,,,,,,,,,,,,,,,,,,
37797663,https://www.airbnb.com.vn/rooms/37797663,"4,96",Ngũ Hành Sơn,16,16.04947,108.24728,REGULAR,,Căn hộ studio được trang bị❤️ tốt SH31 cách bãi biển 150 m✅,private_room,57,False,,/ đêm,535.327,₫535.327,2.0,,,True,True,True,,True,,True,,,,,,,,False,True,,,,,False,,,,True,,,,,True,,,,,,,,,,
40413721,https://www.airbnb.com.vn/rooms/40413721,"4,91",Ngũ Hành Sơn,19,16.05319,108.24593,REPRESENTATIVE,,King bed Condo 1 phút đến bãi biển/Luxury Kingbed Studio 1 phút đến bãi biển,entire_home,66,False,,/ đêm,603.200,₫603.200,2.0,,True,True,True,True,,True,True,True,,,,,,True,,False,,,True,,,,,,,,,,,,,,,,,,,,,,
780376569565482339,https://www.airbnb.com.vn/rooms/780376569565482339,,An Hải Bắc,8,16.073668,108.2374666,REGULAR,,Sbay Hotel Đà Nẵng,private_room,,False,,/ đêm,236.090,₫236.090,16.0,True,,True,True,True,,,,,True,,,,True,,,False,,,,,,False,,True,True,,,,,,,,,,,,,,,,
47807706,https://www.airbnb.com.vn/rooms/47807706,"4,82",Hải Châu,30,16.06978988647461,108.22490692138672,REGULAR,,Căn hộ 1 phòng ngủ thuộc Indochina riverside tower,entire_home,28,False,,/ đêm,947.067,₫947.067,3.0,True,True,True,True,True,,True,,,,,,,,,,False,,,,,,,True,True,,,,,,,,,,,,,,,,,
862518623687021806,https://www.airbnb.com.vn/rooms/862518623687021806,,Ngũ Hành Sơn,14,16.048735,108.2341524,REPRESENTATIVE,,1Bedroom Riverside&Balcony facing to Han River,private_room,1,False,,/ đêm,,,2.0,True,True,True,True,True,,True,True,,,True,True,2,,True,False,,,,True,,,,,,,,,,,,,,,,,,,,,,
838858784688094019,https://www.airbnb.com.vn/rooms/838858784688094019,"5,0",Sơn Trà,30,16.074277363643944,108.23436785927734,REGULAR,,NT Deluxe House* Miễn Phí Đón SânBay*Full Điều hoà,entire_home,8,False,,/ đêm,,,8.0,,True,True,True,True,True,,,,True,,,,,,,False,,,,,,False,,,True,,,,,,,,,,,,,,,,True
35235247,https://www.airbnb.com.vn/rooms/35235247,"4,93",Q. Hải Châu,9,16.07036,108.21903,REGULAR,,Căn hộ Công viên Ẩn,entire_home,60,False,,/ đêm,439.353,₫439.353,2.0,,True,True,,True,,True,,True,,,,,,True,,,True,,,,,,,,,,True,True,,,,,,,,,,,,True,
645915294944482016,https://www.airbnb.com.vn/rooms/645915294944482016,"4,75",Ngũ Hành Sơn,30,16.07889,108.24709,REGULAR,,Tận hưởng bình minh tuyệt đẹp từ căn hộ hướng biển,entire_home,28,False,,/ đêm,2.101,₫2.101.197,4.0,True,True,True,True,True,,True,True,True,,,,,True,,,,,,,,True,,,,,,,,,,,,,,,,,,,,
888670737960614516,https://www.airbnb.com.vn/rooms/888670737960614516,,Sơn Trà,23,16.0660217,108.2307175,REGULAR,,BB House|3 min to Riverside| Natural Villa| Family,entire_home,,False,,/ đêm,,,10.0,True,True,True,True,True,True,,,,,,,,True,,,False,,,,True,,False,,,,,,,,,,,,,,,,,,,
675481737789734466,https://www.airbnb.com.vn/rooms/675481737789734466,"4,6",Ngũ Hành Sơn,7,16.049800593697405,108.2458706527786,REPRESENTATIVE,,Căn hộ 1 phòng ngủ bên bờ biển/LIVIE An Thượng,entire_home,10,False,,/ đêm,917.999,₫917.999,2.0,,True,True,,True,True,True,,,True,,,,True,,,False,,,,,,,True,True,,,,,,,,,,,,,,,,,
606170054821237613,https://www.airbnb.com.vn/rooms/606170054821237613,"4,7",Sơn Trà,21,16.07297,108.23877,REGULAR,,Căn hộ & Khách sạn SEA DRAGON,private_room,10,False,,/ đêm,570.589,₫570.589,2.0,,True,True,True,True,,True,True,,,False,True,1,True,True,,,,True,,,,,,,True,,,,,,,,,,,,,,,,
792599396399216507,https://www.airbnb.com.vn/rooms/792599396399216507,"4,55",Thanh Khê,30,16.074382527009224,108.21092493411557,REGULAR,,'Casa de Tan 4' Biệt thự Hồ bơi Trung tâm quyến rũ,entire_home,11,False,,/ đêm,1.791,₫1.791.694,12.0,,True,True,True,True,True,True,,,,,,,,True,,,,,True,,,,True,,True,,,,,,,,,,,,,,,,
35555802,https://www.airbnb.com.vn/rooms/35555802,"4,84",Hải Châu,25,16.0615,108.21649,REGULAR,,"Phòng đáng yêu, Thành phố, Gần Cầu Rồng 5 phút Đi bộ",private_room,25,False,,/ đêm,330.569,₫330.569,2.0,,,True,True,True,,True,,True,,True,True,4,,True,,False,,True,,,,,,,True,True,,,,,,,,,,,,,,,
674438526669293823,https://www.airbnb.com.vn/rooms/674438526669293823,"4,5",Sơn Trà,15,16.04869,108.2481,REGULAR,,Sea Sand 2 Hotel: Phòng cao cấp gần bãi biển số1,private_room,10,False,,/ đêm,,,2.0,,,True,True,True,True,True,True,True,,,,,True,,,,,,,,,,,,,,,,,,,,,,,,True,,,,
42257397,https://www.airbnb.com.vn/rooms/42257397,,Ngũ Hành Sơn,30,16.047627489521055,108.24492808969849,REGULAR,,DANATRI*MyKhe Beach*An Thượng Walkstreet,private_room,2,False,,/ đêm,,,3.0,,True,True,,True,,True,,True,,True,True,3,True,True,,False,,True,,,,False,,,,,,,,,,,,,,,,,,,
832143308353252508,https://www.airbnb.com.vn/rooms/832143308353252508,"5,0",Ngũ Hành Sơn,19,16.04734017988922,108.24521830793455,REGULAR,,Nhà Trắng 1,private_room,3,False,,/ đêm,315.235,₫315.235,2.0,,True,True,True,True,,,,,,False,True,2,True,True,,False,,True,True,,,False,,,,,,,,,,,,,,,,,,,
884394907778661983,https://www.airbnb.com.vn/rooms/884394907778661983,,Sơn Trà,11,16.0738,108.24162,REGULAR,,Studio - High Speed Internet - Quiet Street,entire_home,,False,,/ đêm,,,2.0,,True,True,True,True,True,True,,True,True,,,,,True,,,,,True,,,,,,,,,,,,,,,,,,,,,,
815630151511308791,https://www.airbnb.com.vn/rooms/815630151511308791,"4,33",Khuê Mỹ,9,16.03939,108.25045,REGULAR,,"R501.Da Nang Studio, 2m walk to beach",entire_home,3,False,,/ đêm,563.742,₫563.742,2.0,,True,True,True,True,True,True,True,,True,,,,True,True,,,,,,,,,,,,,,,,,,,,,,,,,,,
36679301,https://www.airbnb.com.vn/rooms/36679301,"4,87",Sơn Trà,19,16.07495,108.24407,REGULAR,,Hồ bơi vô cực *Ban công*Phòng 45m2 - Bãi biển Mỹ Kh 46,entire_home,45,False,,/ đêm,,,3.0,,True,True,,True,,True,True,True,,,,,,True,,False,,,True,,,,True,,,,,,,,,,,,,,,,,,
888105891282069453,https://www.airbnb.com.vn/rooms/888105891282069453,,Sơn Trà,8,16.0582607,108.244274,REGULAR,,Deluxe Double Room with balcony,private_room,,False,,/ đêm,,,2.0,,True,True,True,True,,True,,True,True,,,,,True,,,,,,,,,,,,,,,,,,,,,,,,,,,
588921156365965608,https://www.airbnb.com.vn/rooms/588921156365965608,"5,0",Ngũ Hành Sơn,14,16.040277,108.242828,REGULAR,,"Căn hộ mới 55 m2, cách bãi biển Mỹ Khê 10m",entire_home,3,False,,/ đêm,342.353,₫342.353,2.0,,True,True,True,,,True,,True,,,,,,True,,False,,,,True,,,,,,,True,,,,True,,,,,,,,,,
31367825,https://www.airbnb.com.vn/rooms/31367825,"4,95",Hải Châu,30,16.02629,108.22325,REGULAR,,Biệt thự Icity Riverfront Đà Nẵng* Biệt thự sang trọng *Trung tâm,entire_home,59,False,,/ đêm,4.305,₫4.305.661,8.0,True,True,True,True,True,True,True,,,,,,,,,,False,,,,,,False,,,,,,,,,,,,,,,,,,,
886716435459587668,https://www.airbnb.com.vn/rooms/886716435459587668,,Ngũ Hành Sơn,20,16.05236,108.24608,REGULAR,,MD Cute Apartment by Sea View,entire_home,,False,,/ đêm,901.927,₫901.927,6.0,,True,True,True,True,True,True,True,True,,,,,True,True,,,,,,,,,,,,,,,,,,,,,,,,,,,
32678625,https://www.airbnb.com.vn/rooms/32678625,"4,76",Sơn Trà,18,16.06947,108.23286,REPRESENTATIVE,,Nhà nhiệt đới * CĂN hộ 2BR XANH HIỆN đại *Trung tâm TP.,entire_home,38,False,,/ đêm,828.000,₫828.000,4.0,,True,True,,True,,True,True,True,,,,,True,True,,False,,,,,,,True,,,,,,,,,,,,,,,,,,
884635689750664292,https://www.airbnb.com.vn/rooms/884635689750664292,,Hải Châu,13,16.0461,108.21585,REGULAR,,Căn hộ xanh trung tâm Đà Nẵng,private_room,,False,,/ đêm,,,2.0,,True,True,True,True,,,,True,True,False,True,,,True,,False,,True,,,,False,,,,,,,,,,,,,,,,,,,
628631490494434696,https://www.airbnb.com.vn/rooms/628631490494434696,"4,81",Hải Châu,30,16.069954,108.224823,REGULAR,,1 Bedroom Apartment besides Han River,entire_home,21,False,,/ đêm,,,3.0,True,True,True,True,True,,True,,,True,,,,,,,,,,,,,,True,True,,,,,,,,,,,,,,,,,
21402867,https://www.airbnb.com.vn/rooms/21402867,"4,86",Phước Mỹ,30,16.06934,108.24407,REGULAR,,"Căn hộ tầm nhìn ra biển tuyệt đẹp ~80m2, cách bãi biển 1 phút",entire_home,64,False,,/ đêm,2.195,₫2.195.393,4.0,,True,True,True,,,True,True,,,,,,True,,,False,,,,,True,,True,,True,,,,,,,,,,,,,,,,
862241171562102822,https://www.airbnb.com.vn/rooms/862241171562102822,,Ngũ Hành Sơn,30,16.06186,108.24669,REGULAR,,Beach Home by Mỹ Khê Đà Nẵng,entire_home,,False,,/ đêm,1.077,₫1.077.506,6.0,,True,True,True,True,True,True,True,,True,,,,True,True,,,,,,,,,,,,,,,,,,,,,,,,,,,
888755900534429492,https://www.airbnb.com.vn/rooms/888755900534429492,,Sơn Trà,6,16.05933,108.24473,REGULAR,,saving room in Đà Nẵng central,private_room,,False,,/ đêm,,,2.0,,True,True,True,True,,True,,True,True,,,,,True,,,,,,,,,,,,,,,,,,,,,,,,,,,
672669919143194915,https://www.airbnb.com.vn/rooms/672669919143194915,"4,33",Sơn Trà,11,16.05421,108.24685,REGULAR,,Khách sạn Sea Sand 2: Phòng cao cấp gần bãi biển số6,private_room,3,False,,/ đêm,,,2.0,,,True,True,True,True,True,True,,True,,,,True,,,,,,,True,True,,,,,,,,,,,,,,,,,,,,
588945048670438836,https://www.airbnb.com.vn/rooms/588945048670438836,"4,95",Sơn Trà,20,16.07441,108.22941,REGULAR,,Căn hộ phong cách với tầm nhìn tuyệt vời và bể sục.,entire_home,65,False,,/ đêm,910.037,₫910.037,2.0,True,True,True,True,True,True,,,,True,,,,,,,,,,,True,,,,True,,,,,,,,,,,,,,,,,
39313368,https://www.airbnb.com.vn/rooms/39313368,"4,69",Mỹ An,30,16.05331,108.24606,REGULAR,,1 phòng ngủ với Bữa sáng miễn phí * Hồ bơi trên tầng thượng,private_room,29,False,,/ đêm,536.353,₫536.353,2.0,,True,True,True,True,,True,True,,True,,,,True,,,False,,,,,,,True,,,,,,,,,,,,,,,,,,
810784328278930779,https://www.airbnb.com.vn/rooms/810784328278930779,"4,5",Sơn Trà,16,16.06736,108.24385,REGULAR,,Suite Glory(Bồn tắm),entire_home,4,False,,/ đêm,,,2.0,,True,True,True,,,True,,,True,,,,True,,,,,,,,,,True,True,True,,,,,True,,,,,,,,,,,
862763341484707484,https://www.airbnb.com.vn/rooms/862763341484707484,,Hải Châu,5,16.053858008481846,108.21933254599571,REGULAR,,Nhà chỉ cách cầu Rồng 400 m,private_room,,False,,/ đêm,,,2.0,,True,True,,,,True,,True,True,False,True,,,True,False,False,,,,,,False,,,,,,,,,,,,,,,,,,,
38694975,https://www.airbnb.com.vn/rooms/38694975,"4,74",Ngũ Hành Sơn,30,16.01276,108.26273,REGULAR,,"Hyatt Regency ♥️ 2 BRs ♥️ Ocean View ♥️ Block A, B",entire_home,19,False,,/ đêm,4.449,₫4.449.449,4.0,,True,True,,True,,True,True,True,,,,,True,,,,,,,True,,,True,True,,,,,,,,,,,,,,,,,
874338532288111694,https://www.airbnb.com.vn/rooms/874338532288111694,,Hải Châu,13,16.0664994,108.2202259,REGULAR,,Comfortable Room in Large House,private_room,,False,,/ đêm,,,2.0,,True,True,True,True,,True,,True,,False,True,,,True,,False,,True,,,,,,,,,,,,,,,,,,,,,,,
709818807298796359,https://www.airbnb.com.vn/rooms/709818807298796359,"5,0",Ngũ Hành Sơn,30,15.9789155,108.2761834,REGULAR,,CHARM-Luxury Villa 3BR & HỒ bơi/tầm nhìn golf/khu nghỉ dưỡng 5*,entire_home,5,False,,/ đêm,4.603,₫4.603.708,9.0,,True,True,True,True,,,,,,,,,True,,,False,,,,True,,False,True,,,,,,,,,,,True,,,,,,,
39158647,https://www.airbnb.com.vn/rooms/39158647,"4,9",,26,15.99263,108.26937,REGULAR,,Vesta Luxury Suite - Ocean Resort & Golf,entire_home,49,False,,/ đêm,1.886,₫1.886.966,4.0,True,True,True,True,True,True,True,True,,,,,,True,,,,,,,,,,True,,,,,,,,,,,,,,,,,,
26170510,https://www.airbnb.com.vn/rooms/26170510,"4,74",Danang,30,16.01276,108.26317,REGULAR,,"Căn hộ 1BR tại khu nghỉ dưỡng Hyatt, 5%, đón không khí miễn phí",entire_home,61,False,,/ đêm,2.872,₫2.872.573,4.0,,True,True,True,True,,True,True,True,,,,,,,,,,,,,,,True,True,,,,,,,True,,,,,,,,,,
26720046,https://www.airbnb.com.vn/rooms/26720046,"4,98",Sơn Trà,26,16.06584,108.23108,REGULAR,,☆ Đi bộ đến Cầu Rồng hiện đại và yên bình,entire_home,140,False,,/ đêm,507.367,₫507.367,2.0,,True,True,,True,,True,True,,True,,,,,True,,False,,,True,,,False,,,,,,,,,,,,,,,,,,,
40357290,https://www.airbnb.com.vn/rooms/40357290,"4,86",Ngũ Hành Sơn,22,16.05387,108.24448,REGULAR,,Sharon* Studio có ban công gần bãi biển,entire_home,21,False,,/ đêm,615.624,₫615.624,2.0,,True,True,True,True,True,True,True,True,,,,,,True,,,,,,,,,,,,,,,,,True,,,,,,,,,,
