room_id,url,city,contextualPicturesCount,lat,long,listingObjType,pdpUrlType,name,roomTypeCategory,canInstantBook,weeklyPriceFactor,structuredStayDisplayPrice,maxGuestCapacity,SYSTEM_COOKING_BASICS,SYSTEM_WORKSPACE,SYSTEM_WASHER,SYSTEM_SNOWFLAKE,SYSTEM_MAPS_CAR_RENTAL,SYSTEM_SURVEILLANCE,SYSTEM_NO_DETECTOR_CO2,rating,reviewCount,SYSTEM_FLOWER,SYSTEM_BEACH,SYSTEM_WI_FI,SYSTEM_POOL,SYSTEM_TV,SYSTEM_ELEVATOR,SYSTEM_EV_CHARGER,SYSTEM_VIEW_OCEAN,SYSTEM_NO_DETECTOR_SMOKE,price,price_full,SYSTEM_JACUZZI,SYSTEM_PETS,SYSTEM_HAIRDRYER,SYSTEM_VIEW_CITY,SYSTEM_PATIO_BALCONY,SYSTEM_LUGGAGE_DROP,SYSTEM_FIREPIT,SYSTEM_DRYER,isSuperHost,isVerified,yearHosting,SYSTEM_LOCK_ON_DOOR,SYSTEM_REFRIGERATOR,SYSTEM_BREAKFAST,SYSTEM_SMOKING_ALLOWED,SYSTEM_FIREPLACE,SYSTEM_VIEW_MOUNTAIN,SYSTEM_MAPS_RESORT,SYSTEM_CALENDAR,SYSTEM_HIGH_CHAIR,SYSTEM_NO_LOCK_ON_DOOR,SYSTEM_SAUNA,SYSTEM_GYM,SYSTEM_MAPS_BAR
888373765243037945,https://www.airbnb.com.vn/rooms/888373765243037945,Thủ Đức,6,10.8303278,106.8300637,REGULAR,,căn Studio phong cách xinh tươi,entire_home,False,,/ đêm,2.0,True,True,True,True,True,True,False,,,,,,,,,,,,,,,,,,,,,,,,,,,,,,,,,,,,,
711442099214506171,https://www.airbnb.com.vn/rooms/711442099214506171,Quận 9,30,10.84094,106.83734,REGULAR,,BB Home - Căn hộ Vinhomes Studio có tầm nhìn ra hồ bơi,entire_home,False,,/ đêm,2.0,True,True,,,True,,,"5,0",15,True,True,True,True,True,True,True,,,,,,,,,,,,,,,,,,,,,,,,,,,,
884124899472668830,https://www.airbnb.com.vn/rooms/884124899472668830,Quận 9,18,10.82516,106.83303,REGULAR,,Vinhomes lux staycation1002,entire_home,False,,/ đêm,2.0,True,True,True,True,True,,False,,,,,True,True,True,,,True,,,,,,,,,,,,,,,,,,,,,,,,,,,
865681037257604641,https://www.airbnb.com.vn/rooms/865681037257604641,,30,10.8046,106.79987,REGULAR,,Nhà khu biệt thự Park Riverside,entire_home,False,,/ đêm,10.0,True,True,,,True,True,False,,,True,,True,True,,,,True,False,,,,,,,,,,,,,,,,,,,,,,,,,,
883225240185610817,https://www.airbnb.com.vn/rooms/883225240185610817,Thủ Đức,6,10.8303278,106.8300637,REGULAR,,căn hộ 37m2 xin xắn,entire_home,False,,/ đêm,3.0,True,True,True,True,True,True,False,,,,True,,True,,,,,,319.530,₫319.530,,,,,,,,,,,,,,,,,,,,,,,,
869144686554241739,https://www.airbnb.com.vn/rooms/869144686554241739,Quận 9,7,10.8414,106.82886,REGULAR,,"Studio giá bình dân 
tại VHGP",entire_home,False,,/ đêm,2.0,True,True,True,,,True,False,,,,,True,True,True,,,,False,538.052,₫538.052,True,,,,,,,,,,,,,,,,,,,,,,,
33902895,https://www.airbnb.com.vn/rooms/33902895,Tri An Lake,30,11.10471,107.16663,REGULAR,,"Family Garden House tại Hồ Tri An, Trung tâm Mũi Né",entire_home,False,,/ đêm,12.0,True,True,,,True,True,False,"4,88",8,True,,True,,,,,True,False,3.479,₫3.479.562,True,,,,,,,,,,,,,,,,,,,,,,,
745912482495111307,https://www.airbnb.com.vn/rooms/745912482495111307,Quận 9,30,10.83902,106.83405,REGULAR,,BB Home - Vinhomes Studio VIP Apartment,entire_home,False,,/ đêm,2.0,True,True,,,True,,,"5,0",10,,True,True,True,True,,,True,,,,True,,,,,,,,,,,,,,,,,,,,,,,
884238177431570301,https://www.airbnb.com.vn/rooms/884238177431570301,Quận 9,28,10.86504,106.83717,REGULAR,,Căn hộ Khu đô thị Vinhomes Grand Park,entire_home,False,,/ đêm,3.0,True,True,,,,True,,,,,True,True,True,True,True,True,,,,,,True,,,,,,,,,,,,,,,,,,,,,,
43492362,https://www.airbnb.com.vn/rooms/43492362,Quận 9,30,10.83929,106.83083,REGULAR,,Nhà thông minh với tầm nhìn ra hồ bơi và đầy đủ tiện nghi,entire_home,False,,/ đêm,2.0,True,True,,,True,,False,"5,0",16,True,,True,True,,,,True,,560.048,₫560.048,,True,,,,,,,,,,,,,,,,,,,,,,
638667894133999273,https://www.airbnb.com.vn/rooms/638667894133999273,Định Quán,27,11.17576,107.22908,REGULAR,,Ngôi nhà đồng quê ở Tri a Retreat,entire_home,False,,/ đêm,4.0,True,,,True,True,True,False,"5,0",3,True,,True,True,True,,,,False,,,,,,,,,,,,,,,,,,,,,,,,,,
750619358908296107,https://www.airbnb.com.vn/rooms/750619358908296107,Quận 9,30,10.84344,106.83749,REGULAR,,BB Home - Căn hộ Vinhomes Sweet 1BR,entire_home,False,,/ đêm,2.0,True,True,,,True,,,"4,93",15,,True,True,True,True,True,True,,,,,True,,,,,,,,,,,,,,,,,,,,,,,
557179726403277892,https://www.airbnb.com.vn/rooms/557179726403277892,Quận 9,30,10.87788,106.8366,REGULAR,,Nhà nghỉ dưỡng F30Lovely 3 phòng ngủ có hồ bơi S3-30,entire_home,False,,/ đêm,6.0,True,,True,True,,,False,"5,0",7,True,,True,True,True,True,,,,,,,True,,,,,,,,,,,,,,,,,,,,,,
46571304,https://www.airbnb.com.vn/rooms/46571304,Quận 9,24,10.83886,106.83289,REGULAR,,Căn hộ Studio cao cấp Vinhomes Grand Park,entire_home,False,,/ đêm,2.0,True,True,True,True,,,,"4,92",26,True,,True,,True,True,True,,,401.073,₫401.073,,,True,,,,,,,,,,,,,,,,,,,,,
783480956021477477,https://www.airbnb.com.vn/rooms/783480956021477477,Thu Duc,7,10.8367344,106.840157,REGULAR,,VinhomesS903#LuxuryStudio#Nhà bếp#WashDryMachine,entire_home,False,,/ đêm,2.0,True,True,,,,True,False,"5,0",3,,,True,True,True,,True,True,,741.765,₫741.765,,,,True,,,,,,,,,,,,,,,,,,,,
872205590629276079,https://www.airbnb.com.vn/rooms/872205590629276079,Quận 9,22,10.84454,106.83623,REGULAR,,Luxury Condo- 2PN2WC,entire_home,False,,/ đêm,4.0,True,True,True,,True,,False,"5,0",4,,,True,True,True,True,True,,,1.417,₫1.417.342,,,,,,,,,,,,,,,,,,,,,,,,
878928802131756661,https://www.airbnb.com.vn/rooms/878928802131756661,Quận 9,30,10.84284,106.83879,REGULAR,,Full nội thất xịn tại Vinhomes Grand Park,entire_home,False,,/ đêm,4.0,True,True,True,True,,,,,,,True,True,True,True,True,True,,,855.883,₫855.883,,,,,,,,,,,,,,,,,,,,,,,,
867748861006950431,https://www.airbnb.com.vn/rooms/867748861006950431,Quận 9,19,10.84016,106.83372,REGULAR,,BNB homes -studio,entire_home,False,,/ đêm,1.0,,,,,,True,,,,True,,True,True,,True,,True,,,,,True,True,,True,True,,,,,,,,,,,,,,,,,,
817015527622046163,https://www.airbnb.com.vn/rooms/817015527622046163,Quận 9,15,10.8396,106.83006,REGULAR,,Studio cặp đôi giá bình dân,entire_home,False,,/ đêm,2.0,True,True,,,,,False,"4,83",6,,True,True,,True,,,True,False,428.124,₫428.124,True,,,,,,,,,,,,,,,,,,,,,,,
886658019817375382,https://www.airbnb.com.vn/rooms/886658019817375382,Thủ Đức,19,10.83843,106.83036,REGULAR,,ST Space - Vinhomes Grandpark,entire_home,False,,/ đêm,6.0,True,True,True,True,,True,False,,,,,True,,True,,,True,,,,,,,,,,True,,,,,,,,,,,,,,,,,
741054427851229857,https://www.airbnb.com.vn/rooms/741054427851229857,Tp. Thủ Đức,19,10.838645,106.8349516,REGULAR,,Căn hộ studio BNB Home,entire_home,False,,/ đêm,2.0,True,True,,,,,,"4,33",3,,,True,True,True,True,,True,,570.589,₫570.589,,True,,,,,,,,,,,,,,,,,,,,,,
893122521401097557,https://www.airbnb.com.vn/rooms/893122521401097557,Quận 2,11,10.773528505456943,106.76439200118564,REGULAR,,Master room share with a woman,shared_room,False,,/ đêm,1.0,True,,True,True,,True,False,,,,,True,True,True,True,,,,,,,,,,True,,,,,,,,,,,,,,,,,,,
681424281279231043,https://www.airbnb.com.vn/rooms/681424281279231043,Quận 2,30,10.80819,106.75303,REGULAR,,Căn hộ RENO # Rbegin} Ban công tiêu chuẩn 1,private_room,False,,/ đêm,2.0,True,True,True,,True,True,False,"4,67",18,,,True,,True,,,,False,522.659,₫522.659,,,,,,,,True,,,,,,,,,,,,,,,,
821406550323597067,https://www.airbnb.com.vn/rooms/821406550323597067,Quận 9,22,10.840552631189722,106.83780348254221,REGULAR,,Căn hộ khu đô thị Vinhomes Grand Park,entire_home,False,,/ đêm,3.0,True,True,,,,True,,,,,True,True,True,True,True,True,,,665.339,₫665.339,,True,,,,,,,,,,,,,,,,,,,,,,
13200438,https://www.airbnb.com.vn/rooms/13200438,Nam Cat Tien ,30,11.42636,107.43492,REGULAR,,Green Hope Lodge công viên Cát Tiên,private_room,False,,/ đêm,2.0,,,True,True,True,,False,"4,94",63,,,True,,,,,True,False,401.475,₫401.475,,True,,,,,,True,True,True,7,True,,,,,,,,,,,,
46515216,https://www.airbnb.com.vn/rooms/46515216,Quận 9,26,10.83783,106.83145,REGULAR,,Căn hộ Studio cao cấp Vinhomes Grand Park,entire_home,False,,/ đêm,2.0,True,True,True,True,,,,"4,89",27,True,,True,,True,True,True,,,422.182,₫422.182,,,True,,,,,,,,,,,,,,,,,,,,,
798058707667218230,https://www.airbnb.com.vn/rooms/798058707667218230,Long Bình,30,10.84385,106.84051,REGULAR,,The Origami 's Home,entire_home,False,,/ đêm,2.0,True,True,,,,,False,,,True,,True,True,True,True,,True,,508.320,₫508.320,,,,,,,,,,,,,,,,,,,,,,,,
847388662202059967,https://www.airbnb.com.vn/rooms/847388662202059967,Quận 9,30,10.841718688593053,106.83793486566775,REGULAR,,[GIÁ TỐT] S6.06 Origami 02PN+/02WC (Full nội thất),entire_home,False,,/ đêm,4.0,True,,True,True,True,,False,,,,,True,,True,True,,,,872.556,₫872.556,,,True,,True,,,,,,,,,,,,,,,,,,,
707658323641281477,https://www.airbnb.com.vn/rooms/707658323641281477,Thu Duc,30,10.84409,106.83976,REGULAR,,VinhomesS501#2BR#Ban công#Nhà bếp# Máy giặt,entire_home,False,,/ đêm,5.0,True,True,,,True,,False,"5,0",3,,,True,True,True,True,,True,,,,,,,True,,,,,,,,,,,,,,,,,,,,
45892706,https://www.airbnb.com.vn/rooms/45892706,Quận 9,30,10.8387,106.83416,REGULAR,,"Căn hộ :2 giường,1 wc quận 9-tphcm",entire_home,False,,/ đêm,4.0,True,True,True,,True,True,False,"5,0",9,True,,True,,True,,,,False,,,,,,,,,,,,,,,,,,,,,,,,,,
759991058859089189,https://www.airbnb.com.vn/rooms/759991058859089189,,21,10.847336746251006,106.83767203241587,REGULAR,,Căn hộ nội thất hiện đại-Vinhomes Grand Park,entire_home,False,,/ đêm,2.0,True,True,,,,True,False,"4,75",8,,,True,True,True,,,True,,513.530,₫513.530,,True,,True,,,,,,,,,,,,,,,,,,,,
821417857448063311,https://www.airbnb.com.vn/rooms/821417857448063311,Quận 9,13,10.838833569969022,106.83148451149464,REGULAR,,VinHomes Q9 Căn 1PN+ Rất rộng,entire_home,False,,/ đêm,4.0,True,True,,,True,True,False,,,,,True,True,,,,True,,593.412,₫593.412,,True,,True,,,,,,,,,,,,,,,,,,,,
756783263276863788,https://www.airbnb.com.vn/rooms/756783263276863788,Long Thạnh Mỹ,26,10.83927913767279,106.84834521918526,REGULAR,,Căn hộ Nhật Bản tại The Origami Vinhomes GrandPark,entire_home,False,,/ đêm,2.0,True,True,True,True,,True,False,,,True,,True,True,,,,,,,,,,,,,,,,,,,,,,,,,,,,,,,
779263384797731561,https://www.airbnb.com.vn/rooms/779263384797731561,Quận 9,19,10.80694,106.77812,REGULAR,,Căn hộ Pizzpart- Flora,entire_home,False,,/ đêm,4.0,True,True,True,True,True,,,,,,,True,True,True,,,,,438.178,₫438.178,,,,,True,,,,,,,,True,,,,,,,,,,,
856369861350319662,https://www.airbnb.com.vn/rooms/856369861350319662,Thủ Đức,24,10.84483,106.82578,REGULAR,,Tropical Homestay Origami,entire_home,False,,/ đêm,2.0,True,True,,,True,True,,,,True,True,True,True,True,,True,,,604.723,₫604.723,,,,,,,,,,,,,,,,,,,,,,,,
885118102654697550,https://www.airbnb.com.vn/rooms/885118102654697550,Thủ Đức,9,10.88797,106.8343,REGULAR,,F15 Comfortable vacation home,entire_home,False,,/ đêm,4.0,True,True,True,True,,,False,,,,,True,True,True,,,,,,,,,,,True,,,,,,,,True,,,,,,,,,,,
870717943911820238,https://www.airbnb.com.vn/rooms/870717943911820238,Quận 2,9,10.77562,106.75589,REGULAR,,Convenient full equiped flat for upto 4 people,entire_home,False,,/ đêm,4.0,True,True,True,True,True,,False,,,,,True,True,True,,,,False,570.589,₫570.589,,,,,,,,,,,,,,,,,,,,,,,,
875890884575180969,https://www.airbnb.com.vn/rooms/875890884575180969,Quận 2,15,10.79372,106.77671,REGULAR,,Phòng mini sạch sẽ trong căn hộ,private_room,False,,/ đêm,1.0,True,,True,True,True,True,,,,,,True,,True,,,,,258.000,₫258.000,,,,,,,,True,True,True,,True,True,,,,,,,,,,,
21070340,https://www.airbnb.com.vn/rooms/21070340,Quận 9,12,10.82537,106.83264,REGULAR,,Origami Vinhomes Suite10,entire_home,False,,/ đêm,2.0,True,True,,,True,,False,,,,,True,True,True,,,True,False,,,,True,,,,,,,,,,,,,,,,,,,,,,
859046154118907623,https://www.airbnb.com.vn/rooms/859046154118907623,Long Thọ,13,10.72881,106.96335,REGULAR,,Vân Nam Apartement,private_room,False,,/ đêm,2.0,True,True,True,,True,True,False,,,,,True,,True,,,,False,,,,,,,,,,,False,False,,True,,,,,,,,,,,,
706147013688296871,https://www.airbnb.com.vn/rooms/706147013688296871,Quận 9,16,10.84468,106.83878,REGULAR,,Vinhomes Grand Park Q9 -Studios Full Nội Thật đẹp,entire_home,False,,/ đêm,2.0,True,True,True,True,,True,False,,,,,True,,True,,True,,,627.647,₫627.647,,True,,,,,,,,,,,,,,,,,,,,,,
863676534633656785,https://www.airbnb.com.vn/rooms/863676534633656785,Quận 9,5,10.85606,106.83585,REGULAR,,căn hộ 32m nhỏ xinh xắn giá ổn,entire_home,False,,/ đêm,4.0,True,True,True,True,True,True,False,,,,,,,True,,True,,,401.694,₫401.694,,,,,,,,,,,,,True,,,,,,,,,,,
886082137399014958,https://www.airbnb.com.vn/rooms/886082137399014958,Thủ Đức,7,10.821606682457956,106.83550983667374,REGULAR,,Căn 50m2 2 giường ngủ giá rẽ,entire_home,False,,/ đêm,5.0,True,True,True,True,True,True,False,,,,,True,,True,,,,,373.726,₫373.726,,True,,,,,,,,,,,,,,,,,,,,,,
837903025738830753,https://www.airbnb.com.vn/rooms/837903025738830753,Quận 9,25,10.843320358809757,106.83757008524172,REGULAR,,"Vacation at Vinhomes grand park D9, Thu Duc city",entire_home,False,,/ đêm,2.0,True,True,,,,True,False,,,,,True,True,True,True,,True,,,,,,,True,,,,,,,,,,,,,,,,,,,,
867757394267669213,https://www.airbnb.com.vn/rooms/867757394267669213,Thủ Đức,15,10.839691523801886,106.83561958555084,REGULAR,,Căn Hộ Studio 35m2 đầy đủ,entire_home,False,,/ đêm,1.0,True,,True,True,True,True,,,,,,True,,True,,,,,,,,,,,,,,,,,,,,,,,,,,,,,,
37107287,https://www.airbnb.com.vn/rooms/37107287,Tân Phú,12,11.42264,107.42894,REGULAR,,Sống cùng gia đình bản xứ cầu Cát Tiên (Phòng ngủ 1),private_room,False,,/ đêm,2.0,,,,,,,False,"4,92",13,,,True,,,,,,False,268.177,₫268.177,,True,,,,,,,,,,,,True,True,,,,,,,,,
806128328746205432,https://www.airbnb.com.vn/rooms/806128328746205432,Quận 9,30,10.8372192,106.8306147,REGULAR,,[GIÁ TỐT] S10.06 Origami 2PN+/2WC (Full nội thất),entire_home,False,,/ đêm,4.0,True,,True,True,True,,,,,,,True,,True,True,,,,900.937,₫900.937,,,True,,,,,,,,,,True,,True,,,,,,,,,
832897660916743712,https://www.airbnb.com.vn/rooms/832897660916743712,Quận 9,6,10.83656,106.83095,REGULAR,,Căn hộ dịch vụ Vinhomes Quận 9,entire_home,False,,/ đêm,4.0,True,True,True,,,True,False,,,,True,True,True,True,,,,False,,,,,,,,,,,,,,,,,,,,,,,,,,
41037103,https://www.airbnb.com.vn/rooms/41037103,thành phố Biên Hòa,8,10.95636,106.87374,REGULAR,,PT Biên Hòa Plaza C12,entire_home,False,,/ đêm,2.0,,,,True,True,,,"3,33",3,,,True,,True,,,,,456.471,₫456.471,,,,,,,,,,,,,,,,True,,,,,,,,
873667956601006267,https://www.airbnb.com.vn/rooms/873667956601006267,Ho Chi Minh City,6,10.84008,106.83359,REGULAR,,Przytulny pokój z pięknym widokiem,private_room,False,,/ đêm,2.0,True,True,True,,True,,,,,True,True,True,,,True,,,,,,,,,,,,,,False,True,,True,,,,,,,,,,,,
704681751551675338,https://www.airbnb.com.vn/rooms/704681751551675338,Quận 9,30,10.85847,106.83499,REGULAR,,"Căn hộ 1 phòng ngủ tại tòa nhà Origami, Vinhomes Grand Park",entire_home,False,,/ đêm,3.0,True,True,True,True,,True,False,"4,8",5,,,True,True,True,,,,,779.228,₫779.228,,,,,True,,,,,,,,,,,,,,,,,,,
43645747,https://www.airbnb.com.vn/rooms/43645747,Quận 2,20,10.78699,106.76109,REGULAR,,♥Cửa sổ và phòng ấm cúng với hồ bơi trên tầng thượng D2♥,private_room,False,,/ đêm,2.0,True,True,,,True,,False,"4,89",19,,,True,True,True,True,,,False,398.728,₫398.728,,,,,,,,,False,True,5,True,,,,,,,,,,,,
861164671672084084,https://www.airbnb.com.vn/rooms/861164671672084084,Quận 9,30,10.837976410427961,106.82987521196952,REGULAR,,Căn hộ Khu đô thị Vinhomes Grand Park,entire_home,False,,/ đêm,3.0,True,True,,,,True,,,,,True,True,True,True,True,True,,,,,,True,,,,,,,,,,,,,,,,,,,,,,
36617566,https://www.airbnb.com.vn/rooms/36617566,Tân Phú,30,11.42551,107.43367,REGULAR,,Gibbon hát tại nhà,private_room,False,,/ đêm,2.0,True,True,,,True,,False,"4,83",12,True,,True,,,,True,,False,399.412,₫399.412,,True,,,,,,,,,,,,,,,True,,,,,,,
742466084329064502,https://www.airbnb.com.vn/rooms/742466084329064502,Quận 9,30,10.83751,106.83072,REGULAR,,Căn hô Ngọc Linh 1pn/1wc.Quận 9.tphcm. S602.1614,entire_home,False,,/ đêm,2.0,True,True,True,True,,True,,,,,,True,True,True,True,True,,,684.706,₫684.706,,,,,,,,,,,,,,,,,,,,,,,,
782149983069488937,https://www.airbnb.com.vn/rooms/782149983069488937,Thủ Đức,30,10.841012,106.83784,REGULAR,,"Khu nghỉ dưỡng Ori q9: 3Giơng, 1 giường sofa, 2wc",entire_home,False,,/ đêm,7.0,True,True,,,,True,,"5,0",6,,,True,True,True,True,True,,,972.239,₫972.239,,,,True,,,,,,,,,,,,,,True,,,,,,
882271820873064465,https://www.airbnb.com.vn/rooms/882271820873064465,Dĩ An,6,10.88791,106.78044,REGULAR,,Apartment green view,entire_home,False,,/ đêm,4.0,True,True,,True,,,False,,,,,True,True,True,,,,False,,,,,,,,,,,,,,,,,,,,,,,,,,
795946118537568635,https://www.airbnb.com.vn/rooms/795946118537568635,Quận 9,15,10.86372,106.79695,REGULAR,,căn hộ ở ngay trung tâm ThuDuc,entire_home,False,,/ đêm,2.0,True,,True,True,,True,False,,,,,True,True,True,True,,,,399.412,₫399.412,,,True,,,,,,,,,,,,,,,,,,,,,
893133516641765663,https://www.airbnb.com.vn/rooms/893133516641765663,Quận 9,11,10.796711114993636,106.81242843469103,REGULAR,,phòng trống tại Phú Hữu,private_room,False,,/ đêm,4.0,True,True,,,True,,False,,,,,True,True,True,,,True,False,,,,True,,,,,,,,,,,,,,,,,,,,,,
680856568011722165,https://www.airbnb.com.vn/rooms/680856568011722165,Quận 9,30,10.8386347,106.8312726,REGULAR,,Căn hộ Ngọc Linh 1phòng ngủ/1 wc  quận 9.S902.1418,entire_home,False,,/ đêm,3.0,True,True,,,,True,,"4,88",8,,,True,True,True,True,True,True,,684.706,₫684.706,,,,True,,,,,,,,,,,,,,,,,,,,
875900658644163521,https://www.airbnb.com.vn/rooms/875900658644163521,Quận 2,17,10.79305,106.77638,REGULAR,,Phòng riêng sạch sẽ trong căn hộ,private_room,False,,/ đêm,2.0,True,,True,True,True,True,,,,,,True,,True,,,,,,,,,,,,,,True,True,True,,True,True,,,,,,,,,,,
858980726896576327,https://www.airbnb.com.vn/rooms/858980726896576327,Hồ Cốc,22,10.54989,107.48746,REGULAR,,Homestay Mộc Hồ Cốc - Bà Rịa VT,private_room,False,,/ đêm,16.0,True,True,,,True,True,False,,,True,True,True,,,,,,,,,True,,,,,,,,False,True,,True,,,,,,,,,,,,
10733886,https://www.airbnb.com.vn/rooms/10733886,Quận 9,26,10.79576,106.78189,REGULAR,,Pizzpart - Samsung Flora,entire_home,False,,/ đêm,3.0,True,,True,True,True,,,"4,8",15,,,True,True,True,,,,,,,,,True,,True,,,,,,,,True,,,,,,,,,,,
871500354866963573,https://www.airbnb.com.vn/rooms/871500354866963573,Tân Thành,5,10.559429103209265,107.0638607544922,REGULAR,,anhkhôihotel-phúmỹ-tânthành-brvt,private_room,False,,/ đêm,16.0,,True,,True,True,True,,,,,,True,,,True,,,,267.575,₫267.575,,,True,,,True,,,,,,,,,,,,,True,,,,,
31339006,https://www.airbnb.com.vn/rooms/31339006,Thủ Đức,10,10.85044,106.75344,REGULAR,,Tự tìm cho mình một ngôi nhà thư giãn tại 4S Linh Đông.,private_room,False,,/ đêm,1.0,True,,True,,,,False,"4,83",6,,,True,True,,,,True,,254.282,₫254.282,,,,True,,,,,False,True,4,True,,,,,,,,True,,,,
882422559975970164,https://www.airbnb.com.vn/rooms/882422559975970164,Quận 9,30,10.839107219764077,106.8308199942112,REGULAR,,Căn hộ Khu đô thị Vinhomes Grand Park,entire_home,False,,/ đêm,3.0,True,True,,,,True,,,,,True,True,True,True,True,True,,,,,,True,,,,,,,,,,,,,,,,,,,,,,
758407099669880372,https://www.airbnb.com.vn/rooms/758407099669880372,Quận 9,7,10.8382,106.83047,REGULAR,,Căn hộ cao cấp đầy đủ tiện ích.,private_room,False,,/ đêm,2.0,,,,True,,True,False,,1,,,,True,True,,,,False,,,,,,,,,,,False,True,6,,,,,,,,,,False,,,
891688088408181891,https://www.airbnb.com.vn/rooms/891688088408181891,,5,10.83833,106.83216,REGULAR,,Landmark View Double Room,private_room,False,,/ đêm,2.0,True,,True,True,True,True,False,,,,,True,,True,,,True,,,,,,,,,,,,,,,,,,,,,,,,,,,
28014318,https://www.airbnb.com.vn/rooms/28014318,Xuyên Mộc,30,10.55241,107.48689,REGULAR,,Hồ Cốc Homestay - Phòng đôi,private_room,False,,/ đêm,2.0,True,True,,,True,True,False,"4,92",13,True,,True,True,,,,,False,627.647,₫627.647,,,,,,,,,False,False,5,,,,,,,,,,False,,,
660494308287213688,https://www.airbnb.com.vn/rooms/660494308287213688,Tân Phú,22,11.3744131,107.4271792,REGULAR,,Phòng riêng với 2 giường king ở bờ sông,private_room,False,,/ đêm,6.0,True,,True,,True,True,False,"4,67",3,,,True,,True,,,,False,479.294,₫479.294,,,,,,,,,False,True,8,True,,,,,,,,,,,,
873159838420960701,https://www.airbnb.com.vn/rooms/873159838420960701,,26,10.843631693521495,106.84428703039885,REGULAR,,Homestay 2 bedrooms 2 large beds,entire_home,False,,/ đêm,4.0,True,True,,,True,True,,,,True,,True,True,True,,,True,,660.869,₫660.869,,,,,,,,,,,,,,,,,,,,,,,,
862539815186536303,https://www.airbnb.com.vn/rooms/862539815186536303,Quận 9,30,10.84233,106.82932,REGULAR,,Căn hộ 1 phòng ngủ đáng yêu,entire_home,False,,/ đêm,2.0,True,True,,,,,False,"5,0",5,True,,True,,True,True,,True,,,,,True,,,,,,,,,,,,,,,,,,,,,,
709332577765782866,https://www.airbnb.com.vn/rooms/709332577765782866,Quận 9,30,10.84574,106.83897,REGULAR,,"Căn hộ OG: 2 pn -3 giường -1 sofa Bed ,2wc ,Q.9-",entire_home,False,,/ đêm,7.0,True,True,True,True,,True,,"5,0",14,True,,True,True,True,,True,,,,,,,,,,,,,,,,,,,,,,,,,,,,
865707014373086784,https://www.airbnb.com.vn/rooms/865707014373086784,Quận 9,5,10.83532,106.82967,REGULAR,,căn hộ 38m2 đầy đủ tiện ích,entire_home,False,,/ đêm,3.0,True,True,True,True,,True,False,,,,,True,True,True,,,,,,,,,,,,,,,,,,,True,,,,,,,,,,,
885279611487030006,https://www.airbnb.com.vn/rooms/885279611487030006,Quận 9,6,10.84172,106.83764,REGULAR,,Vinhomes Grand Park-Origami S703,entire_home,False,,/ đêm,4.0,True,,True,True,,,False,,,,True,True,True,True,,,,,,,,,,,,,True,,,,,,True,,,,,,,,,,,
638775340091986650,https://www.airbnb.com.vn/rooms/638775340091986650,Dĩ An,30,10.90683,106.75407,REGULAR,,Căn hộ cao cấp BconsGarden B07 cho 2 người+ hồ bơi đẹp,entire_home,False,,/ đêm,2.0,True,,,True,True,,,,,,,True,True,True,True,,,,524.941,₫524.941,,,True,,,True,,,,,,,True,,,,,,,,,,,
875056710428290202,https://www.airbnb.com.vn/rooms/875056710428290202,Long Thạnh Mỹ,30,10.83907,106.8361,REGULAR,,Căn hộ Khu đô thị Vinhomes Grand Park,entire_home,False,,/ đêm,3.0,True,True,,,,True,,,,,True,True,True,True,True,True,,,,,,True,,,,,,,,,,,,,,,,,,,,,,
875877103024923596,https://www.airbnb.com.vn/rooms/875877103024923596,Quận 2,25,10.792583513052046,106.77737563848495,REGULAR,,Căn hộ tầng trệt đầy đủ tiện ích,private_room,False,,/ đêm,3.0,True,,True,True,True,True,,,1,,,True,,True,,,,,,,,,,,,,,True,True,True,2,True,True,,,,,,,,,,,
886765326410354908,https://www.airbnb.com.vn/rooms/886765326410354908,Long Thạnh Mỹ,30,10.85763,106.83605,REGULAR,,Căn hộ Khu đô thị Vinhomes Grand Park,entire_home,False,,/ đêm,2.0,True,True,True,,,True,,,,True,,True,True,True,,,True,,,,,True,,,,,,,,,,,,,,,,,,,,,,
808364682654556641,https://www.airbnb.com.vn/rooms/808364682654556641,Phước Bửu,30,10.526649404622686,107.39694748073818,REGULAR,,Hồ Trầm Chill House,entire_home,False,,/ đêm,12.0,True,True,,,True,,False,"5,0",4,True,,True,,,,,True,False,1.717,₫1.717.413,,True,,,,,,,,,,,,,,,,,,,,,,
848326476317560200,https://www.airbnb.com.vn/rooms/848326476317560200,Quận 9,13,10.83551,106.82914,REGULAR,,Emma House 2 - Có thể ho 2PN Vinhomes Grand Park Q9,entire_home,False,,/ đêm,4.0,True,,,True,,,,,,,True,True,True,True,,True,,,538.349,₫538.349,,True,True,,,,,,,,,,,,True,,,,,,,,,
680827581709781816,https://www.airbnb.com.vn/rooms/680827581709781816,Quận 9,27,10.8386347,106.8312726,REGULAR,,Căn hộ Ngọc Linh 1 phòng ngủ/1 wc quận 9.S201.2514,entire_home,False,,/ đêm,3.0,True,True,True,True,,True,,"5,0",10,,,True,True,True,,True,True,,684.706,₫684.706,,,,,,,,,,,,,,,,,,,,,,,,
45848846,https://www.airbnb.com.vn/rooms/45848846,Quận 9,30,10.82001,106.83139,REGULAR,,Căn hộ :2 phòng ngủ/1wc quận 9,entire_home,False,,/ đêm,4.0,True,True,,,True,,,"5,0",18,True,,True,,True,True,True,,,,,True,,,,,,,,,,,,,,,,,,,,,,,
858428846215519927,https://www.airbnb.com.vn/rooms/858428846215519927,Thủ Đức,30,10.83848,106.83105,REGULAR,,BB Home - Căn hộ studio Vinhomes Sweet,entire_home,False,,/ đêm,2.0,True,True,True,,True,,,"5,0",3,,True,True,True,True,True,,,,,,,True,,,,,,,,,,,,,,,,,,,,,,
669962643868140941,https://www.airbnb.com.vn/rooms/669962643868140941,Phước Long B,14,10.81415,106.78589,REGULAR,,Robin House,entire_home,False,,/ đêm,2.0,True,True,True,True,,,False,"5,0",6,,,True,True,,True,,True,,642.386,₫642.386,,,,True,,,,,,,,,,,,,,,,,,,,
715146486834913387,https://www.airbnb.com.vn/rooms/715146486834913387,Đồng Xoài,17,11.52285,106.87902,REGULAR,,Phòng Hoa Mai cho đôi tình nhân.,private_room,False,,/ đêm,2.0,True,True,,True,True,True,False,,,,,True,,True,,,,False,513.530,₫513.530,,,,,,,,,False,False,,,,,,,,,,,False,,,
29685511,https://www.airbnb.com.vn/rooms/29685511,Châu Đức,13,10.65977,107.1772,REGULAR,,Nhà gỗ đẹp tẩu thoát - 1h30 từ TP HCM,entire_home,False,,/ đêm,4.0,True,,,,True,,False,"4,2",10,True,,True,,,,,,False,,,,True,True,,True,,,,,,,,True,,,,,,,,,,,
793393265387314602,https://www.airbnb.com.vn/rooms/793393265387314602,Thu Duc,16,10.8367344,106.840157,REGULAR,,VinhomesS902# Phòng ngủ Luxury1# BếpMáygiặt,entire_home,False,,/ đêm,3.0,True,True,True,,,,False,"5,0",3,True,,True,True,True,,,True,,,,,,,,,,,,,,,,,,,,,,,,,,,
886151716277945248,https://www.airbnb.com.vn/rooms/886151716277945248,Phú Hữu,12,10.7949,106.81131,REGULAR,,Phòng tại Phú Hữu,private_room,False,,/ đêm,6.0,True,True,,,True,True,False,,,,,True,True,,,,True,,,,,True,,,,,,,False,True,,True,,,,,,,,,,,,
717111956952299622,https://www.airbnb.com.vn/rooms/717111956952299622,Quận 9,17,10.8466,106.83787,REGULAR,,VIP - Căn hộ Studio cao cấp Vinhomes Grand Park,entire_home,False,,/ đêm,2.0,True,True,True,True,,,,,,True,,True,,True,True,True,,,656.728,₫656.728,,,,,True,,,,,,,,,,,,,,,,,,,
759740321998553519,https://www.airbnb.com.vn/rooms/759740321998553519,Bưng Riềng,28,10.53889,107.49186,REGULAR,,Một ngôi nhà đồng quê ấm cúng gần bãi biển và núi,private_room,False,,/ đêm,4.0,,,,,,,False,,,,,,,,,,,False,285.294,₫285.294,,,,,,,True,,False,True,,,,,,,,,,,False,,,
892391250096442785,https://www.airbnb.com.vn/rooms/892391250096442785,Quận 2,30,10.77659,106.75411,REGULAR,,2brs DuplexFelizEnVista Bigpool,entire_home,False,,/ đêm,4.0,True,True,,,,,False,,,,,True,True,True,,,True,,,,True,True,,,,,,,,,,,,,,,,,,,,True,,
593829806742076663,https://www.airbnb.com.vn/rooms/593829806742076663,Quận 2,26,10.78813,106.76148,REGULAR,,Hồ bơi 1 phòng ngủ vui vẻ với hồ bơi trên tầng thượng,private_room,False,,/ đêm,3.0,True,True,,,True,True,,"5,0",10,,,True,True,True,,,,False,469.091,₫469.091,,,,True,,,,,False,True,5,True,,,,,,,,,,,,
866851169642824322,https://www.airbnb.com.vn/rooms/866851169642824322,Thủ Đức,18,10.88839,106.834704,REGULAR,,Căn hộ nhỏ xinh cho cặp đôi,entire_home,False,,/ đêm,3.0,True,True,True,True,True,True,False,,,,,,,,,,,,,,,,,,,,,,,,,,,,,,,,,,,,,
824179701560941968,https://www.airbnb.com.vn/rooms/824179701560941968,Quận 9,30,10.83619,106.82957,REGULAR,,Căn hộ Khu đô thị Vinhomes Grand Park,entire_home,False,,/ đêm,3.0,True,True,,,,True,,,,,True,True,True,True,True,True,,,696.118,₫696.118,,True,,,,,,,,,,,,,,,,,,,,,,
742368761298165110,https://www.airbnb.com.vn/rooms/742368761298165110,Quận 9,30,10.82903,106.82949,REGULAR,,Căn hộ Vinhomes Quận 9 Công viên Công nghệ cao Quận 9,private_room,False,,/ đêm,3.0,True,True,True,,,,,"5,0",3,,,True,True,True,,True,True,,,,,True,,,,,,,True,True,1,,,,,,,,,,False,,,
861927544177497850,https://www.airbnb.com.vn/rooms/861927544177497850,Quận 9,30,10.83691,106.82963,REGULAR,,Căn hộ Khu đô thị Vinhomes Grand Park,entire_home,False,,/ đêm,3.0,True,True,,,,True,,,,,True,True,True,True,True,True,,,,,,True,,,,,,,,,,,,,,,,,,,,,,
718523148310393464,https://www.airbnb.com.vn/rooms/718523148310393464,Quận 2,30,10.77851,106.75418,REGULAR,,$ $ Duplex Peaceful Greenie w/2brs FelizEnVista.D2,entire_home,False,,/ đêm,4.0,True,True,,,True,,,"4,8",15,,,True,True,,,,True,,1.511,₫1.511.694,True,True,,,,,,,,,,,,,,,,,,,,,,
31571545,https://www.airbnb.com.vn/rooms/31571545,Quận 2,28,10.77814,106.75152,REGULAR,,ONE VERANDAH -2 PHÒNG NGỦ -D2,entire_home,False,,/ đêm,4.0,True,,True,,True,,False,"4,6",5,,,True,True,True,True,,,False,1.180,₫1.180.367,,True,,,,,,,,,,,,,,,,,,,,,,
765653821940706900,https://www.airbnb.com.vn/rooms/765653821940706900,Quận 9,30,10.84536,106.83601,REGULAR,,BB Home - Căn hộ Vinhomes Sweet 1BR,entire_home,False,,/ đêm,2.0,True,True,,,True,,,"4,75",8,,True,True,True,True,True,True,,,,,True,,,,,,,,,,,,,,,,,,,,,,,
862749549852713281,https://www.airbnb.com.vn/rooms/862749549852713281,,12,10.852830581856683,106.76841672509909,REGULAR,,căn hộ cao cấp tại vinhom,entire_home,False,,/ đêm,2.0,True,True,,,,True,False,,,True,,True,,,,,True,False,684.706,₫684.706,,True,,True,,,,,,,,,,,,,,,,,,,,
891702934448938901,https://www.airbnb.com.vn/rooms/891702934448938901,,7,10.83768,106.83075,REGULAR,,Deluxe Sunset Double room,private_room,False,,/ đêm,2.0,,,True,True,True,True,False,,,,,True,,True,,,True,,,,,,,,,,,,,,,,,,,,,,,,,,,
887240145630548115,https://www.airbnb.com.vn/rooms/887240145630548115,District 9,5,10.846525858288327,106.83675691349171,REGULAR,,S9.02 CHDV full nội thất 2PN2WC,entire_home,False,,/ đêm,4.0,True,True,True,True,True,,False,,,,,True,,True,,,,,,,,,,,,,,,,,,,,,,,,,,,,,,
848306032724119267,https://www.airbnb.com.vn/rooms/848306032724119267,Thủ Đức,30,10.841069810027358,106.83297045528889,REGULAR,,căn hộ Ngọc Linh 1pn&1wc S10.06,entire_home,False,,/ đêm,2.0,True,True,True,True,True,True,,,,,True,True,True,True,,,,,684.706,₫684.706,,,,,,,,,,,,,,,,,,,,,,,,
780013495582670441,https://www.airbnb.com.vn/rooms/780013495582670441,Phước Long B,30,10.822299605515624,106.77184941478882,REGULAR,,Biệt thự hồ bơi phong cách độc đáo 9,entire_home,False,,/ đêm,7.0,True,True,,,True,True,False,"5,0",6,,,True,True,,,,,False,4.110,₫4.110.212,True,True,,,,,,,,,,,,,,,,,,,,,,
704923403323206739,https://www.airbnb.com.vn/rooms/704923403323206739,thành phố Biên Hòa,8,10.951872228739072,106.82881370186807,REGULAR,,Căn hộ rộng rãi ở trung tâm thành phố Biên Hòa * Phòng tập thể dục miễn phí,entire_home,False,,/ đêm,4.0,True,True,True,True,,True,False,,,,,True,True,True,,,,,1.453,₫1.453.530,,,,,,True,,,,,,,,,,,,,,,,,,
767972056250440553,https://www.airbnb.com.vn/rooms/767972056250440553,Quận 9,30,10.83916,106.83057,REGULAR,,S7a - Nhà nghỉ dưỡng một studio Vinhome Grand Park,entire_home,False,,/ đêm,2.0,True,,True,True,,,False,,,,,True,True,True,,,,,,,,,,,True,,,,,,,,True,,,,,,,,,,True,
889600973586956627,https://www.airbnb.com.vn/rooms/889600973586956627,Thủ Đức,10,10.88763,106.83406,REGULAR,,VGP - S7.02F15 Vacation with 1BR,entire_home,False,,/ đêm,2.0,True,True,True,True,,True,False,,,,,True,,True,,,,False,,,,,,,,,,,,,,,,,,,,,,,,,,
851462320389727580,https://www.airbnb.com.vn/rooms/851462320389727580,Quận 9,19,10.84531,106.8379,REGULAR,,The Origami 's house S10,entire_home,False,,/ đêm,4.0,True,True,True,True,True,,,,,,,True,True,True,,,,,756.600,₫756.600,,,,,,,,,,,,,,,,,,,,,,,,
684594376024792510,https://www.airbnb.com.vn/rooms/684594376024792510,Long Bình,15,10.84497,106.83684,REGULAR,,Căn hộ cao cấp view hồ bơi nội khu tuyệt đẹp,entire_home,False,,/ đêm,6.0,True,,True,True,,True,False,,,,,True,True,True,,,,,1.030,₫1.030.730,,,,,True,,True,,,,,,,,,,,,,,,,,
48260771,https://www.airbnb.com.vn/rooms/48260771,Quận 2,28,10.78649,106.76146,REGULAR,,BR riêng có hồ bơi ♥Lối sống địa phương trải nghiệm,private_room,False,,/ đêm,2.0,True,True,,,True,,False,,1,,,True,True,True,,,,False,445.637,₫445.637,,,,True,,,,,False,True,5,True,,,,,,,,,,,,
730123723095405367,https://www.airbnb.com.vn/rooms/730123723095405367,,14,10.839076592414408,106.82988289743662,REGULAR,,Căn hộ 3PN khu Vinhome view Sông,entire_home,False,,/ đêm,6.0,True,True,True,,True,True,False,,,,,True,True,True,,,True,,1.312,₫1.312.354,,,,,,,,,,,,,,,,,,,,,,,,
45892635,https://www.airbnb.com.vn/rooms/45892635,Quận 9,30,10.82041,106.8327,REGULAR,,"Căn hộ vinhomes grandpark ,2 pn,2 giường ,2wc",entire_home,False,,/ đêm,4.0,True,True,True,,True,,,"4,83",6,True,,True,True,True,True,True,,,,,,,,,,,,,,,,,,,,,,,,,,,,
891611038469001544,https://www.airbnb.com.vn/rooms/891611038469001544,Quận 2,28,10.7766736,106.7536399,REGULAR,,DuplexHighclass 2Br-FelizenVista,entire_home,False,,/ đêm,4.0,True,,,,True,True,False,,,,,True,True,,,,True,,,,True,True,,,,,,,,,,,,,,,,,,,,True,,
850290506860663416,https://www.airbnb.com.vn/rooms/850290506860663416,,6,10.79295,106.77305,REGULAR,,Morndern villa 3 bedrooms at Lakeview City,entire_home,False,,/ đêm,6.0,True,True,,,True,True,False,,,True,,True,True,True,,,True,,,,,,,,,,,,,,,,,,,,,,,,,,,
44468369,https://www.airbnb.com.vn/rooms/44468369,Quận 2,21,10.78699,106.76109,REGULAR,,♥ Phòng ban công ấm cúng với hồ bơi trên mái nhà trong D2♥,private_room,False,,/ đêm,2.0,True,True,,,True,,False,"4,5",4,,,True,True,True,True,,,False,422.182,₫422.182,,,,,,,,,False,True,5,True,,,,,,,,,,,,
28955739,https://www.airbnb.com.vn/rooms/28955739,Vĩnh Cửu,9,11.11124,106.97335,REGULAR,,Nhà sinh thái Ba Đạt | Nơi ít người biết đến,private_room,False,,/ đêm,2.0,True,,,,True,,False,,2,,,True,,,,,,False,744.589,₫744.589,,True,,,,,,,False,False,8,True,,True,True,,,,,,,,,
815796881308686099,https://www.airbnb.com.vn/rooms/815796881308686099,Quận 9,26,10.83631,106.82964,REGULAR,,"Căn hộ 1 phòng ngủ hiện đại, 1 phòng ngủ Vinhome Q9",entire_home,False,,/ đêm,2.0,True,True,,,,True,,,,True,True,True,True,True,True,,True,,687.059,₫687.059,,,,,,,,,,,,,,,,,,,,,,,,
20617147,https://www.airbnb.com.vn/rooms/20617147,Quận 1,11,10.7777,106.75581,REGULAR,,Feliz En Vista D2 - The Murphy Room,private_room,False,,/ đêm,2.0,True,True,,,True,True,False,,,,,True,True,,,,,,,,True,,,True,,,,,False,True,,True,,,,,,,,,,,,
47479900,https://www.airbnb.com.vn/rooms/47479900,thành phố Biên Hòa,22,10.95303,106.82847,REGULAR,,Căn hộ cao cấp có hồ bơi,entire_home,False,,/ đêm,4.0,True,,True,True,,,False,"4,75",4,,,True,True,True,,,,,1.521,₫1.521.154,True,,,,,True,,,,,,,True,,,,,,,,,,,
869070174007848507,https://www.airbnb.com.vn/rooms/869070174007848507,Quận 9,14,10.8372,106.83363,REGULAR,,Emma House 3 - Can ho 2PN Vinhomes Grand Park Q9,entire_home,False,,/ đêm,4.0,True,True,,,True,True,,,,,True,True,True,True,True,,,,578.518,₫578.518,,True,,,,,,,,,,,,,,,,,,,,,,
850336044908956942,https://www.airbnb.com.vn/rooms/850336044908956942,Quận 9,30,10.840771359254994,106.83772950589702,REGULAR,,Căn hộ Khu đô thị Vinhomes Grand Park,entire_home,False,,/ đêm,3.0,True,True,True,,,,,,,,True,True,True,True,True,True,,,661.312,₫661.312,,True,,,,,,,,,,,,,,,,,,,,,,
823138796142785610,https://www.airbnb.com.vn/rooms/823138796142785610,Quận 9,30,10.8388,106.83476,REGULAR,,BB Home - Căn hộ studio Vinhomes Sweet,entire_home,False,,/ đêm,2.0,True,True,,,True,,,"5,0",3,,True,True,True,True,True,True,,,,,True,,,,,,,,,,,,,,,,,,,,,,,
788077951962271970,https://www.airbnb.com.vn/rooms/788077951962271970,thành phố Biên Hòa,14,10.9819,106.84103,REGULAR,,Win Phát Motel - 303,private_room,False,,/ đêm,2.0,True,True,True,,True,True,False,,,,,True,,True,,,,,,,,True,,,,,,True,,,,,,,,,,,,,,,,
883659527868463251,https://www.airbnb.com.vn/rooms/883659527868463251,Thủ Đức,5,10.8303278,106.8300637,REGULAR,,"A Kid-Friendly Apt in Origami, Vinhomes Grand Park",entire_home,False,,/ đêm,2.0,True,True,,,,True,False,,,,True,True,True,True,True,True,,,,,,,,,,,,,,,,,,,,,,,,,,,,
877231036613208508,https://www.airbnb.com.vn/rooms/877231036613208508,Long Thạnh Mỹ,6,10.8356279,106.8300166,REGULAR,,Căn hộ khu Origami vườn Nhật,entire_home,False,,/ đêm,4.0,True,True,True,True,,,False,,,,,True,,True,,,,False,,,,,,,,,,,,,,,,,,,,,,,,,,
797400714938053319,https://www.airbnb.com.vn/rooms/797400714938053319,Xuyên Mộc,28,10.55325,107.48974,REGULAR,,"Hotel sạch, mới gần biển Hồ Tràm",private_room,False,,/ đêm,16.0,True,True,,,True,True,False,,,True,True,True,,,,,,False,321.194,₫321.194,,,,,,,,,,,,,,,,,,,,,,,,
823068811105697576,https://www.airbnb.com.vn/rooms/823068811105697576,Quận 9,30,10.84117,106.83703,REGULAR,,Căn hộ Khu đô thị Vinhomes Grand Park,entire_home,False,,/ đêm,3.0,True,True,,,,True,,,,,True,True,True,True,True,True,,,696.118,₫696.118,,True,,,,,,,,,,,,,,,,,,,,,,
53929651,https://www.airbnb.com.vn/rooms/53929651,Quận 9,24,10.83707,106.8302,REGULAR,,"APHÓN Homedy-1BR*FullFurnished/Beds:1,8m/Largeview",entire_home,False,,/ đêm,3.0,True,True,,,True,,False,"5,0",8,True,True,True,True,,,,True,False,638.956,₫638.956,,,,,,,,,,,,,,,,,,,,,,,,
616174766001114015,https://www.airbnb.com.vn/rooms/616174766001114015,Quận 2,10,10.789468,106.768219,REGULAR,,LaAstoria Row Houses-Dist 2-3a Đồi Sao Homestay,private_room,False,,/ đêm,2.0,True,,,,True,True,False,"4,87",15,True,,True,True,True,,,,False,513.530,₫513.530,,,,,,,,,True,True,1,True,,,,,,,,,,,,
21952634,https://www.airbnb.com.vn/rooms/21952634,An Phú,14,10.80812,106.75296,REGULAR,,Xin Chào Mini House 306,private_room,False,,/ đêm,1.0,True,True,True,True,True,,False,,1,,,True,,True,,,,,289.362,₫289.362,,,,,,,,True,False,True,6,True,,,,,,,,,,,,
50112680,https://www.airbnb.com.vn/rooms/50112680,Quận 9,25,10.83674,106.83374,REGULAR,,Căn hộ 2 phòng ngủ + không gian làm việc riêng VinGrandpark,entire_home,False,,/ đêm,4.0,True,True,True,,,,False,"5,0",4,True,True,True,True,True,True,,,,,,,,,,,,,,,,,,,,,,,,,,,,,
612686225908519267,https://www.airbnb.com.vn/rooms/612686225908519267,Quận 2,30,10.776867,106.755005,REGULAR,,"Hoàn toàn mới! Căn hộ 1 phòng ngủ ấm cúng ở Feliz En Vista, Quận 2",entire_home,False,,/ đêm,3.0,True,True,,,,,False,"4,76",34,,,True,True,True,,,,,1.559,₫1.559.609,True,True,,True,,,,,,,,,,,,,,,,,,True,,
618498169497451577,https://www.airbnb.com.vn/rooms/618498169497451577,Quận 9,30,10.839333,106.831726,REGULAR,,1 Phòng ngủ  và 1 sofa giường,entire_home,False,,/ đêm,4.0,True,,True,True,,,False,"5,0",22,,,True,True,True,,True,,,433.647,₫433.647,,,,True,True,,,,,,,,,,,,,,,,,,,
828706867164670123,https://www.airbnb.com.vn/rooms/828706867164670123,Quận 9,10,10.804609,106.7961098,REGULAR,,Căn hộ HQ The Eastern 3PN 98m,entire_home,False,,/ đêm,6.0,True,True,True,True,True,True,False,,,,,True,True,True,,,,,855.883,₫855.883,,,,,,,,,,,,,,,,,,,,,,,,
632402948728626061,https://www.airbnb.com.vn/rooms/632402948728626061,Quận 2,30,10.792153358459473,106.76102447509766,REGULAR,,"Palm Heights Apt- Peaceful, salt water pool free",entire_home,False,,/ đêm,4.0,True,True,,,,,,"4,85",20,True,,True,True,True,True,,True,,1.244,₫1.244.785,,True,,True,,,,,,,,,,,,,,,,,,,,
795893842527520394,https://www.airbnb.com.vn/rooms/795893842527520394,Quận 9,9,10.83358,106.8306,REGULAR,,Kỳ nghỉ tuyệt vời 01 giường,entire_home,False,,/ đêm,2.0,True,True,True,,True,True,False,,,,,True,True,True,,,,False,532.549,₫532.549,,,,,,,,,,,,,,,,,,,,,,,,
616467748214967088,https://www.airbnb.com.vn/rooms/616467748214967088,Quận 2,8,10.789423,106.768234,REGULAR,,LaAstoria Row Houses-Dist 2-2b Đồi Sao Homestay,private_room,False,,/ đêm,4.0,True,True,,,True,True,False,"5,0",7,True,,True,True,,,,,False,684.706,₫684.706,,,,,,,,,True,True,1,,,,,,,,,,False,,,
633645080069822825,https://www.airbnb.com.vn/rooms/633645080069822825,Quận 2,20,10.8064326,106.7510643,REGULAR,,Căn hộ Arista số1 với Ban công lớn,entire_home,False,,/ đêm,2.0,True,True,True,True,True,True,False,"4,83",12,,,True,,True,True,,,,906.095,₫906.095,,,,,,,,,,,,,,,,,,,,,,,,
557162342929643396,https://www.airbnb.com.vn/rooms/557162342929643396,Quận 9,30,10.87806,106.8363,REGULAR,,"S12, nhà nghỉ dưỡng 3 phòng ngủ đáng yêu với hồ bơi S1",entire_home,False,,/ đêm,7.0,True,,True,True,,,,,,True,,True,True,True,True,,,,,,,,,,,,,,,,,,True,,,,,,True,,,,,
771423464946809793,https://www.airbnb.com.vn/rooms/771423464946809793,Quận 9,30,10.8297164,106.8299281,REGULAR,,Căn hộ 3 tầm nhìn với văn phòng làm việc đẹp,entire_home,False,,/ đêm,5.0,True,True,,,,True,False,,,True,,True,True,True,True,,,,,,,,,True,,,,,,,,,,,,,,,,,,,,
770173485598977508,https://www.airbnb.com.vn/rooms/770173485598977508,Thu Duc,30,10.83778,106.83925,REGULAR,,VinhomesS1003# 01BedroomPlus#Nhà bếp# Máy giặt,entire_home,False,,/ đêm,3.0,True,True,True,,,,False,,,True,,True,True,True,,,True,,855.883,₫855.883,,,,,,,,,,,,,,,,,,,,,,,,
32564451,https://www.airbnb.com.vn/rooms/32564451,thành phố Biên Hòa,6,10.98197,106.88709,REGULAR,,Ku Ku Homestay,private_room,False,,/ đêm,2.0,True,,True,True,,,False,,,,,True,,True,,,,False,,,,,True,,,,,True,False,True,,True,,,,,,,,,,,,
717570951018535044,https://www.airbnb.com.vn/rooms/717570951018535044,Thống Nhất,30,11.0517662,107.1565809,REGULAR,,Retreat at Farmhouse & Organic Meals,private_room,False,,/ đêm,4.0,True,True,,,True,True,False,,,True,,True,,,,,True,False,2.719,₫2.719.415,,,,,,,,,False,True,,True,,,,,,,,,,,,
877378129829533463,https://www.airbnb.com.vn/rooms/877378129829533463,Thủ Đức,14,10.86318,106.79383,REGULAR,,1 Bedroom 60m2  Masteri Dist 2,entire_home,False,,/ đêm,2.0,True,,True,True,,,False,,,,,True,,True,,,True,False,,,,True,,,,,,,,,,,,,,True,,,,,,,,
829230177857814606,https://www.airbnb.com.vn/rooms/829230177857814606,thành phố Biên Hòa,20,10.8916628,106.8634886,REGULAR,,homstay hương rừng,entire_home,False,,/ đêm,8.0,True,True,True,True,True,True,False,,,,,True,,True,,,,False,760.784,₫760.784,,,,,,,,,,,,,,,,,,,,,,,,
730924065742933752,https://www.airbnb.com.vn/rooms/730924065742933752,Quận 9,30,10.83829,106.84379,REGULAR,,Homestay Sài Gòn-Vinhomes Grand Park Quận 9-2PN,entire_home,False,,/ đêm,5.0,True,True,,,,,False,,,True,,True,True,True,True,True,True,,976.945,₫976.945,,,,,,,,,,,,,,,,,,,,,,,,
850836740651141190,https://www.airbnb.com.vn/rooms/850836740651141190,,10,10.84382,106.83767,REGULAR,,VinhomesS901# Ban côngStudio#Nhà bếp# Máy giặt,entire_home,False,,/ đêm,2.0,True,,True,,True,,False,,,,,True,True,True,True,True,True,,741.765,₫741.765,,,,,,,,,,,,,,,,,,,,,,,,
557161792783077307,https://www.airbnb.com.vn/rooms/557161792783077307,Quận 9,30,10.87984,106.83795,REGULAR,,"S25, Nhà nghỉ 3 phòng ngủ đáng yêu có bể bơi.",entire_home,False,,/ đêm,6.0,True,,True,True,,,,"5,0",6,True,,True,True,True,True,,True,,1.075,₫1.075.250,,True,,,,,,,,,,,,,,,,,,,,,,
885803323013057045,https://www.airbnb.com.vn/rooms/885803323013057045,Nhơn Trạch,9,10.73517,106.83162,REGULAR,,A Fresh-Cosy Apt. in Swanbay-Dong Nai,entire_home,False,,/ đêm,2.0,True,True,True,True,,,False,,,,,True,True,True,,,,,,,,,True,,True,,,,,,,,,,,,,,,,,,,
822170965538483271,https://www.airbnb.com.vn/rooms/822170965538483271,Quận 9,30,10.83788,106.83154,REGULAR,,Căn hộ Khu đô thị Vinhomes Grand Park,entire_home,False,,/ đêm,2.0,True,True,,,,True,,,,,True,True,True,True,True,True,,,661.312,₫661.312,,True,,,,,,,,,,,,,,,,,,,,,,
822894884645907344,https://www.airbnb.com.vn/rooms/822894884645907344,Quận 9,30,10.84242,106.83303,REGULAR,,"căn hộ studio tiện nghi NgọcLinh.
S10.01.0619",entire_home,False,,/ đêm,2.0,True,True,True,,,True,,,,,True,True,True,True,True,True,,,684.706,₫684.706,,,,,,,,,,,,,,,,,,,,,,,,
785644215230368381,https://www.airbnb.com.vn/rooms/785644215230368381,Quận 9,7,10.82861,106.8304,REGULAR,,Căn hộ cao cấp 1 phòng ngủ đẹp.,entire_home,False,,/ đêm,2.0,True,True,True,True,,True,False,,,,,True,True,True,True,,,,650.471,₫650.471,,,,,,,,,,,,,,,,,,,,,,,,
14977006,https://www.airbnb.com.vn/rooms/14977006,Nam Cat Tien,25,11.42595,107.43515,REGULAR,,Nhà nghỉ Green Hope thôn Cát Tiên,private_room,False,,/ đêm,4.0,,,True,True,True,,False,"5,0",15,,,True,,,,,True,False,669.159,₫669.159,,,True,,,,,True,True,True,7,True,,,,,,,,,,,,
35581966,https://www.airbnb.com.vn/rooms/35581966,District 9,13,10.80745,106.7876,REGULAR,,New studio 301 - Liên Phường - Dist.9,entire_home,False,,/ đêm,2.0,True,,,True,,,False,"5,0",3,,,True,,True,True,,,False,627.647,₫627.647,,,,,,,,,,,,,,,,,,,,,,,,
860616987692634953,https://www.airbnb.com.vn/rooms/860616987692634953,Quận 2,16,10.8054731,106.7516501,REGULAR,,Căn hộ 2 phòng ngủ cao cấp 101m2,entire_home,False,,/ đêm,5.0,True,True,True,,True,,False,,,,,True,True,True,,,,,1.596,₫1.596.507,True,True,,,,,,,,,,,,,,,,,,,,,,
698455146401637633,https://www.airbnb.com.vn/rooms/698455146401637633,Quận 9,14,10.83797,106.83089,REGULAR,,Căn hộ ấM cúng 28m2 -  Quận 9,entire_home,False,,/ đêm,2.0,True,,True,True,,True,False,"5,0",3,True,,True,True,True,,,,,634.706,₫634.706,,,,,,,,,,,,,,,,,,,,,,,,
826524230126208922,https://www.airbnb.com.vn/rooms/826524230126208922,Quận 2,24,10.81284,106.75746,REGULAR,,"Masteri An Phú Quân 2, Rio Building, 2 giường 2 phòng tắm",entire_home,False,,/ đêm,4.0,True,True,True,True,,True,,"5,0",3,,,True,True,True,True,,,,1.289,₫1.289.530,,,,,True,,,,,,,,,,,,,,,,,,,
671598974709459858,https://www.airbnb.com.vn/rooms/671598974709459858,Quận 9,10,10.84426,106.83945,REGULAR,,2PN+(2WC) phong cách Đông Dương 2,entire_home,False,,/ đêm,4.0,,True,,True,True,,False,,,,,True,True,True,True,True,,,,,,True,,,,,,,,,,,,,,,,,,,,,,
770146886152538392,https://www.airbnb.com.vn/rooms/770146886152538392,Thu Duc,30,10.83709,106.83956,REGULAR,,VinhomesS1001# 1BedroomPlus#Nhà bếp# Máy giặt,entire_home,False,,/ đêm,3.0,True,True,,,True,,False,"4,8",5,True,,True,True,True,True,,True,,,,,,,,,,,,,,,,,,,,,,,,,,,
888326725106239553,https://www.airbnb.com.vn/rooms/888326725106239553,Phú Hữu,1,10.795035211548972,106.8114363275589,REGULAR,,"Room for rent, clean and tidy",private_room,False,,/ đêm,2.0,True,True,,,True,True,False,,,,,True,True,True,,,True,False,,,,,,,,,,,,,,,,,,,,,,,,,,
658946617430132599,https://www.airbnb.com.vn/rooms/658946617430132599,Quận 9,12,10.840265313791258,106.83726467192173,REGULAR,,3PN2WC Vinhomes Grand Park,entire_home,False,,/ đêm,6.0,True,True,,,True,,False,,,,,True,True,True,True,,,,,,True,True,,,,,,,,,,,,,,,,,,,,,,
691524027713747545,https://www.airbnb.com.vn/rooms/691524027713747545,Quận 2,16,10.80577,106.75205,REGULAR,,Căn hộ 2 tầng Arista số16 có ban công,entire_home,False,,/ đêm,2.0,True,True,True,True,True,True,False,"4,57",7,,,True,,True,,,,,893.922,₫893.922,,,,,,,,,,,,,,,,,,,,,,,,
859350343792441235,https://www.airbnb.com.vn/rooms/859350343792441235,Quận 9,5,10.82948,106.82883,REGULAR,,cănhộ to 67m 2pn 1nệm to giá ổn,entire_home,False,,/ đêm,5.0,True,True,True,,True,True,False,,,,,True,,True,,,,,,,,,,,,,,,,,,,,,,,,,,,,,,
670882046995647609,https://www.airbnb.com.vn/rooms/670882046995647609,Thạnh Mỹ Lợi,30,10.77671,106.75529,REGULAR,,*️DuplexHighclass 2Br -FelizenVista.D2 ~,entire_home,False,,/ đêm,4.0,True,True,,,,,False,"5,0",16,,,True,True,,,,True,False,1.359,₫1.359.332,True,,,,,,,,,,,,,,,,,,,,,True,,
704040672945350550,https://www.airbnb.com.vn/rooms/704040672945350550,,16,10.84341638633303,106.83771765076447,REGULAR,,Eco-Min Căn hộ cao cấp Vinhomes - The Origami,entire_home,False,,/ đêm,2.0,True,True,,,,True,False,"5,0",12,,True,True,True,True,True,,True,,717.311,₫717.311,,,,,,,,,,,,,,,,,,,,,,,,
879306279566073332,https://www.airbnb.com.vn/rooms/879306279566073332,Nam Cát Tiên,21,11.42441,107.43243,REGULAR,,Sunny xin chào quý khách,private_room,False,,/ đêm,16.0,True,True,True,True,True,,,,,,,True,,True,,,,,,,,,,,,,,,,,,,,,,,,,,,,,,
616161422762957472,https://www.airbnb.com.vn/rooms/616161422762957472,Quận 2,9,10.789433,106.768219,REGULAR,,LaAstoria Row Houses-Dist 2-1b Đồi Sao Homestay,private_room,False,,/ đêm,2.0,True,True,True,,True,True,False,,,,,True,,True,,,,False,627.647,₫627.647,,,,,,,,,True,True,,True,,,,,,,,,,,,
693164141899243564,https://www.airbnb.com.vn/rooms/693164141899243564,Tân Thành,11,10.59066,107.05437,REGULAR,,Khu biệt thự nghĩ dưỡng có bể bơi !,entire_home,False,,/ đêm,14.0,True,True,True,True,True,True,False,,,,,True,True,True,,,,,456.471,₫456.471,,,,,,,,,,,,,,,,,,,,,,,,
884562566511242447,https://www.airbnb.com.vn/rooms/884562566511242447,Quận 9,5,10.8251479,106.7644492,REGULAR,,Dt homes căn hộ dịch vụ cho thuê,private_room,False,,/ đêm,2.0,True,True,True,True,True,True,,,,,,True,,True,,,,,,,,,,,,,,,False,True,,True,,,,,,,,,,,,
831734596900019524,https://www.airbnb.com.vn/rooms/831734596900019524,Quận 9,30,10.83975,106.8384,REGULAR,,Căn hộ Khu đô thị Vinhomes Grand Park 1 PN,entire_home,False,,/ đêm,3.0,True,True,,,,True,,,,,True,True,True,True,True,True,,,661.312,₫661.312,,True,,,,,,,,,,,,,,,,,,,,,,
877231834395372330,https://www.airbnb.com.vn/rooms/877231834395372330,Quận 9,5,10.84482997571181,106.84011083096266,REGULAR,,"Yên tĩnh, không khí trong lành.",entire_home,False,,/ đêm,4.0,True,True,True,,True,,False,,,,,True,True,True,,,True,,,,True,,,,,,,,,,,,,,,,,,,,,,,
870809381054418451,https://www.airbnb.com.vn/rooms/870809381054418451,Cát Lái,22,10.779479728096668,106.76732823127745,REGULAR,,Chambres à louer dans une maison au district 2,private_room,False,,/ đêm,4.0,True,True,True,True,True,True,,,,,,True,,True,,,,False,,,,,,,,,,,False,True,,True,,,,,,,,,,,,
703346569980974650,https://www.airbnb.com.vn/rooms/703346569980974650,Quận 9,5,10.826208,106.761708,REGULAR,,Cho thuê căn hộ dịch vụ  DT HOMES,private_room,False,,/ đêm,4.0,True,,True,True,True,True,False,,,,,True,,,,,,,,,,,,,,,,,,,,,,,,,,,,,,,,
732820450473049516,https://www.airbnb.com.vn/rooms/732820450473049516,Quận 2,22,10.7910208,106.7745673,REGULAR,,Ở studio 2-A1 studio đầy đủ tiện nghi @ D2,private_room,False,,/ đêm,2.0,True,True,True,True,True,True,False,,,,,True,,True,,,,False,,,,,,,,,,,,,,,,,,,,,,,,,,
883776381559233934,https://www.airbnb.com.vn/rooms/883776381559233934,,29,11.535565,106.89349,REGULAR,,luxury 2 bedroom apartment,entire_home,False,,/ đêm,4.0,True,True,,,True,True,,,,True,,True,True,,,,True,,,,True,True,,,,,,,,,,,,,,,,,,,,,,
877416395388929699,https://www.airbnb.com.vn/rooms/877416395388929699,Quận 9,5,10.848772846724662,106.83141209185123,REGULAR,,CănHộ 1pn+ 2 Giường ngủ tại VHGP,entire_home,False,,/ đêm,5.0,True,True,True,True,,True,False,,,,,True,True,True,,True,,,515.812,₫515.812,,,,,,,,,,,,,,,,,,,,,,,,
730864360044401257,https://www.airbnb.com.vn/rooms/730864360044401257,Quận 9,30,10.8386347,106.8312726,REGULAR,,"Căn Hộ Chung Cư Cao Cấp Có View Vườn Nhật,Hồ Bơi",entire_home,False,,/ đêm,5.0,True,True,True,,,,,,,True,,True,True,True,True,True,,,1.042,₫1.042.568,,,,,,,,,,,,,,,,,,,,,,,,
670093326062702576,https://www.airbnb.com.vn/rooms/670093326062702576,thành phố Biên Hòa,8,10.96732,106.79599,REGULAR,,Nhà nhỏ có sân,private_room,False,,/ đêm,2.0,True,True,True,True,,,False,,,,,True,,True,,,,False,399.412,₫399.412,,,,,,,,,False,False,,True,,,,,,,,,,,,
47930669,https://www.airbnb.com.vn/rooms/47930669,Cát Lái,30,10.75838,106.78946,REGULAR,,The River Home,entire_home,False,,/ đêm,12.0,True,,True,,,,False,,,,,True,True,True,,,True,,,,,True,,,True,,,,,,,,,,,,,,,,,,,
823138804418235471,https://www.airbnb.com.vn/rooms/823138804418235471,Thủ Đức,30,10.84065,106.83226,REGULAR,,BB Home - Căn hộ Vinhomes Studio có tầm nhìn ra hồ bơi,entire_home,False,,/ đêm,2.0,True,True,,,True,,,"5,0",3,,True,True,True,True,True,,,,,,,True,,True,,,,,,,,,,,,,,,,,,,,
44973334,https://www.airbnb.com.vn/rooms/44973334,Quận 9,23,10.88802,106.83463,REGULAR,,APHÓN Homedy-2BR*fullfurnished&largeview-relaxin,entire_home,False,,/ đêm,5.0,True,True,,,True,,,"4,93",14,True,,True,True,True,True,,True,,915.753,₫915.753,True,,,,,,,,,,,,,,,,,,,,,,,
718498711938322748,https://www.airbnb.com.vn/rooms/718498711938322748,Quận 9,7,10.84158,106.838,REGULAR,,HomestayPlus 2PN view Vườn Nhật,entire_home,False,,/ đêm,4.0,True,True,True,,True,,False,,,True,,True,True,True,,,,,,,,,,,,,,,,,,,,,,,,,,,,,,
588925411911351058,https://www.airbnb.com.vn/rooms/588925411911351058,Bình Châu,6,10.59853,107.56667,REGULAR,,Ngôi nhà gỗ ấm cúng gần suối nước nóng Bình Châu,entire_home,False,,/ đêm,2.0,True,,,True,True,,False,,,True,,True,,True,,,,False,,,,,,,,,True,,,,,,,,,,True,,,,,,,
801006331168204017,https://www.airbnb.com.vn/rooms/801006331168204017,thành phố Biên Hòa,7,10.942831179146376,106.85900296885553,REGULAR,,"Nhà nghỉ sạch sẽ giá bình dân, có chỗ để xe hơi",private_room,False,,/ đêm,2.0,,,,True,True,True,False,,,,,True,,True,,,,False,267.670,₫267.670,,,,,,,,,,,,,,,,,,,,,,,,
629191048172352140,https://www.airbnb.com.vn/rooms/629191048172352140,Quận 9,10,10.8351098,106.8427972,REGULAR,,"Cho thuê căn hộ 2PN+ , 700K/ngày",entire_home,False,,/ đêm,4.0,True,True,True,True,True,True,,,,,,True,True,True,,,True,,977.536,₫977.536,,,,,,,,,,,,,,,,,,,,,,,,
697492584323014182,https://www.airbnb.com.vn/rooms/697492584323014182,Quận 9,28,10.8354623,106.8490852,REGULAR,,CoolView&FullyFurnished 1BR+ Căn hộ VinhomesGrandPark,entire_home,False,,/ đêm,2.0,True,True,,,,True,False,,,,,True,True,True,,,True,,401.421,₫401.421,,,,True,,,,,,,,,,,,,,,,,,,,
664692845753231559,https://www.airbnb.com.vn/rooms/664692845753231559,Quận 9,9,10.83998,106.83487,REGULAR,,2PN+(2WC) phong cách Indochine,entire_home,False,,/ đêm,4.0,,True,,True,True,,False,"4,25",4,,,True,True,True,True,True,,,1.334,₫1.334.113,,True,,,,,,,,,,,,,,,,,,,,,,
671600091600643519,https://www.airbnb.com.vn/rooms/671600091600643519,Quận 9,10,10.8439,106.83735,REGULAR,,1PN+ S705 Vinhomes Grand Park 1,entire_home,False,,/ đêm,2.0,True,True,,True,True,True,False,,,,,True,True,True,,,,,1.007,₫1.007.533,,True,,,,,,,,,,,,,,,,,,,,,,
631776141295167581,https://www.airbnb.com.vn/rooms/631776141295167581,thành phố Biên Hòa,20,10.951503,106.82869,REGULAR,,Căn hộ cao cấp có sân vườn tại Biên Hòa,entire_home,False,,/ đêm,4.0,True,,True,True,,True,False,,,True,,True,True,True,True,,,,1.716,₫1.716.001,,,,,,,,,,,,,,,,,,,,,,,,
557112919287921848,https://www.airbnb.com.vn/rooms/557112919287921848,Quận 9,30,10.87858,106.83759,REGULAR,,S11 Nhà nghỉ dưỡng 3 phòng ngủ đáng yêu với hồ bơi  S1-11,entire_home,False,,/ đêm,6.0,True,,True,True,,,,,,,,True,True,True,True,,True,,1.020,₫1.020.407,,True,,,,,,,,,,,,,,,,,,,,,,True
693749970775949686,https://www.airbnb.com.vn/rooms/693749970775949686,Vĩnh Cửu,10,11.2202888,107.172085,REGULAR,,Trải nghiệm camping với lều 2 người tại hồ Trị An,entire_home,False,,/ đêm,2.0,,,,,True,,False,,,,,True,,,,,,False,661.883,₫661.883,,True,,,,,,,,,,,,,True,,,,,,,,,
694585001690482212,https://www.airbnb.com.vn/rooms/694585001690482212,Thu Duc,25,10.8367344,106.840157,REGULAR,,VinhomesS902#STUDIO#Balcony#Kitchen+Washingmachine,entire_home,False,,/ đêm,2.0,True,True,,,True,True,False,,,,,True,True,,,,True,,741.765,₫741.765,,,,True,,,,,,,,,,,,,,,,,,,,
756417833810815259,https://www.airbnb.com.vn/rooms/756417833810815259,Quận 1,20,10.77875,106.75571,REGULAR,,2brs DuplexFelizEnVista Hồ bơi lớn và Vị trí tuyệt vời,entire_home,False,,/ đêm,4.0,True,True,,,,True,False,,,,,True,True,,,,,False,,,True,True,,True,,,,,,,,,,,,,,,,,,,,
33568548,https://www.airbnb.com.vn/rooms/33568548,Quận 2,30,10.77525,106.75209,REGULAR,,2 PHÒNG NGỦ - quận 2 HỒ BƠI THỂ dục miễn phí,entire_home,False,,/ đêm,5.0,True,,True,True,True,,,"4,8",5,,,True,True,True,True,,,,1.260,₫1.260.347,,,True,,,,,,,,,,,,,True,,,,,,,,
766313192611901803,https://www.airbnb.com.vn/rooms/766313192611901803,Quận 9,17,10.8372192,106.8306147,REGULAR,,Vinhomes - Nơi nghỉ ngơi cho gia đình của bạn,entire_home,False,,/ đêm,6.0,True,True,,,,True,False,"5,0",4,True,,True,True,,,,True,,1.386,₫1.386.530,True,,,True,,,,,,,,,,,,,,,,,,,,
16670567,https://www.airbnb.com.vn/rooms/16670567,Quận 9,9,10.84696,106.83836,REGULAR,,Căn hộ 02 phòng được trang bị đầy đủ tiện nghi.,private_room,False,,/ đêm,6.0,True,,,,,True,False,,,,,True,True,True,True,,True,,916.612,₫916.612,True,,,,,,,,True,True,,,,,,,,,,,False,,,
816894090224772104,https://www.airbnb.com.vn/rooms/816894090224772104,Long Thạnh Mỹ,10,10.843639769273764,106.83746081778116,REGULAR,,"Căn hộ luxury, 4 đến 7 người",entire_home,False,,/ đêm,7.0,True,,True,True,,,False,,,,,True,True,True,,,True,,1.141,₫1.141.177,,,,,True,,,,,,,,True,,,,,,,,,,,
733021958160514752,https://www.airbnb.com.vn/rooms/733021958160514752,Quận 7,25,11.543139880413332,106.92072495818138,REGULAR,,Căn hộ chung cư cao Cấp có hồ bơi miễn phí,private_room,False,,/ đêm,4.0,True,True,,,True,True,,,,True,,True,True,True,,True,,,,,,True,,,,,,,,,,,,,,,,,,,,,,
693746795250734857,https://www.airbnb.com.vn/rooms/693746795250734857,Vĩnh Cửu,5,11.18953,107.12418,REGULAR,,Bungalow 1pn tiện nghi tại hồ Trị An,entire_home,False,,/ đêm,2.0,,,,,True,,False,,,,,True,,,,,,False,2.054,₫2.054.119,,,,,,,,,,,,,,,,,,,,,,,,
848304817265549987,https://www.airbnb.com.vn/rooms/848304817265549987,Quận 9,7,10.83639,106.83029,REGULAR,,công viên vinhomes,entire_home,False,,/ đêm,6.0,True,True,True,True,,True,,,,,,True,True,True,,,,,1.004,₫1.004.236,,True,True,,,,,,,,,,,,,,,,,,,,,
46645633,https://www.airbnb.com.vn/rooms/46645633,Quận 9,9,10.80009,106.79394,REGULAR,,"Cho thuê phòng chung cư, tiện ích đẳng cấp resort",private_room,False,,/ đêm,1.0,True,True,True,True,True,,,"5,0",4,,,True,True,,,,True,,461.541,₫461.541,,,,True,,,,,True,True,2,True,,,,,,,,,,,,
41943694,https://www.airbnb.com.vn/rooms/41943694,Quận 2,10,10.78463,106.76874,REGULAR,,Kha Thy Hotel - Cao cấp ban công ( 21m2),private_room,False,,/ đêm,2.0,,,True,True,True,,False,"4,4",5,,,True,,True,True,,,,456.471,₫456.471,,,True,,,,,,,,,,,,,,,,,,,,,
615430357513428757,https://www.airbnb.com.vn/rooms/615430357513428757,,27,10.84423,106.83982,REGULAR,,Căn hộ 2 phòng ngủ đáng yêu có hồ bơi và công viên,entire_home,False,,/ đêm,5.0,True,True,True,True,,True,,,,True,,True,True,True,,,,,912.942,₫912.942,,,,,,True,,,,,,,,,,,,,,,,,,
730108000421869873,https://www.airbnb.com.vn/rooms/730108000421869873,Quận 9,10,10.8661385,106.8381734,REGULAR,,Căn hộ 1 phòng ngủ + Uyên Chi Vinhomes Grandbak TP HCM,entire_home,False,,/ đêm,2.0,True,True,True,True,,True,False,,,,,True,True,True,True,,,,684.706,₫684.706,,,,,,,,,,,,,,,,,,,,,,,,
42207421,https://www.airbnb.com.vn/rooms/42207421,Quận 9,30,10.78842,106.80481,REGULAR,,Biệt thự rộng 250m2 Andy Luxyry tại Khu dân cư hỗn hợp,entire_home,False,,/ đêm,6.0,True,True,,,True,,False,,,True,,True,True,True,,,,,1.288,₫1.288.024,,True,,,,,,,,,,,,,,,,,,,,,,
47362398,https://www.airbnb.com.vn/rooms/47362398,Quận 2,11,10.79511,106.77539,REGULAR,,Homestay sang trọng với hồ bơi - LakeView City,private_room,False,,/ đêm,3.0,True,True,,,True,,False,,,,,True,True,,,,True,False,,,,True,,,,,,,False,True,,True,,,,,,,,,,,,
820735963992747250,https://www.airbnb.com.vn/rooms/820735963992747250,Quận 2,16,10.78866,106.77071,REGULAR,,Truyền cảm hứng 1 phòng ngủ với hồ bơi và phòng tập thể dục giữa thế kỷ,entire_home,False,,/ đêm,2.0,True,True,True,True,,True,False,"5,0",4,,,True,True,True,True,,,,958.589,₫958.589,,,,,,,,,,,,,,,,,,,,,,,,
839000847279646390,https://www.airbnb.com.vn/rooms/839000847279646390,Quận 9,30,10.84183,106.83686,REGULAR,,Căn hộ Khu đô thị Vinhomes Grand Park,entire_home,False,,/ đêm,3.0,True,True,,,,True,,,,,True,True,True,True,True,True,,,661.312,₫661.312,,True,,,,,,,,,,,,,,,,,,,,,,
818388352123623199,https://www.airbnb.com.vn/rooms/818388352123623199,Dĩ An,22,10.91552,106.7667,REGULAR,,KHUYẾN MÃI LỚN Căn hộ Charm City 2 phòng ngủ sang trọng,entire_home,False,,/ đêm,4.0,True,True,,,True,,False,,,True,,True,True,True,,,True,,,,,,,True,,,,,,,,,,,,,,,,,,,,
830305212208516983,https://www.airbnb.com.vn/rooms/830305212208516983,Xuyên Mộc,7,10.527204123850971,107.397033206143,REGULAR,,Hồ Trầm đáng yêu nhà khách,private_room,False,,/ đêm,2.0,True,,True,True,True,True,False,,,,True,True,,,,,,False,342.353,₫342.353,,,,,,,,,,,,,,,True,,,,,,,,,
22461947,https://www.airbnb.com.vn/rooms/22461947,Tan Phu,12,11.42712,107.43524,REGULAR,,Sống cùng gia đình bản xứ Nam Cát Tiên,private_room,False,,/ đêm,10.0,,,True,True,True,,False,"4,5",3,,,True,,,,,,False,365.177,₫365.177,,True,True,,,,,,,,,,,,,,,,,,,,,
700926280271541335,https://www.airbnb.com.vn/rooms/700926280271541335,Nam Cát Tiên,15,11.42626,107.43163,REGULAR,,"Homestay Đất Việt bên sông Đồng Nai  (lầu 2, p.gỗ)",private_room,False,,/ đêm,4.0,,True,,True,,,False,,,,,True,,,,,True,False,945.547,₫945.547,,True,,,,True,True,,False,False,,True,,,,,,,,,,,,
36182779,https://www.airbnb.com.vn/rooms/36182779,Thủ Đức,15,10.83346,106.76282,REGULAR,,Phòng nhỏ cho bạn.,private_room,False,,/ đêm,1.0,True,,,True,,,False,,,,,True,True,,True,,,False,348.000,₫348.000,,,True,,,,,,False,False,,True,True,,,,,,,,,,,
845550860324926873,https://www.airbnb.com.vn/rooms/845550860324926873,Ho Chi Minh City,7,10.83888000790346,106.83321889489889,REGULAR,,Nice Room in Grand Park,private_room,False,,/ đêm,2.0,True,True,True,True,,,,,,True,True,True,True,,True,,,,482.118,₫482.118,,,,,,,,,False,True,,True,,,,,,,,,,,,
757623009593107539,https://www.airbnb.com.vn/rooms/757623009593107539,Quận 9,30,10.84303,106.83785,REGULAR,,Vinhomes Grand Park Quận 9-Bống House,entire_home,False,,/ đêm,5.0,True,True,True,,,,,,,True,,True,True,True,True,True,True,,976.945,₫976.945,,,,,,,,,,,,,,,,,,,,,,,,
835840016615940681,https://www.airbnb.com.vn/rooms/835840016615940681,Quận 9,30,10.83940687905144,106.83304119855165,REGULAR,,Căn hộ Ngọc Linh 1pn/1wc .S802,entire_home,False,,/ đêm,2.0,True,True,True,,,True,,,,,True,True,True,True,True,True,,,741.765,₫741.765,,,,,,,,,,,,,,,,,,,,,,,,
41197733,https://www.airbnb.com.vn/rooms/41197733,Tân Phú,30,11.42656,107.43554,REGULAR,,Junction Eco-lodge - Nhìn ra mặt nước và đồi,private_room,False,,/ đêm,3.0,,,True,True,True,True,False,"4,67",6,True,,True,,,,,True,False,722.682,₫722.682,,,,,,,,,,,,,,,,,True,,,,,,,
832170431662536688,https://www.airbnb.com.vn/rooms/832170431662536688,Quận 9,5,10.839592925409562,106.83618105947971,REGULAR,,Căn hộ 2pn nội thất đẹp TP Thủ Đức,entire_home,False,,/ đêm,4.0,True,True,True,,,True,False,,,True,,True,True,True,,,True,,761.037,₫761.037,,,,,,,,,,,,,,,,,,,,,,,,
666423788823389561,https://www.airbnb.com.vn/rooms/666423788823389561,,11,10.8378637016749,106.83059376110164,REGULAR,,Căn hộ dịch vụ Vinhome Grand Park Quận 9,entire_home,False,,/ đêm,2.0,True,,True,True,,,False,"4,4",5,,,True,,True,,,,False,721.224,₫721.224,,,,,,,True,,,,,,,,,,,,,,,,,
795893891479653958,https://www.airbnb.com.vn/rooms/795893891479653958,Thủ Đức,5,10.86317,106.79496,REGULAR,,MTD - Vacation with 2Bedrooms,private_room,False,,/ đêm,4.0,True,,True,True,True,True,False,,,,,True,True,True,,,,,,,,,,,,,,,False,True,,True,,,,,,,,,,,,
721376459897143685,https://www.airbnb.com.vn/rooms/721376459897143685,Quận 9,12,10.83794,106.83024,REGULAR,,Căn hộ 3 phòng ngủ Vinhomes Grand Park,entire_home,False,,/ đêm,6.0,True,True,True,True,,,,,,,,True,True,True,,,,,1.487,₫1.487.765,,,True,,,,True,,,,,,,,,,,,True,,,,,
785864131994295451,https://www.airbnb.com.vn/rooms/785864131994295451,Quận 9,14,10.83831,106.83128,REGULAR,,Căn hộ Vinhomes 2PN nghỉ dưỡng,entire_home,False,,/ đêm,4.0,True,True,,,True,True,False,,,,,True,True,True,True,,True,,1.198,₫1.198.236,,,,,,,,,,,,,,,,,,,,,,,,
49184499,https://www.airbnb.com.vn/rooms/49184499,Quận 9,17,10.88935,106.83533,REGULAR,,"Căn hộ 2 phòng ngủ Vinhomes Grandpark Riverview, xe đạp miễn phí",entire_home,False,,/ đêm,5.0,True,,True,,,,False,,,True,True,True,True,True,True,,True,,,,,,,,,,,,,,,,,,,,,,,,,,,
875265224162020530,https://www.airbnb.com.vn/rooms/875265224162020530,Quận 2,8,10.7895707,106.7748392,REGULAR,,"Rooms have windows, for rent 4,4 millions/ month",private_room,False,,/ đêm,,True,True,True,True,True,,False,,,,,True,,,,,,False,,,,,,,,,,,,,,,,,,,,,,,,,,
698105814036404070,https://www.airbnb.com.vn/rooms/698105814036404070,Quận 9,16,10.84678787734621,106.8390242010355,REGULAR,,Căn hộ cao cấp 2 phòng ngủ plus+  siêu đẹp,entire_home,False,,/ đêm,6.0,True,True,True,True,,,False,,,,,True,True,True,,,,,974.236,₫974.236,,,,,,,True,,,,,,True,,,,,,,,,,,
11801138,https://www.airbnb.com.vn/rooms/11801138,District 2,30,10.79274,106.76143,REGULAR,,Một phòng riêng trong căn hộ với tầm nhìn ra thành phố rõ ràng,private_room,False,,/ đêm,1.0,True,True,True,,True,True,False,,,,,True,True,True,,,,,,,,,,,,,,,False,True,,True,,,,,,,,,,,,
721923616532595942,https://www.airbnb.com.vn/rooms/721923616532595942,Quận 9,7,10.83834,106.83173,REGULAR,,Căn hộ 2 phòng ngủ Vinhomes Grand Park,entire_home,False,,/ đêm,5.0,True,True,True,True,,,,,,,,True,True,True,,,,,1.088,₫1.088.353,True,,True,,,,,,,,,,,,,True,,,,,,,,
885874460669410912,https://www.airbnb.com.vn/rooms/885874460669410912,Thủ Đức,30,10.83067,106.83087,REGULAR,,Căn hộ,entire_home,False,,/ đêm,3.0,True,True,True,True,True,True,,,,,,True,True,True,,,True,,,,,,,,,,,,,,,,,,,,,,,,,,,
778571993789636579,https://www.airbnb.com.vn/rooms/778571993789636579,Dĩ An,21,10.9071215,106.7529301,REGULAR,,BGA19 Căn hộ đẹp 1 giường + ban công.,entire_home,False,,/ đêm,2.0,True,,True,True,,True,,,,,,True,True,True,True,,,,,,,,True,,,,,,,,,,True,,,,,,,,,,,
803255250829795221,https://www.airbnb.com.vn/rooms/803255250829795221,Xuyên Mộc,30,10.589033661916986,107.56197620049437,REGULAR,,Biệt thự vườn Quỳnh Anh,entire_home,False,,/ đêm,10.0,True,True,,,True,True,False,,,True,,True,,,,,True,False,4.336,₫4.336.473,,,,,,,,,,,,,,,,,,,,,,,,
774961570941481402,https://www.airbnb.com.vn/rooms/774961570941481402,Phước Long B,30,10.82186,106.77146,REGULAR,,Phong cách nghệ thuật của biệt thự HỒ bơi -  D9,entire_home,False,,/ đêm,7.0,True,True,True,True,True,,False,"4,92",12,,,True,True,True,,,,,4.678,₫4.678.826,True,,,,,,,,,,,,,,,,,,,,,,,
804933356071978590,https://www.airbnb.com.vn/rooms/804933356071978590,Quận 9,13,10.845223474861843,106.83937188237906,REGULAR,,Căn hộ hạng sang An Trú Home,entire_home,False,,/ đêm,6.0,True,True,True,True,True,True,,,,,True,True,True,True,,,,,1.144,₫1.144.001,,,,,,,,,,,,,,,,,,,,,,,,
35241292,https://www.airbnb.com.vn/rooms/35241292,Ho Chi Minh City,12,10.80444,106.79843,REGULAR,,Một studio mới 101 - Liên Phương - Quận 9,entire_home,False,,/ đêm,2.0,True,,True,True,True,,False,"4,9",10,,,True,,True,True,,,False,627.647,₫627.647,,,,,True,,,,,,,,,,,,,,,,,,,
45338070,https://www.airbnb.com.vn/rooms/45338070,Ho Chi Minh city,27,10.776837,106.753806,REGULAR,,Căn hộ ấm cúng 2 phòng ngủ Quận 2,entire_home,False,,/ đêm,4.0,True,True,True,True,,,,"4,71",17,,,True,True,True,True,,,,1.288,₫1.288.078,,True,True,,,,,,,,,,,,,,,,,,,,,
881828416347149700,https://www.airbnb.com.vn/rooms/881828416347149700,Quận 9,8,10.8417181,106.8376409,REGULAR,,Căn hộ 3pn full nội thất đẹp,entire_home,False,,/ đêm,6.0,True,True,True,True,,True,False,,,,,True,True,True,,,,,1.075,₫1.075.967,,,True,,,,,,,,,,,,,,,,,,,,,
47259828,https://www.airbnb.com.vn/rooms/47259828,Quận 9,25,10.837956398002472,106.83285418939187,REGULAR,,Vinhomes Grand Park Homestay House,entire_home,False,,/ đêm,3.0,True,True,,,,True,,,,True,True,True,True,True,True,True,,,650.471,₫650.471,,,,,,,,,,,,,,,,,,,,,,,,
690929818480382296,https://www.airbnb.com.vn/rooms/690929818480382296,Xuyên Mộc,16,10.532007194670191,107.38563586588441,REGULAR,,Nghĩ dưỡng Suối Tre - Bà Rịa Vũng Tàu,private_room,False,,/ đêm,16.0,True,True,True,,True,,False,,,,,True,,True,,,,False,684.706,₫684.706,,True,,,,,,,False,False,,,,,,,,,,,False,,,
45590432,https://www.airbnb.com.vn/rooms/45590432,Thị xã Đồng Xoài,14,11.53836,106.89554,REGULAR,,Khách sạn Đồng Xoài Bình Phước - phòng 1 giường,private_room,False,,/ đêm,2.0,True,,,True,True,,False,,,,,True,,True,True,,,False,,,,,True,,,,,,,,,,True,,,,,,,,,,,
696893061255623973,https://www.airbnb.com.vn/rooms/696893061255623973,Quận 9,22,10.83684,106.83107,REGULAR,,Căn hộ  Quận 9 - Pinky 30m2,entire_home,False,,/ đêm,2.0,True,True,,,,True,False,,,True,,True,True,True,,,,,600.259,₫600.259,True,,,True,,,,,,,,,,,,,,,,,,,,
762602711313137207,https://www.airbnb.com.vn/rooms/762602711313137207,thành phố Biên Hòa,20,10.9592,106.81737,REGULAR,,Win Phát Motel - 302,private_room,False,,/ đêm,2.0,True,True,True,,True,True,False,,,,,True,,True,,,,,342.353,₫342.353,,True,,True,,,,,,,,,,,,,,,,,,,,
