room_id,url,rating,city,contextualPicturesCount,lat,long,listingObjType,pdpUrlType,name,roomTypeCategory,reviewCount,canInstantBook,weeklyPriceFactor,structuredStayDisplayPrice,maxGuestCapacity,SYSTEM_COOKING_BASICS,SYSTEM_WI_FI,SYSTEM_WORKSPACE,SYSTEM_MAPS_CAR_RENTAL,SYSTEM_PETS,SYSTEM_TV,SYSTEM_PATIO_BALCONY,SYSTEM_FLOWER,SYSTEM_NO_DETECTOR_CO2,SYSTEM_NO_DETECTOR_SMOKE,price,price_full,SYSTEM_VIEW_OCEAN,SYSTEM_WASHER,SYSTEM_SNOWFLAKE,SYSTEM_SURVEILLANCE,isSuperHost,isVerified,SYSTEM_LOCK_ON_DOOR,yearHosting,SYSTEM_DRYER,SYSTEM_LUGGAGE_DROP,SYSTEM_HAIRDRYER,SYSTEM_CALENDAR,SYSTEM_POOL,SYSTEM_VIEW_MOUNTAIN,SYSTEM_NO_LOCK_ON_DOOR,SYSTEM_FIREPIT,SYSTEM_SMOKING_ALLOWED,SYSTEM_JACUZZI,SYSTEM_BREAKFAST,SYSTEM_VIEW_CITY,SYSTEM_ELEVATOR,SYSTEM_EV_CHARGER,SYSTEM_TOYS,SYSTEM_BATHTUB,SYSTEM_REFRIGERATOR,SYSTEM_HIGH_CHAIR,SYSTEM_MAPS_RESORT,SYSTEM_GYM,SYSTEM_FIREPLACE,SYSTEM_BEACH
27683878,https://www.airbnb.com.vn/rooms/27683878,"4,93",Pleiku,30,13.987710942743098,108.04581963248005,REGULAR,,NhÃ  nghá»‰ nÃ´ng tráº¡i há»¯u cÆ¡ XOM - Full House,entire_home,30,False,,/ Ä‘Ãªm,6.0,True,True,True,True,True,True,True,True,False,False,,,,,,,,,,,,,,,,,,,,,,,,,,,,,,,,
834673012123027892,https://www.airbnb.com.vn/rooms/834673012123027892,"5,0",TÃ¢n SÆ¡n,23,14.060085166471328,108.01857892423868,REGULAR,,Há»“ NhÃ  YÃªn Retreat,entire_home,5,False,,/ Ä‘Ãªm,6.0,True,True,True,True,,,,,False,False,855.883,â‚«855.883,True,True,True,True,,,,,,,,,,,,,,,,,,,,,,,,,,
855477955080346867,https://www.airbnb.com.vn/rooms/855477955080346867,,ThÃ nh phá»‘ Pleiku,20,13.99039,108.00239,REGULAR,,PhÃ²ng trong háº»m á»Ÿ trung tÃ¢m Pleiku cÃ³ sÃ¢n vÆ°á»n 2,private_room,,False,,/ Ä‘Ãªm,2.0,True,True,True,,,True,,True,False,False,,,,True,,,False,True,True,,,,,,,,,,,,,,,,,,,,,,,
43037290,https://www.airbnb.com.vn/rooms/43037290,"4,9",ThÃ nh phá»‘ Pleiku,17,13.97474,108.00019,REGULAR,,Central Home Homestay - 101,private_room,10,False,,/ Ä‘Ãªm,2.0,True,True,True,True,True,True,,,False,False,321.187,â‚«321.187,True,,,,True,True,True,3,,,,,,,,,,,,,,,,,,,,,,
47498003,https://www.airbnb.com.vn/rooms/47498003,"5,0",ThÃ nh phá»‘ Pleiku,9,13.96417,108.01804,REGULAR,,Bungalow Sunflower Paksong Farmstay - ThÃ nh phá»‘ Pleiku,entire_home,8,False,,/ Ä‘Ãªm,2.0,True,True,,True,True,,True,,False,False,669.159,â‚«669.159,,True,True,,,,,,True,,,,,,,,,,,,,,,,,,,,,
767069391673180510,https://www.airbnb.com.vn/rooms/767069391673180510,"5,0",ThÃ nh phá»‘ Pleiku,18,13.987709547771125,108.04579442204266,REPRESENTATIVE,,NhÃ  nghá»‰ nÃ´ng tráº¡i há»¯u cÆ¡ XOM - KÃ½ tÃºc xÃ¡,shared_room,4,False,,/ Ä‘Ãªm,1.0,,True,True,,,True,True,,False,False,,,,,,,,,,,,True,True,True,,,,,,,,,,,,,,,,,,
769846144886104832,https://www.airbnb.com.vn/rooms/769846144886104832,,ThÃ nh phá»‘ Pleiku,13,14.04407232370744,108.01398681777168,REGULAR,,XOM House Biá»ƒn Há»“ - PhÃ²ng 1,private_room,,False,,/ Ä‘Ãªm,2.0,True,True,True,True,,True,,True,False,,,,True,,,,True,True,True,,,,,,,,,,,,,,,,,,,,,,,
879485125305637236,https://www.airbnb.com.vn/rooms/879485125305637236,,ThÃ nh phá»‘ Pleiku,28,13.97197,108.05351,REGULAR,,Hanbi castle homestay,private_room,,False,,/ Ä‘Ãªm,2.0,True,True,,True,,True,,,False,False,615.813,â‚«615.813,True,True,,,False,True,True,,,,,,True,,,,,,,,,,,,,,,,,
818336731748382391,https://www.airbnb.com.vn/rooms/818336731748382391,,ThÃ nh phá»‘ Kon Tum,11,14.34664,108.01378,REGULAR,,YÃªn Village - Stay in Village,private_room,,False,,/ Ä‘Ãªm,10.0,True,True,True,True,,,,True,False,False,,,,,,True,False,True,,,,,,,,True,False,,,,,,,,,,,,,,,
50368154,https://www.airbnb.com.vn/rooms/50368154,,ThÃ nh phá»‘ Pleiku,30,13.9568,108.05296,REGULAR,,VÆ°á»n há»“ bÆ¡i vÃ  biá»‡t thá»±,private_room,,False,,/ Ä‘Ãªm,8.0,True,True,True,True,,,,True,False,False,2.168,â‚«2.168.236,,,,True,,,,,,,,,True,True,,,,,,,,,,,,,,,,
786837283099844891,https://www.airbnb.com.vn/rooms/786837283099844891,,ThÃ nh phá»‘ Pleiku,14,13.974331809767108,108.01314992803344,REGULAR,,Pleiku Homestay - PhÃ²ng DÃ£ Quá»³ hÆ°á»›ng vÆ°á»n mÃ¡t máº»,private_room,,False,,/ Ä‘Ãªm,2.0,True,True,,True,True,True,,True,False,False,410.824,â‚«410.824,,True,,,,,,,,,,,,,,,,,,,,,,,,,,,,
855477965172862007,https://www.airbnb.com.vn/rooms/855477965172862007,,ThÃ nh phá»‘ Pleiku,30,13.989550033308443,108.00215097301636,REGULAR,,NhÃ  3PN á»Ÿ háº»m cÃ³ sÃ¢n vÆ°á»n khu trung tÃ¢m Pleiku,entire_home,,False,,/ Ä‘Ãªm,6.0,True,True,,True,,True,,True,False,False,1.141,â‚«1.141.177,,True,,,,,,,True,,,,,,,,,,,,,,,,,,,,,
49675762,https://www.airbnb.com.vn/rooms/49675762,,ThÃ nh phá»‘ Pleiku,30,13.99389,108.0011,REPRESENTATIVE,,Bazan Home - PhÃ²ng Bungalow 1,private_room,,False,,/ Ä‘Ãªm,2.0,,True,True,True,,True,True,True,False,False,550.000,â‚«550.000,,,True,,,,,,,,True,,,,,,,,,,,,,,,,,,,
866814303026644790,https://www.airbnb.com.vn/rooms/866814303026644790,,ThÃ nh phá»‘ Pleiku,5,14.03327,108.00285,REGULAR,,TiÃªu Ä‘á»,private_room,,False,,/ Ä‘Ãªm,2.0,,True,True,True,,True,,,False,False,,,,,True,True,False,True,True,,,,,,,,,True,,,,,,,,,,,,,,
887492697441192712,https://www.airbnb.com.vn/rooms/887492697441192712,,ChÆ° PÄƒh District,12,14.07906,107.99644,REGULAR,,Fresh and best tea hill view,private_room,,False,,/ Ä‘Ãªm,6.0,True,True,True,True,True,True,,,False,False,,,,True,,,,,,,,,,,,,,,True,,,,,,,,,,,,,
32658180,https://www.airbnb.com.vn/rooms/32658180,"4,86",Kon Tum,6,14.37904,108.02753,REGULAR,,Kontum Home Sweet Homestay - Double Room,private_room,7,False,,/ Ä‘Ãªm,2.0,True,True,,True,,,True,,False,False,271.558,â‚«271.558,,,True,,False,False,True,4,,,,,,,,,,True,True,,,,,,,,,,,
43082610,https://www.airbnb.com.vn/rooms/43082610,,Pleiku,7,14.00999,107.99388,REGULAR,,Central Home- 104 ( Homestay),private_room,1,False,,/ Ä‘Ãªm,4.0,True,True,,True,True,True,,,False,False,455.019,â‚«455.019,,True,,,True,True,True,3,,,,,,,,,,,,True,,,,,,,,,,
31453308,https://www.airbnb.com.vn/rooms/31453308,"4,88",ThÃ nh phá»‘ Pleiku,20,13.98468,108.01481,REGULAR,,PhÃ²ng Ä‘Ã´i vá»›i khu vÆ°á»n - The Stay Villa Pleiku,private_room,17,False,,/ Ä‘Ãªm,2.0,True,True,,True,True,True,,True,False,False,513.530,â‚«513.530,,,,,False,False,True,4,,,,,,,,,,,,,,,,,,,,,,
854891742952973347,https://www.airbnb.com.vn/rooms/854891742952973347,,ThÃ nh phá»‘ Pleiku,22,13.9900081,108.0020866,REGULAR,,"PhÃ²ng riÃªng trong háº»m Pleiku hÆ°á»›ng sÃ¢n, vÆ°á»n 1",private_room,,False,,/ Ä‘Ãªm,2.0,True,True,,True,True,True,,True,False,False,273.883,â‚«273.883,,,,,False,True,True,,,,,,,,,,,,,,,,,,,,,,,
768485238358724087,https://www.airbnb.com.vn/rooms/768485238358724087,,ThÃ nh phá»‘ Pleiku,18,14.04481,108.01494,REGULAR,,XOM House Biá»ƒn Há»“ - PhÃ²ng 2,private_room,,False,,/ Ä‘Ãªm,2.0,True,True,True,True,,,,True,False,False,,,True,,,,True,True,True,,,,,,,,,,,,,,,,,,,,,,,
44789073,https://www.airbnb.com.vn/rooms/44789073,,ThÃ nh phá»‘ Pleiku,30,13.987701843680487,108.04578830258065,REGULAR,,XOM Organic Farm Stay - Kitchen,entire_home,,False,,/ Ä‘Ãªm,6.0,,True,True,True,True,True,True,,False,False,,,,,True,,,,,,,True,,,,,,,,,,,,,,,,,,,,
43081261,https://www.airbnb.com.vn/rooms/43081261,,ThÃ nh phá»‘ Pleiku,8,13.97666,108.00009,REGULAR,,Central Home - Homestay (102),private_room,,False,,/ Ä‘Ãªm,4.0,True,True,,,True,True,,,False,False,455.019,â‚«455.019,,True,True,,True,True,True,,,,,,,,,,,,,True,,,,,,,,,,
26682154,https://www.airbnb.com.vn/rooms/26682154,"5,0",ThÃ nh phá»‘ Kon Tum,30,14.34107,107.98547,REGULAR,,VÆ°á»n nhÃ  khÃ¡ch Vuon Thu,private_room,18,False,,/ Ä‘Ãªm,12.0,,True,,True,True,True,,,False,False,342.353,â‚«342.353,,,True,,False,True,,5,,,,,,,False,,True,,,,,,,,,,,,,
785218059163995063,https://www.airbnb.com.vn/rooms/785218059163995063,,ThÃ nh phá»‘ Pleiku,30,13.974375267739175,108.0131282576721,REGULAR,,"Pleiku Homestay - PhÃ²ng Biá»ƒn Há»“ 2 giÆ°á»ng lÆ¡Ìn,Ä‘eÌ£p",private_room,,False,,/ Ä‘Ãªm,4.0,True,True,True,True,True,True,,True,False,False,639.059,â‚«639.059,,True,,,,,,,,,,,,,,,,,,,,,,,,,,,,
883465580833943579,https://www.airbnb.com.vn/rooms/883465580833943579,,ThÃ nh phá»‘ Pleiku,5,13.967007718680374,107.98850700259209,REGULAR,,CÄƒn nhÃ  cá»§a sá»± ngá»t ngÃ o!,entire_home,,False,,/ Ä‘Ãªm,,True,True,True,True,,True,,,False,False,,,,True,True,True,,,,,,,,,,,,,,,,,,,,,,,,,,
41055493,https://www.airbnb.com.vn/rooms/41055493,,Ninh Kiá»u,30,13.31801,108.3677,REGULAR,,"Náº®NG XANH 4 *Tham quan, view vÆ°á»n, KhÃ¡*",private_room,,False,,/ Ä‘Ãªm,2.0,True,True,True,True,True,,,,False,False,,,,True,True,,False,True,True,,,,,,,,,,,,,,,,,,,,,,,
744558678591824861,https://www.airbnb.com.vn/rooms/744558678591824861,,An ToÃ n,30,14.47418,108.68856,REGULAR,,NhÃ  nghá»‰ nÃ´ng tráº¡i tháº£o dÆ°á»£c cÃ³ phÃ²ng riÃªng,private_room,,False,,/ Ä‘Ãªm,15.0,True,True,True,True,,,,,False,False,513.530,â‚«513.530,,True,,,False,True,,,,,,,,,False,True,,,,,,,,,,,,,,
38869285,https://www.airbnb.com.vn/rooms/38869285,,,30,14.05765,108.27612,REGULAR,,Green Riverside Cosy Home - PhÃ²ng Chung,shared_room,,False,,/ Ä‘Ãªm,1.0,True,True,,True,True,,,,False,False,267.664,â‚«267.664,True,True,True,,,,,,,True,,,,,,,,,,,,,,,,,,,,
46466264,https://www.airbnb.com.vn/rooms/46466264,,ThÃ nh phá»‘ Pleiku,12,13.98788,108.03902,REGULAR,,NGÃ“I QUÃŠ Homestay - PhÃ²ng Ä‘Æ¡n,private_room,,False,,/ Ä‘Ãªm,2.0,True,True,,True,True,True,,,False,False,,,,True,,True,False,False,True,,,,,,,,,,,,,,,,,,,,,,,
864003909269704868,https://www.airbnb.com.vn/rooms/864003909269704868,,Kon PlÃ´ng District,5,14.59418,108.24722,REGULAR,,Farmstay bÃªn thung lÅ©ng má» sÆ°Æ¡ng,private_room,,False,,/ Ä‘Ãªm,8.0,True,True,True,,True,,,,False,False,,,True,True,,,False,False,,,,,,,,,False,True,,,,,,,,,,,,,,
37979060,https://www.airbnb.com.vn/rooms/37979060,,,16,14.0588,108.27609,REGULAR,,Vinhomes TimesCity Park Hill**2BRApartment**sang trá»ng,entire_home,,False,,/ Ä‘Ãªm,4.0,True,True,,,,True,,,False,False,1.409,â‚«1.409.354,True,True,,,,,,,True,,,,,,,,,True,,,True,,,,,,,,,
41460744,https://www.airbnb.com.vn/rooms/41460744,"5,0",Kon Tum,22,14.35442,108.016,REGULAR,,Green Home,private_room,3,False,,/ Ä‘Ãªm,2.0,True,True,True,True,,True,,,False,False,570.589,â‚«570.589,,True,True,,False,False,,3,,,,,,,False,,,,,,,,,,,,,,,
39060947,https://www.airbnb.com.vn/rooms/39060947,"4,75",ThÃ nh phá»‘ Kon Tum,18,14.34348,108.03851,REGULAR,,Langho homestay kontum,private_room,4,False,,/ Ä‘Ãªm,10.0,,True,,,True,,,,False,False,,,,,,,False,False,,4,,,,,,,False,,True,,,,,,,,,,,,,
42651283,https://www.airbnb.com.vn/rooms/42651283,,ThÃ nh phá»‘ Pleiku,26,13.98915,108.03194,REGULAR,,305 PhÃ²ng sang trá»ng vá»›i 1 giÆ°á»ng  /trung tÃ¢m thÃ nh phá»‘/ nÃºi,private_room,,False,,/ Ä‘Ãªm,2.0,True,True,,True,,True,,,False,False,268.177,â‚«268.177,,True,True,,,,,,True,,True,,,,,,,,,,,,,,,,,,,
50788879,https://www.airbnb.com.vn/rooms/50788879,,Ia DÃªr,30,13.9753,107.97757,REGULAR,,Centralhome 2,entire_home,,False,,/ Ä‘Ãªm,4.0,True,True,True,True,True,,,True,False,False,559.177,â‚«559.177,,,,True,,,,,,,,,,True,,,,,,,,,,,,,,,,
31297477,https://www.airbnb.com.vn/rooms/31297477,"4,74",ThÃ nh phá»‘ Pleiku,13,13.98501,108.01831,REGULAR,,PhÃ²ng áº¥m cÃºng vÃ  VÆ°á»n xinh Ä‘áº¹p - The Stay Villa,private_room,23,False,,/ Ä‘Ãªm,4.0,True,True,True,True,,True,,True,False,False,570.589,â‚«570.589,,,,,False,False,True,4,,,,,,,,,,,,,,,,,,,,,,
860694291706365422,https://www.airbnb.com.vn/rooms/860694291706365422,,ThÃ nh phá»‘ Pleiku,9,14.03204,108.00353,REGULAR,,homestay hÆ¡ Ä‘Æ¡ng,private_room,,False,,/ Ä‘Ãªm,1.0,,True,True,True,,True,,,False,False,,,True,,True,True,,,,,,,,,,,,True,,,,,,,,,,,,,,
872422487000841195,https://www.airbnb.com.vn/rooms/872422487000841195,,ThÃ nh phá»‘ Pleiku,20,13.99084,108.00258,REGULAR,,"PhÃ²ng á»Ÿ háº»m trung tÃ¢m Pleiku cÃ³ sÃ¢n, vÆ°á»n 3",private_room,,False,,/ Ä‘Ãªm,2.0,True,True,True,True,True,,,True,False,False,,,,,,,False,True,True,,,,,,,,,,,,,,,,,,,,,,,
768619633937643554,https://www.airbnb.com.vn/rooms/768619633937643554,,ThÃ nh phá»‘ Pleiku,11,14.043832813572584,108.01396324040583,REGULAR,,XOM House Biá»ƒn Há»“ - PhÃ²ng 3,private_room,,False,,/ Ä‘Ãªm,2.0,True,True,True,True,,,,True,False,False,,,True,,,,True,True,True,,,,,,,,,,,,,,,,,,,,,,,
790125828555917106,https://www.airbnb.com.vn/rooms/790125828555917106,,ThÃ nh phá»‘ Pleiku,30,13.97487,108.01272,REGULAR,,"Pleiku Homestay 3 PhÃ²ng wc RiÃªng, áº¤m Ã¡p mÃ¡t máº»",private_room,,False,,/ Ä‘Ãªm,10.0,True,True,True,True,True,True,,,False,False,1.483,â‚«1.483.530,,True,,,False,True,,,,,,,,,False,,,,,,,,,,,,,,,
38869396,https://www.airbnb.com.vn/rooms/38869396,,,30,14.05808,108.27819,REGULAR,,Green Riverside Cosy Home - PhÃ²ng Chung 2,hotel_room,,False,,/ Ä‘Ãªm,2.0,True,True,,True,True,,,,False,False,321.194,â‚«321.194,True,True,True,,,,,,,True,,,,,,,,,,,,,,,,,,,,
42367749,https://www.airbnb.com.vn/rooms/42367749,,ThÃ nh phá»‘ Pleiku,26,13.98816,108.03342,REGULAR,,102 PhÃ²ng háº¡ng sang 2 giÆ°á»ng /trung tÃ¢m thÃ nh phá»‘/siÃªu thá»‹,private_room,,False,,/ Ä‘Ãªm,4.0,True,True,,True,,True,,,False,False,,,,True,True,,,,,,True,,True,,,,,,,,,,,,,,,,,,,
36485847,https://www.airbnb.com.vn/rooms/36485847,"5,0",ThÃ nh phá»‘ Kon Tum,13,14.34818,108.03388,REGULAR,,NhÃ  Ä‘áº¥t gáº§n sÃ´ng nÆ¡i mÃ¡t máº»,private_room,3,False,,/ Ä‘Ãªm,10.0,,True,,,True,,,,False,False,285.294,â‚«285.294,,,,,False,False,,4,,,,,,,False,,True,,,,,,,,,,,,,
869044152843383829,https://www.airbnb.com.vn/rooms/869044152843383829,,Kon PlÃ´ng,15,14.59517,108.29481,REGULAR,,View sÄƒn mÃ¢y phÃ²ng Ä‘Æ¡n cho 2 khÃ¡ch,private_room,,False,,/ Ä‘Ãªm,2.0,,True,True,True,,,,,False,,741.765,â‚«741.765,,,,True,,,,,,,,,,,,True,,,,,,,,,,,,,,
47863253,https://www.airbnb.com.vn/rooms/47863253,,ThÃ nh phá»‘ Kon Tum,10,14.35487,108.00057,REGULAR,,Biá»‡t thá»± thÃ¢n thiá»‡n giá»¯a phá»‘ KonTum,private_room,,False,,/ Ä‘Ãªm,8.0,True,True,True,True,,,,,,,469.384,â‚«469.384,,True,True,,False,True,,,,True,,,,,False,,,,,,,True,True,,,,,,,
43971729,https://www.airbnb.com.vn/rooms/43971729,,,30,14.05873,108.27638,REGULAR,,Tráº¯ng house rose,entire_home,,False,,/ Ä‘Ãªm,15.0,True,True,,True,,True,,,False,False,2.282,â‚«2.282.354,,,,True,,,,,,,True,,,,,,,,True,,,,,,,,,,,
47484059,https://www.airbnb.com.vn/rooms/47484059,,ThÃ nh phá»‘ Pleiku,8,13.96373,108.01727,REGULAR,,Bungalow Tropical Paksong Farmstay - ThÃ nh phá»‘ Pleiku,entire_home,,False,,/ Ä‘Ãªm,2.0,True,True,,True,True,,True,,False,False,669.159,â‚«669.159,,,True,True,,,,,,,True,,,,,,,,,,,,,,,,,,,
46534551,https://www.airbnb.com.vn/rooms/46534551,,ThÃ nh phá»‘ Pleiku,20,14.04459,108.046,REGULAR,,Homestay Biá»ƒn Há»“ - Táº­n HÆ°á»Ÿng Sá»± KhÃ¡c Biá»‡t,private_room,,False,,/ Ä‘Ãªm,16.0,True,True,True,True,True,True,,,False,False,,,,,,,,,,,,,,,True,,,,,True,,,,,,,,,,,,
36415628,https://www.airbnb.com.vn/rooms/36415628,,Äáº¯k BlÃ ,6,14.37985,108.02762,REGULAR,,Kontum Home Sweet Homestay - KÃ½ tÃºc xÃ¡,entire_home,,False,,/ Ä‘Ãªm,4.0,True,True,,True,,True,,,False,False,399.412,â‚«399.412,,,True,,,,,,,,,,,,,,,True,,,,,,,,,,,,
52689013,https://www.airbnb.com.vn/rooms/52689013,,ThÃ nh phá»‘ Kon Tum,16,14.59025,108.28049,REGULAR,,CozyPrivateContainer for 2-HeniSi Homestay MangDen,private_room,,False,,/ Ä‘Ãªm,2.0,True,True,,True,,,,,False,False,570.589,â‚«570.589,,,True,,False,True,,,,,True,,,,False,,,,,,,,,,,,,,,
804018905060602752,https://www.airbnb.com.vn/rooms/804018905060602752,,An LÃ£o,8,14.533452255311609,108.68430243596225,REGULAR,,PhÃ²ng Ä‘Ã´i cÃ³ táº§m nhÃ¬n ra máº·t trá»i má»c,private_room,,False,,/ Ä‘Ãªm,4.0,True,True,True,True,,,,,False,False,992.824,â‚«992.824,,True,,,False,True,,,,,,,,,False,,,,,,,,,,,,,,,
43435921,https://www.airbnb.com.vn/rooms/43435921,,ThÃ nh phá»‘ Pleiku,15,13.98544,108.0179,REGULAR,,The Stay Villa - PhÃ²ng view vÆ°á»n 4,private_room,,False,,/ Ä‘Ãªm,2.0,True,True,True,True,,True,,True,False,False,570.589,â‚«570.589,,,,,False,False,True,,,,,,,,,,,,,,,,,,,,,,,
53727831,https://www.airbnb.com.vn/rooms/53727831,,ThÃ nh phá»‘ Kon Tum,6,14.37512,108.00842,REGULAR,,PhÃ²ng giÆ°á»ng Ä‘Ã´i,private_room,,False,,/ Ä‘Ãªm,2.0,,True,True,True,True,True,,,False,False,,,,,True,True,,,,,,,,,True,,,,,,,,,,,,,,,,,
47502165,https://www.airbnb.com.vn/rooms/47502165,,ThÃ nh phá»‘ Pleiku,6,13.96256,108.01823,REGULAR,,KÃ½ tÃºc xÃ¡ Äáº¦Y Ä‘á»§ 4 phÃ²ng ngá»§ - Paksong Farmstay - Pleiku,entire_home,,False,,/ Ä‘Ãªm,4.0,True,True,True,True,True,,,True,False,False,802.991,â‚«802.991,,,,,,,,,True,,True,,,,,,,,,,,,,,,,,,,
37974783,https://www.airbnb.com.vn/rooms/37974783,,,30,14.05885,108.27654,REGULAR,,PhÃº Quá»‘c  Plus Hotel,hotel_room,,False,,/ Ä‘Ãªm,16.0,True,True,,True,,True,,,False,False,267.664,â‚«267.664,,,,True,,,,,,,,,True,,,,,True,,,True,,,,,,,,,
48908357,https://www.airbnb.com.vn/rooms/48908357,,ThÃ nh phá»‘ Kon Tum,11,14.35402,108.01369,REGULAR,,Le Jardin Khu vÆ°á»n giá»¯a lÃ²ng TP Kon Tum,entire_home,,False,,/ Ä‘Ãªm,4.0,True,True,True,True,True,,True,,False,False,1.070,â‚«1.070.653,,True,,,,,,,,,True,,,,,,,,,,,,,,,,,,,
45818910,https://www.airbnb.com.vn/rooms/45818910,,,13,14.0589,108.27779,REGULAR,,"3BR,2WC,131m2,balcony,Free Pool/Gym near Ben Thanh",entire_home,,False,,/ Ä‘Ãªm,8.0,True,True,,,,True,,,False,,1.912,â‚«1.912.260,True,True,True,,,,,,,,,,True,,,,,True,,,,,,True,,,,,,
694774815274705370,https://www.airbnb.com.vn/rooms/694774815274705370,,Kon PlÃ´ng,12,14.5925987,108.2946397,REGULAR,,"Cam House MÄƒng Äen 
CÃ³ báº¿p vÃ  Ä‘áº§y Ä‘á»§ tiá»‡n nghi",entire_home,,False,,/ Ä‘Ãªm,4.0,True,True,True,True,True,,,,False,False,,,,,,True,,,,,,,,,,,,,,True,,,,,,,True,,,,,
849609791448206242,https://www.airbnb.com.vn/rooms/849609791448206242,,ThÃ nh phá»‘ Pleiku,6,13.9736,107.98778,REGULAR,,Homestay NhÃ  cá»§a Náº¿p,private_room,,False,,/ Ä‘Ãªm,2.0,True,True,,True,,True,,,False,False,484.510,â‚«484.510,,,True,True,False,True,True,,,,,,,,,True,,,,,,,,,,,,,,
44437782,https://www.airbnb.com.vn/rooms/44437782,,,26,14.05933,108.27789,REGULAR,,Cho thuÃª phÃ²ng gáº§n biá»ƒn giÃ¡ ráº» Huynh House Da Nang,private_room,,False,,/ Ä‘Ãªm,10.0,True,True,,,,,,,False,False,285.294,â‚«285.294,,True,,,False,True,,,,True,,True,,,False,,True,,,,,,,,,True,,,,
35021214,https://www.airbnb.com.vn/rooms/35021214,,Kon PlÃ´ng,30,14.58289,108.27873,REGULAR,,LA MAISON HOMESTAY MANG DEN - ROOM 2,private_room,,False,,/ Ä‘Ãªm,2.0,True,True,True,True,,,True,True,False,False,513.530,â‚«513.530,,,,,False,False,,,,,True,,,,False,,,,,,,,,,,,,,,
46645514,https://www.airbnb.com.vn/rooms/46645514,,ThÃ nh phá»‘ Pleiku,17,14.05266,108.03264,REGULAR,,Homestay Biá»ƒn Há»“ Superior,private_room,,False,,/ Ä‘Ãªm,16.0,True,True,True,True,True,,,,False,False,1.027,â‚«1.027.059,,,,,False,True,,,,,,,True,,False,,,True,,,,,,,,,,,,
43016754,https://www.airbnb.com.vn/rooms/43016754,,,7,13.94164,108.25845,REGULAR,,NhÃ  bungalow áº¥m cÃºng Ä‘á»ƒ táº­n hÆ°á»Ÿng thiÃªn nhiÃªn,entire_home,,False,,/ Ä‘Ãªm,4.0,True,True,,True,True,True,,,False,False,684.706,â‚«684.706,,,,,,,,,,,,,True,,,,,,True,,,,,,,,,,,
822798503640799389,https://www.airbnb.com.vn/rooms/822798503640799389,,,13,13.4721875,108.1030625,REGULAR,,ThÃ´ng Æ i Gia Lai,entire_home,,False,,/ Ä‘Ãªm,2.0,True,True,True,True,True,,,True,False,False,521.681,â‚«521.681,,,,True,,,,,,,,,,,,,,,,True,,,,,,,,,,
50336781,https://www.airbnb.com.vn/rooms/50336781,,Pleiku,30,13.965416020705124,108.05489100515842,REGULAR,,Biá»‡t thá»± vÆ°á»n vÃ  há»“ bÆ¡i lá»›n,private_room,,False,,/ Ä‘Ãªm,2.0,True,True,True,True,,,,,False,False,1.369,â‚«1.369.412,True,,,True,False,True,True,,,,,,True,,,,,,,,,,,,,,,,,
24272857,https://www.airbnb.com.vn/rooms/24272857,,,16,14.05729,108.27834,REGULAR,,Sá»‘ng cÃ¹ng gia Ä‘Ã¬nh báº£n xá»© vÃ  Ä‘i bá»™ Ä‘Æ°á»ng dÃ i Hmong Nhá»,entire_home,,False,,/ Ä‘Ãªm,16.0,True,True,,True,True,,,,False,False,260.226,â‚«260.226,,True,,,,,,,,,,,,,,,True,,True,,,,,,,,,,,
43437296,https://www.airbnb.com.vn/rooms/43437296,,ThÃ nh phá»‘ Pleiku,14,13.98492,108.01888,REGULAR,,The Stay Villa - PhÃ²ng view vÆ°á»n 8,private_room,1,False,,/ Ä‘Ãªm,2.0,True,True,True,True,,True,,True,False,False,570.589,â‚«570.589,,,,,False,False,True,4,,,,,,,,,,,,,,,,,,,,,,
559970563501591240,https://www.airbnb.com.vn/rooms/559970563501591240,,ThÃ nh phá»‘ Pleiku,8,13.99683,107.98871,REGULAR,,"Khu nghá»‰ dÆ°á»¡ng,phÃ²ng dÃ nh cho 4 ngÆ°á»i",private_room,,False,,/ Ä‘Ãªm,4.0,True,,True,,,True,,,False,False,1.198,â‚«1.198.236,,,True,True,,,,,,,,,,,,True,,,,,,,,,True,,True,,,
754536348090586974,https://www.airbnb.com.vn/rooms/754536348090586974,,Kon PlÃ´ng,29,14.58391,108.27956,REGULAR,,PhÃ²ng Ä‘Æ¡n cÃ³ nhÃ  vá»‡ sinh chung,private_room,,False,,/ Ä‘Ãªm,1.0,True,True,True,,True,,,,False,False,427.941,â‚«427.941,,True,,,,,,,True,,,,,,,,True,,,,,,,,,,,,,
694782262583373346,https://www.airbnb.com.vn/rooms/694782262583373346,,Kon PlÃ´ng,12,14.5925987,108.2946397,REGULAR,,NhÃ  táº­p thá»ƒ 3 gÆ°á»ng Dorm á»Ÿ Ä‘Æ°á»£c 6 ngÆ°á»i,shared_room,,False,,/ Ä‘Ãªm,6.0,True,True,True,True,True,,,,False,False,1.369,â‚«1.369.412,,,,True,,,,,,,,,,,,True,,True,,,,,,,,,,,,
42650976,https://www.airbnb.com.vn/rooms/42650976,,ThÃ nh phá»‘ Pleiku,25,13.98994,108.03163,REGULAR,,304 PhÃ²ng sang trá»ng vá»›i 2 giÆ°á»ng  /trung tÃ¢m thÃ nh phá»‘/ nÃºi,private_room,,False,,/ Ä‘Ãªm,4.0,True,True,,True,,True,,,False,False,399.412,â‚«399.412,,True,True,,,,,,True,,,,,,,,,,,,,,,,,,,True,,
683915738452791408,https://www.airbnb.com.vn/rooms/683915738452791408,,Kon Ráº«y,5,14.489016572049838,108.18291711489975,REGULAR,,Suá»‘i NÆ°á»›c NÃ³ng Epic,private_room,,False,,/ Ä‘Ãªm,16.0,,True,,True,,,,,False,False,570.589,â‚«570.589,,,True,True,,,,,,,,,,,,True,,True,,,,,,,,,,,,
52688508,https://www.airbnb.com.vn/rooms/52688508,"4,67",,24,14.58914,108.28104,REGULAR,,CozyPrivateBungalow for 4-HeniSi Homestay Mang Den,entire_home,3,False,,/ Ä‘Ãªm,4.0,True,True,,True,,,True,True,False,False,912.942,â‚«912.942,,,True,,,,,,,,True,,,,,,,,,,,,,,True,,,,,
54234505,https://www.airbnb.com.vn/rooms/54234505,,ThÃ nh phá»‘ Kon Tum,5,14.35114,108.00688,REGULAR,,PhÃ²ng Ä‘Ã´i tiÃªu chuáº©n/ Standard,private_room,,False,,/ Ä‘Ãªm,2.0,,True,True,True,True,True,,,False,False,570.589,â‚«570.589,,,True,True,,,,,,,,,True,,,,,,,,,,,,,,,,,
43417339,https://www.airbnb.com.vn/rooms/43417339,,ThÃ nh phá»‘ Pleiku,18,13.96049,108.0078,REGULAR,,Tráº¯ng House Garden,private_room,1,False,,/ Ä‘Ãªm,2.0,True,True,,True,True,,,,False,False,,,,True,,True,False,False,True,3,,True,,,,,,,,,,,,,,,,,,,,
806227337017578201,https://www.airbnb.com.vn/rooms/806227337017578201,,MÄƒng Äen,18,14.58365098052505,108.28004812790446,REGULAR,,PhÃ²ng Ä‘Ã´i cÃ³ táº§m nhÃ¬n ra vÆ°á»n,private_room,,False,,/ Ä‘Ãªm,2.0,True,True,,True,True,,,,False,False,570.589,â‚«570.589,,,,,,,,,,,,,,,,,True,,,,,,,,,,,,,
843143618051726920,https://www.airbnb.com.vn/rooms/843143618051726920,,ThÃ nh phá»‘ Kon Tum,10,14.3482,108.0134,REGULAR,,Sun Homestay Mang Den - phÃ²ng Daisy,private_room,,False,,/ Ä‘Ãªm,2.0,True,True,,True,True,,,,False,False,741.765,â‚«741.765,,True,,,False,True,True,,,,,,,True,,True,,,,,,,,,,,,,,
42340620,https://www.airbnb.com.vn/rooms/42340620,,ThÃ nh phá»‘ Pleiku,29,13.988,108.03309,REGULAR,,301 PhÃ²ng sang trá»ng vá»›i 1 giÆ°á»ng / trung tÃ¢m thÃ nh phá»‘/ nÃºi,private_room,,False,,/ Ä‘Ãªm,2.0,True,True,,True,,True,,,False,False,342.353,â‚«342.353,,True,True,,,,,,True,,True,,,,,,,,,,,,,,,,,,,
878531105038651397,https://www.airbnb.com.vn/rooms/878531105038651397,,An LÃ£o,5,14.522941960999995,108.85173,REGULAR,,Jungle trek- kayak-camping site,private_room,,False,,/ Ä‘Ãªm,12.0,True,True,True,True,,True,,,False,False,,,,True,,True,,,,,,,,,,,,,,,,,,,,,,,,,True,
835164808892227588,https://www.airbnb.com.vn/rooms/835164808892227588,,ThÃ nh phá»‘ Kon Tum,9,14.3473435,108.0140097,REGULAR,,Sun Homestay MÄƒng Äen - Báº¡ch TrÃ ,private_room,,False,,/ Ä‘Ãªm,4.0,True,True,,True,True,,,True,False,False,970.000,â‚«970.000,,True,,,False,True,True,,,,,,,True,,,,,,,,,,,,,,,,
49675898,https://www.airbnb.com.vn/rooms/49675898,,ThÃ nh phá»‘ Pleiku,30,13.99493,108.00076,REPRESENTATIVE,,Bazan Home - PhÃ²ng tiÃªu chuáº©n 1,private_room,,False,,/ Ä‘Ãªm,2.0,,True,True,True,,True,True,True,False,False,500.000,â‚«500.000,,,True,,,,,,,,True,,,,,,,,,,,,,,,,,,,
38918290,https://www.airbnb.com.vn/rooms/38918290,,,17,14.05884,108.27629,REGULAR,,Vá»‹ trÃ­: Ä‘á»‘i diá»‡n trung tÃ¢m há»™i nghá»‹ quá»‘c gia,entire_home,,False,,/ Ä‘Ãªm,6.0,True,True,,True,True,True,,,,,1.597,â‚«1.597.648,,True,True,,,,,,True,,True,,,,,,,,True,,,,,,,,,,,
39060894,https://www.airbnb.com.vn/rooms/39060894,,ThÃ nh phá»‘ Kon Tum,2,14.34351,108.03821,REGULAR,,Gia Ä‘Ã¬nh báº£n xá»© Lang Ho kontum,private_room,,False,,/ Ä‘Ãªm,10.0,,True,,,True,,,,False,False,,,,True,,,False,False,,,,,,,,,False,,True,,,,,,,,,,,,,
35022191,https://www.airbnb.com.vn/rooms/35022191,,ThÃ nh phá»‘ Kon Tum,29,14.58445,108.27863,REGULAR,,Sá»NG CÃ™NG GIA ÄÃŒNH Báº¢N Xá»¨ LA MAISON MANG DEN - PHÃ’NG CHUNG Táº I KÃ TÃšC XÃ,shared_room,,False,,/ Ä‘Ãªm,4.0,True,True,True,True,,,True,True,False,False,266.956,â‚«266.956,,,,,,,,,,,True,,,,,,,,,,,,,,True,,,,,
43437275,https://www.airbnb.com.vn/rooms/43437275,,ThÃ nh phá»‘ Pleiku,14,13.98547,108.01796,REGULAR,,The Stay Villa - PhÃ²ng view vÆ°á»n 7,private_room,,False,,/ Ä‘Ãªm,2.0,True,True,,True,,True,,True,False,False,570.589,â‚«570.589,,True,,,False,False,True,,,,,,,,,,,,,,,,,,,,,,,
38659699,https://www.airbnb.com.vn/rooms/38659699,,ThÃ nh phá»‘ Pleiku,17,13.96804,108.01775,REGULAR,,"Hotel Quality - Motel Prices
Friendly- Safety",private_room,,False,,/ Ä‘Ãªm,16.0,,True,,True,True,True,,,False,False,267.656,â‚«267.656,,True,True,,,,,,True,,,,,,,,,,True,,,,,,,,,,,
595287617664814933,https://www.airbnb.com.vn/rooms/595287617664814933,,ThÃ nh phá»‘ Pleiku,6,13.96818,107.99507,REGULAR,,01. PhÃ²ng 2 giÆ°á»ng Ä‘Æ¡n háº¡n tiáº¿t kiá»‡m,private_room,,False,,/ Ä‘Ãªm,2.0,,True,,True,,True,,,False,False,262.471,â‚«262.471,,,,True,False,False,,,,,,,,,False,,,,,,,,,,,,,,,
25021882,https://www.airbnb.com.vn/rooms/25021882,,,10,13.80346,108.12321,REGULAR,,Masteri 1134 full TÃ¢y Ninh,entire_home,,False,,/ Ä‘Ãªm,3.0,True,True,,True,True,True,,,False,False,2.890,â‚«2.890.727,,True,,,,,,,,,,,True,,,,,,,,True,,,,,,,,,
40897309,https://www.airbnb.com.vn/rooms/40897309,,ThÃ nh phá»‘ Pleiku,14,13.98177,108.00812,REGULAR,,Harry House Homestay,shared_room,,False,,/ Ä‘Ãªm,6.0,True,True,,True,True,,,,False,False,267.664,â‚«267.664,,,,,,,,,,,True,,,,,,True,,,,,,,,,,,,,
43436914,https://www.airbnb.com.vn/rooms/43436914,,ThÃ nh phá»‘ Pleiku,14,13.98547,108.01794,REGULAR,,The Stay Villa - PhÃ²ng view vÆ°á»n 5,private_room,,False,,/ Ä‘Ãªm,2.0,True,True,True,True,,True,,True,False,False,570.589,â‚«570.589,,,,,False,False,True,,,,,,,,,,,,,,,,,,,,,,,
843125028112003206,https://www.airbnb.com.vn/rooms/843125028112003206,,ThÃ nh phá»‘ Kon Tum,10,14.34679,108.01491,REGULAR,,Sun Homestay MÄƒng Äen - DÃ¢u TÃ¢y,private_room,,False,,/ Ä‘Ãªm,2.0,True,True,,True,True,,,,False,False,570.589,â‚«570.589,,True,,,False,True,True,,,,,,,True,,,,,,,,,,,,,,,,
52688471,https://www.airbnb.com.vn/rooms/52688471,,,23,14.59038,108.281,REGULAR,,CozyPrivateBungalow for 2-HeniSi Homestay Mang Den,entire_home,,False,,/ Ä‘Ãªm,2.0,True,True,,True,,,True,True,False,False,707.530,â‚«707.530,,,True,,,,,,,,True,,,,,,,,,,,,,,True,,,,,
869059425903917602,https://www.airbnb.com.vn/rooms/869059425903917602,,Kon PlÃ´ng,13,14.5944087,108.2954923,REGULAR,,phÃ²ng Ä‘Ã´i (dorm) view sÄƒn mÃ¢y cho 4 khÃ¡ch,shared_room,,False,,/ Ä‘Ãªm,4.0,,True,True,True,,,,,False,False,,,,,,True,,,,,,,,,,,,True,,,,,,,,,,,,,,
38615196,https://www.airbnb.com.vn/rooms/38615196,,Kon Tum,26,14.34909,108.00112,REGULAR,,"Háº NH PHÃšC VÃ€ áº¤M Ã¡p, chá»‰ cáº§n nÃ³i ráº±ng",private_room,,False,,/ Ä‘Ãªm,4.0,,True,,True,,,,,,,462.177,â‚«462.177,,,,,,,,,,,True,,,,,,,,True,,,,,,,,,,,
42146615,https://www.airbnb.com.vn/rooms/42146615,,ThÃ nh phá»‘ Pleiku,30,13.98672,108.03193,REGULAR,,201 PhÃ²ng sang trá»ng vá»›i 1 giÆ°á»ng  /trung tÃ¢m thÃ nh phá»‘/ nÃºi,private_room,,False,,/ Ä‘Ãªm,2.0,,True,,True,,True,True,,False,,,,,True,True,,,,,,True,True,True,,,,,,,,,,,,,,,,,,,
42650740,https://www.airbnb.com.vn/rooms/42650740,,ThÃ nh phá»‘ Pleiku,25,13.9893,108.03375,REGULAR,,303 PhÃ²ng sang trá»ng vá»›i 1 giÆ°á»ng  /trung tÃ¢m thÃ nh phá»‘/ nÃºi,private_room,,False,,/ Ä‘Ãªm,2.0,True,True,,True,,True,,,False,False,293.325,â‚«293.325,,True,True,,,,,,True,,,,,,,,,,,,,,,,,,,True,,
47852475,https://www.airbnb.com.vn/rooms/47852475,,Kon PlÃ´ng,14,14.59083,108.28129,REGULAR,,PhÃ²ng áº¥m cÃºng vá»›i Ban cÃ´ng riÃªng - HeniSi MÄƒng Äen,private_room,,False,,/ Ä‘Ãªm,2.0,True,True,,True,,True,,,False,False,,,,,,True,False,True,,,,,True,,,,False,,,,,,,,,,,,,,,
43437178,https://www.airbnb.com.vn/rooms/43437178,,ThÃ nh phá»‘ Pleiku,14,13.98546,108.01793,REGULAR,,The Stay Villa - PhÃ²ng view vÆ°á»n 6,private_room,,False,,/ Ä‘Ãªm,2.0,True,True,,True,,True,,True,False,False,570.589,â‚«570.589,,True,,,False,False,True,,,,,,,,,,,,,,,,,,,,,,,
40791179,https://www.airbnb.com.vn/rooms/40791179,,ThÃ nh phá»‘ Pleiku,9,13.97535,107.99675,REGULAR,,KhÃ¡ch sáº¡n Duy Nháº¥t Palace,private_room,,False,,/ Ä‘Ãªm,16.0,,True,,True,True,True,,,False,,285.294,â‚«285.294,,,True,,,,,,,,True,,,,,,,,True,,,,,,True,,,,True,
30703351,https://www.airbnb.com.vn/rooms/30703351,,Há»™i An,14,13.42097,108.44676,REGULAR,,Biá»‡t thá»± Chay An Bang-Chay Biá»‡t thá»± 2 phÃ²ng ngá»§,hotel_room,,False,,/ Ä‘Ãªm,4.0,True,True,,,,True,,,False,False,4.500,â‚«4.500.000,,,True,,,,,,True,,True,,True,,,,,True,,,,,,,,,,,,
24970973,https://www.airbnb.com.vn/rooms/24970973,,,9,13.80812,108.11055,REGULAR,,"2* Chung cÆ° 2PN. (63m2, 70m2, 80m2, 99m2... )",entire_home,,False,,/ Ä‘Ãªm,4.0,True,True,,True,True,True,,,False,False,2.783,â‚«2.783.626,,True,,,,,,,,,,,True,,,,,,,,True,,,,,,,,,
579335964038207409,https://www.airbnb.com.vn/rooms/579335964038207409,,MÄƒng Äen,30,14.59388,108.30783,REGULAR,,Tá»• áº¤m - CÄƒn nhÃ  gá»— biá»‡t láº­p riÃªng tÆ°,private_room,,False,,/ Ä‘Ãªm,4.0,True,True,True,True,,True,,,False,False,1.015,â‚«1.015.648,,,True,,,,,,,,,,,True,,True,,,,,,,,,,,,,,
38869292,https://www.airbnb.com.vn/rooms/38869292,,,30,14.05941,108.27648,REGULAR,,Green Riverside Cosy Home - PhÃ²ng Chung 3,hotel_room,,False,,/ Ä‘Ãªm,3.0,True,True,,True,True,,,,False,False,481.803,â‚«481.803,True,True,True,,,,,,,True,,,,,,,,,,,,,,,,,,,,
45931117,https://www.airbnb.com.vn/rooms/45931117,,ThÃ nh phá»‘ Pleiku,6,13.95981,108.00856,REGULAR,,Tráº¯ng House Family,entire_home,,False,,/ Ä‘Ãªm,4.0,True,,,True,True,,,,False,False,456.471,â‚«456.471,,True,,,,,,,,,True,,,,,,True,,True,,,,,,,,,,,
37520370,https://www.airbnb.com.vn/rooms/37520370,,,23,14.05665,108.27772,REGULAR,,"vÅ© homestay 9 ngá»§,  tiá»‡c ngoÃ i trá»i Ä‘á»§ Ä‘á»“ 30 suáº¥t",entire_home,,False,,/ Ä‘Ãªm,16.0,True,True,,True,True,True,,,False,False,,,,,,,,,,,,,,,True,,,,,,,,True,,,,,,,,,True
54187809,https://www.airbnb.com.vn/rooms/54187809,,ThÃ nh phá»‘ Kon Tum,5,14.36248,107.99883,REGULAR,,PhÃ²ng 3 ngÆ°á»i/ Tripple room,private_room,,False,,/ Ä‘Ãªm,3.0,,True,True,True,True,True,,,False,False,1.027,â‚«1.027.059,,,True,True,,,,,,,,,True,,,,,,,,,,,,,,,,,
47502605,https://www.airbnb.com.vn/rooms/47502605,,ThÃ nh phá»‘ Pleiku,8,13.96441,108.0162,REGULAR,,KÃ½ tÃºc xÃ¡ 6 phÃ²ng ngá»§ Paksong Farmstay - Pleiku,entire_home,,False,,/ Ä‘Ãªm,6.0,True,True,True,True,True,,,,False,False,1.204,â‚«1.204.438,,,,,,,,,,,True,,,,,,,,True,,,,,,,,,,,
40014202,https://www.airbnb.com.vn/rooms/40014202,,,30,14.0579,108.2761,REGULAR,,Tomodachi Retreat - HÃ nh trÃ¬nh ChÃ¡nh niá»‡m,entire_home,,False,,/ Ä‘Ãªm,16.0,,True,,True,,,,,False,False,1.940,â‚«1.940.001,,,True,,,,,,,,True,,True,,,,True,True,True,,,,,,,,,,,
750251973486638960,https://www.airbnb.com.vn/rooms/750251973486638960,,ThÃ nh phá»‘ Pleiku,22,13.9755,108.01248,REGULAR,,Pleiku Homestay,entire_home,,False,,/ Ä‘Ãªm,12.0,True,True,True,True,,True,,True,False,False,2.282,â‚«2.282.354,,,,True,,,,,,,,,,,,,,,,,,,,,,,,,,
52687784,https://www.airbnb.com.vn/rooms/52687784,"5,0",,23,14.59053,108.28076,REGULAR,,CozyPrivateBungalow for 2-HeniSi Homestay Mang Den,entire_home,3,False,,/ Ä‘Ãªm,2.0,True,True,,True,,,True,True,False,False,,,,,True,,,,,,,,True,,,,,,,,,,,,,,True,,,,,
46466800,https://www.airbnb.com.vn/rooms/46466800,,ThÃ nh phá»‘ Pleiku,12,13.9882,108.04014,REGULAR,,NGÃ“I QUÃŠ Homestay - PhÃ²ng Ä‘Ã´i,private_room,,False,,/ Ä‘Ãªm,4.0,True,True,,True,True,True,,,False,False,,,,,,True,False,False,True,,,,,,True,,,,,,,,,,,,,,,,,
52689218,https://www.airbnb.com.vn/rooms/52689218,,ThÃ nh phá»‘ Kon Tum,17,14.59062,108.28216,REGULAR,,CozyPrivateContainer for 4-HeniSi Homestay MangDen,private_room,1,False,,/ Ä‘Ãªm,4.0,True,True,,True,,,,,False,False,798.824,â‚«798.824,,,True,,False,True,,2,,,True,,,,False,,,,,,,,,,,,,,,
45943147,https://www.airbnb.com.vn/rooms/45943147,,ThÃ nh phá»‘ Pleiku,25,13.96167,108.00804,REGULAR,,Tráº¯ng House Dorm,entire_home,,False,,/ Ä‘Ãªm,8.0,True,True,,True,True,,,,False,False,285.294,â‚«285.294,,True,,,,,,,,,True,,,,,,True,,True,,,,,,,,,,,
38868978,https://www.airbnb.com.vn/rooms/38868978,,,30,14.05745,108.27618,REGULAR,,Green Riverside Cosy Home- KÃ½ tÃºc xÃ¡ há»—n há»£p 4 giÆ°á»ng sang trá»ng,hotel_room,,False,,/ Ä‘Ãªm,4.0,True,True,,True,True,,,,False,False,642.373,â‚«642.373,True,True,True,,,,,,,True,,,,,,,,,,,,,,,,,,,,
37502325,https://www.airbnb.com.vn/rooms/37502325,,district 1 ,21,14.05411,108.27555,REGULAR,,CHáº¾ Ä‘á»™ xemğŸ‘ SÃ”NG || Quáº­n 1 || BAN CÃ”NGğŸ‘,entire_home,,False,,/ Ä‘Ãªm,2.0,True,True,,True,,,,,False,False,273.168,â‚«273.168,,True,True,,,,,,,,True,,,,,,,,True,,True,,,,,,,,,
40384061,https://www.airbnb.com.vn/rooms/40384061,,Kon PlÃ´ng,30,14.59697,108.2454,REGULAR,,"BÃ¬nh tÄ©nh, Äƒn thá»±c pháº©m, vÃ  Ä‘Ã¡nh báº¡i cÃ¡c yáº¿u tá»‘",entire_home,,False,,/ Ä‘Ãªm,5.0,True,True,,True,True,True,,,False,False,,,,,,,,,,,,,True,,,,,,,True,,,,,,,,,,,True,
40014282,https://www.airbnb.com.vn/rooms/40014282,,,28,14.05914,108.27837,REGULAR,,HÃ nh trÃ¬nh Ä‘áº¿n ChÃ¡nh niá»‡m,entire_home,,False,,/ Ä‘Ãªm,16.0,,True,,True,,,,,False,False,1.711,â‚«1.711.766,,,True,,,,,,,,True,,True,,,,True,True,True,,,,,,,,,,,
48260536,https://www.airbnb.com.vn/rooms/48260536,,ThÃ nh phá»‘ Kon Tum,12,14.35009,108.03323,REGULAR,,KÆ NIA KONKLOR HOTEL,private_room,,False,,/ Ä‘Ãªm,16.0,,,True,True,True,True,,,False,False,285.294,â‚«285.294,,True,True,,,,,,,,True,,,,,,True,,,,,,,,,,,,,
47853380,https://www.airbnb.com.vn/rooms/47853380,,Kon PlÃ´ng,19,14.59051,108.28246,REGULAR,,PhÃ²ng RiÃªng CLOSE-TO-EVERYTHING! Sá»‘ng cÃ¹ng gia Ä‘Ã¬nh báº£n xá»© HeniSi,private_room,,False,,/ Ä‘Ãªm,2.0,True,True,,True,,,,,False,False,627.647,â‚«627.647,,,,True,False,True,,,,,True,,,,False,,,,,,,,,,,,,,,
9898553,https://www.airbnb.com.vn/rooms/9898553,"4,75",,30,14.05886,108.27644,REGULAR,,Zizi & Mekhoo Sapa Homestay,entire_home,4,False,,/ Ä‘Ãªm,16.0,True,True,,True,True,True,,,False,False,2.649,â‚«2.649.802,,True,,,,,,,,,True,,,,,,,,,,,,,,,,,,True,
780049791163195088,https://www.airbnb.com.vn/rooms/780049791163195088,,MÄƒng Äen,5,14.59307,108.30785,REGULAR,,Tá»• Chim Non - nhÃ  gá»— biá»‡t láº­p 20m,entire_home,,False,,/ Ä‘Ãªm,2.0,True,,,,,,,,False,False,559.177,â‚«559.177,,,True,,,,,,,True,True,True,,,,,,,,,,,True,,,True,,,,
43683717,https://www.airbnb.com.vn/rooms/43683717,,Kon PlÃ´ng,16,14.57862,108.27779,REGULAR,,Bungalow tuyá»‡t Ä‘áº¹p  vá»›i táº§m nhÃ¬n ra Ä‘á»“i thÃ´ng há»“ Dakke,private_room,,False,,/ Ä‘Ãªm,2.0,True,True,,True,True,,,,False,False,,,,True,,True,False,True,True,,True,,,,,,,,,,,,,,,,,,,,,
18572488,https://www.airbnb.com.vn/rooms/18572488,,,21,14.05945,108.28115,REGULAR,,An Bang Morning Glory beach homestay,private_room,,False,,/ Ä‘Ãªm,2.0,,True,,,,True,,,False,False,684.706,â‚«684.706,,,True,,,,,,,,True,,,,,,,,,,,,,,,,,,,
28747361,https://www.airbnb.com.vn/rooms/28747361,,ThÃ nh phá»‘ Pleiku,5,13.97503,108.00171,REGULAR,,"Lete maison homestay-mozart room1, Pleiku Gia Lai",private_room,,False,,/ Ä‘Ãªm,2.0,True,True,,,,,,,False,,513.530,â‚«513.530,,True,True,,False,False,,,True,,True,,,,False,,,,True,,True,,,,,,,,,
873572306221352811,https://www.airbnb.com.vn/rooms/873572306221352811,,Kon PlÃ´ng,12,14.59546,108.2959,REGULAR,,PhÃ²ng 4 ngÆ°á»i view sÄƒn mÃ¢y,private_room,,False,,/ Ä‘Ãªm,4.0,,True,True,True,,,,,False,False,,,,,True,True,,,,,,,,,,,,True,,,,,,,,,,,,,,
577978734072798386,https://www.airbnb.com.vn/rooms/577978734072798386,,MÄƒng Äen,17,14.600501,108.302315,REGULAR,,Tá»• ThÆ°Æ¡ng - nhÃ  nguyÃªn cÄƒn biá»‡t láº­p 25m,entire_home,,False,,/ Ä‘Ãªm,2.0,,True,True,True,,True,,,False,False,707.530,â‚«707.530,,,,,,,,,,True,,,,True,,,,True,,,,,,True,,,,,,
40078857,https://www.airbnb.com.vn/rooms/40078857,,Quáº­n 1,30,14.06091,108.27284,REGULAR,,NhÃ  khÃ¡ch California - ÄÃ³ lÃ  má»™t nÆ¡i Ä‘Ã¡ng yÃªu,private_room,,False,,/ Ä‘Ãªm,9.0,True,True,,,,True,,,False,False,398.728,â‚«398.728,,True,True,,False,True,,,True,,,,,,False,,,,,,,,,,,,,,,
52687998,https://www.airbnb.com.vn/rooms/52687998,,,24,14.58938,108.28106,REGULAR,,CozyPrivateBungalow for 4-HeniSi Homestay Mang Den,entire_home,,False,,/ Ä‘Ãªm,4.0,True,True,,True,,,True,True,False,False,912.942,â‚«912.942,,,True,,,,,,,,True,,,,,,,,,,,,,,True,,,,,
37296101,https://www.airbnb.com.vn/rooms/37296101,,ThÃ nh phá»‘ Pleiku,16,13.97053,108.00422,REGULAR,,KhÃ¡ch sáº¡n Boston - Superior 2 (Ä‘Ã´i),hotel_room,,False,,/ Ä‘Ãªm,2.0,,True,,True,,True,,,False,,921.500,â‚«921.500,,,True,,,,,,,,True,,True,,,,,,True,,True,,,,True,,,,,
42213553,https://www.airbnb.com.vn/rooms/42213553,,ThÃ nh phá»‘ Kon Tum,4,14.36764,107.99651,REGULAR,,Chá»‰ Ä‘á»ƒ ngá»§ ngon thÃ´i.,private_room,,False,,/ Ä‘Ãªm,2.0,True,True,,True,,True,,,False,False,267.664,â‚«267.664,,,,,False,False,,,True,,True,,,,False,,,,,,,,,,,,,,,
43437404,https://www.airbnb.com.vn/rooms/43437404,,Kbang,3,14.14434,108.60343,REGULAR,,Kbang ChÃ o má»«ng!,entire_home,,False,,/ Ä‘Ãªm,4.0,True,True,,True,True,True,,,False,False,,,,True,,,,,,,True,,,,True,,,,,,,,,,,,,,,,,
54234572,https://www.airbnb.com.vn/rooms/54234572,,ThÃ nh phá»‘ Kon Tum,5,14.3494,108.00467,REGULAR,,PhÃ²ng Ä‘Ã´i Deluxe cÃ³ bá»“n táº¯m,private_room,,False,,/ Ä‘Ãªm,2.0,,True,True,True,True,True,,,False,False,798.824,â‚«798.824,,,,True,,,,,,,,,True,,,,,True,,,,,,,,,,,,
39875121,https://www.airbnb.com.vn/rooms/39875121,,,20,14.05884,108.27685,REGULAR,,VÆ¯á»œN BÃCH THáº¢O,entire_home,,False,,/ Ä‘Ãªm,4.0,True,True,,True,True,True,,,,,1.483,â‚«1.483.530,,True,True,,,,,,,,,,True,,,,,True,,,True,,,,,,,,,
47853664,https://www.airbnb.com.vn/rooms/47853664,,Kon PlÃ´ng,25,14.5904,108.2811,REGULAR,,NÆ¡i Táº©u thoÃ¡t Vá»›i PhÃ²ng RiÃªng Cá»§a Báº¡n BÃ¨ - Henisi Homestay,private_room,1,False,,/ Ä‘Ãªm,3.0,True,True,,True,,True,,,False,False,741.765,â‚«741.765,,,,,False,True,,2,,,True,,,,False,,,,,,,,,,,,,,,
49676724,https://www.airbnb.com.vn/rooms/49676724,,ThÃ nh phá»‘ Pleiku,30,13.9935,108.0003,REPRESENTATIVE,,Bazan Home - PhÃ²ng Deluxe 1,private_room,,False,,/ Ä‘Ãªm,2.0,,True,True,True,,True,True,True,False,False,745.000,â‚«745.000,,,True,,,,,,,,True,,,,,,,,,,,,,,,,,,,
44542000,https://www.airbnb.com.vn/rooms/44542000,,ThÃ nh phá»‘ Kon Tum,10,14.34471,108.00091,REGULAR,,CÄƒn há»™ cao cáº¥p Kon Tum,entire_home,,False,,/ Ä‘Ãªm,2.0,True,True,,True,,True,,,False,False,2.301,â‚«2.301.877,,,True,,,,,,,,True,,,,,,,,,,,,,,,,,,,
715634910639392651,https://www.airbnb.com.vn/rooms/715634910639392651,,Kon PlÃ´ng,5,14.59371,108.28737,REGULAR,,KhÃ¡m phÃ¡ nhá»¯ng cÄƒn nhÃ  gá»— táº¡i Rosie Garden,private_room,,False,,/ Ä‘Ãªm,4.0,,True,True,,,,,,False,False,2.054,â‚«2.054.119,,,,True,,,,,,,True,,,,,,,,,,,,,,,,,,True,
25171537,https://www.airbnb.com.vn/rooms/25171537,,,9,13.80723,108.10045,REGULAR,,Ná»™i tháº¥t Ä‘áº§y Ä‘á»§ Resort 2009,entire_home,,False,,/ Ä‘Ãªm,5.0,True,True,,,True,True,,,False,,2.890,â‚«2.890.696,,True,True,,,,,,,,,,True,,,,,True,,,True,,,,,,,,,
37300073,https://www.airbnb.com.vn/rooms/37300073,,,17,13.96844,108.00249,REGULAR,,KhÃ¡ch sáº¡n Boston - Superior 1 (Ä‘Ã´i),hotel_room,,False,,/ Ä‘Ãªm,2.0,,True,,True,,True,,,False,,1.084,â‚«1.084.118,,,True,,,,,,,,True,,True,,,,,,True,,True,,,,True,,,,,
37300281,https://www.airbnb.com.vn/rooms/37300281,,,16,13.96891,108.00034,REGULAR,,KhÃ¡ch sáº¡n Boston - Duluxe (Ä‘Ã´i),hotel_room,,False,,/ Ä‘Ãªm,2.0,,True,,True,,True,,,False,,1.540,â‚«1.540.589,,,True,,,,,,,,True,,True,,,,,,True,,True,,,,True,,,,,
22979958,https://www.airbnb.com.vn/rooms/22979958,,ChÆ° PrÃ´ng,9,13.74338,107.89422,REGULAR,,cÄƒn há»™ cÃ³ má»™t khÃ´ng gian ngoÃ i trá»i rá»™ng 85 vÃ  yÃªn tÄ©nh,entire_home,,False,,/ Ä‘Ãªm,4.0,True,True,,True,True,True,,,False,False,990.346,â‚«990.346,,,,,,,,,,,,,True,,,,,True,,,True,,,,,,,,,
39820383,https://www.airbnb.com.vn/rooms/39820383,,,18,14.05719,108.27796,REGULAR,,Nháº­t Lá»™c Coffee & Homestay,private_room,,False,,/ Ä‘Ãªm,7.0,True,True,,True,True,True,,,False,False,559.177,â‚«559.177,,True,,,False,True,,,,,True,,,,False,,,,,,,,,,,,,,,
42748876,https://www.airbnb.com.vn/rooms/42748876,,,7,14.05752,108.27763,REGULAR,,KhÃ¡ch sáº¡n Amber Nha Trang| Cáº£nh quan thÃ nh phá»‘ cao cáº¥p,private_room,,False,,/ Ä‘Ãªm,2.0,,,,True,,,,,False,False,,,,,,,,,,,,,,,True,,,,,,True,,,,,,,,,,,
52688380,https://www.airbnb.com.vn/rooms/52688380,,,23,14.59098,108.28218,REGULAR,,CozyPrivateBungalow for 2-HeniSi Homestay Mang Den,entire_home,,False,,/ Ä‘Ãªm,2.0,True,True,,True,,,True,True,False,False,707.530,â‚«707.530,,,True,,,,,,,,True,,,,,,,,,,,,,,True,,,,,
44307767,https://www.airbnb.com.vn/rooms/44307767,,,1,14.05776,108.27652,REGULAR,,phÃ²ng double,private_room,,False,,/ Ä‘Ãªm,2.0,,True,,,,,,,False,False,374.710,â‚«374.710,,,,,False,True,,,,,,,,,False,,,,,,,,,,,,,,,
17857163,https://www.airbnb.com.vn/rooms/17857163,,,8,14.04627,108.2752,REGULAR,,West lake is near my house. Its take 5 munites.,private_room,,False,,/ Ä‘Ãªm,2.0,True,True,,True,,True,,,False,,912.942,â‚«912.942,,True,True,,False,False,,,,,True,,,,False,,,,,,,,,,,,,,,
41541903,https://www.airbnb.com.vn/rooms/41541903,,,12,14.05719,108.27812,REGULAR,,240368 Ecopark homestay . BÃ¡t TrÃ ng HÃ  Ná»™i,entire_home,,False,,/ Ä‘Ãªm,4.0,True,True,,True,True,True,,,False,False,1.341,â‚«1.341.601,True,,,,,,,,,,,,True,,,,,,,,True,,,,,,,,,
26023141,https://www.airbnb.com.vn/rooms/26023141,,,6,14.05724,108.27764,REGULAR,,KhÃ´ng giá»›i háº¡n sá»‘ng cÃ¹ng gia Ä‘Ã¬nh báº£n xá»©,entire_home,,False,,/ Ä‘Ãªm,4.0,True,True,,True,,,,,False,False,513.530,â‚«513.530,,,True,,,,,,,,True,,,,,,,,,,,,,,,,,,,
34996350,https://www.airbnb.com.vn/rooms/34996350,,Kon PlÃ´ng,28,14.58116,108.27676,REGULAR,,LA MAISON HOMESTAY MANG DEN - ROOM 1,private_room,,False,,/ Ä‘Ãªm,2.0,True,True,,True,,,,True,False,False,570.589,â‚«570.589,,,,,False,False,True,,,,True,,,,,True,,,,,,,,,,,,,,
21824883,https://www.airbnb.com.vn/rooms/21824883,,ThÃ nh phá»‘ Kon Tum,6,14.36531,107.99429,REGULAR,,CHO THUÃŠ NHÃ€ KHU ÄÃ” THá»Š Má»šI PDP,entire_home,,False,,/ Ä‘Ãªm,4.0,True,True,,True,,True,,,False,False,2.810,â‚«2.810.404,,,True,,,,,,True,,,,,,,,,,,,,,,,,,,,,
15764200,https://www.airbnb.com.vn/rooms/15764200,,,20,14.06053,108.2765,REGULAR,,CÄƒn há»™ dá»‹ch vá»¥ YessHome,entire_home,,False,,/ Ä‘Ãªm,2.0,True,True,,True,,True,,,False,,,,,True,True,,,,,,True,,,,,,,,True,,,,,,,,,,,,,
45081122,https://www.airbnb.com.vn/rooms/45081122,,KÃ´ng Chro,9,13.77608,108.52628,REGULAR,,Gia Lai nÆ¡i báº¡n chiÃªm ngÆ°á»¡ng thiÃªn nhiÃªn hÃ¹ng vÄ©,entire_home,,False,,/ Ä‘Ãªm,2.0,True,True,,True,,True,,,,,428.233,â‚«428.233,,True,True,,,,,,True,,,,True,,,,,True,,,,,,,,,,,True,
54234654,https://www.airbnb.com.vn/rooms/54234654,,ThÃ nh phá»‘ Kon Tum,5,14.34983,108.0065,REGULAR,,PhÃ²ng Gia ÄÃ¬nh/ Family,private_room,,False,,/ Ä‘Ãªm,3.0,,True,True,True,True,True,,,False,False,1.141,â‚«1.141.177,,,,True,,,,,,,,,True,,,,,True,,,,,,,,,,,,
7067415,https://www.airbnb.com.vn/rooms/7067415,,Phuong Lam District,8,14.05421,108.27484,REGULAR,,Má»™t tá»• áº¥m ngay trung tÃ¢m HoaBÃ¬nh,entire_home,,False,,/ Ä‘Ãªm,16.0,,,,,,,,,False,False,669.159,â‚«669.159,,,,,,,,,,,,,,,,,,,,,,,,,,,,,,
23875340,https://www.airbnb.com.vn/rooms/23875340,"5,0",ThÃ nh phá»‘ Pleiku,6,13.98254,108.01051,REGULAR,,PhÃ²ng khÃ¡ch Thanh NhÃ£,private_room,9,False,,/ Ä‘Ãªm,2.0,,True,,,,True,,,False,False,1.017,â‚«1.017.090,,,True,,False,True,,5,,,,,,,False,,,,,,True,,,,,,,,,
22458750,https://www.airbnb.com.vn/rooms/22458750,,,17,14.39117,107.89431,REGULAR,,"Chung cÆ° 6 khÃ¡ch, 2brs táº¡i Äáº¯k Láº¯k - HoÃ i Báº£o",entire_home,,False,,/ Ä‘Ãªm,6.0,True,True,,True,True,True,,,,,1.365,â‚«1.365.056,,True,,,,,,,True,,,,True,,,,,True,,,True,,,,,,,,,
38569637,https://www.airbnb.com.vn/rooms/38569637,,Ea H'Leo,1,13.19561,108.20372,REGULAR,,"Come back to the nature
Family farm
Permaculture",shared_room,,False,,/ Ä‘Ãªm,3.0,True,,,,True,,,,False,False,456.471,â‚«456.471,,True,,,,,,,,,,,,,,,,,True,,,,,,,,,,,
40850341,https://www.airbnb.com.vn/rooms/40850341,,ThÃ nh phá»‘ Pleiku,1,14.00913,108.04711,REGULAR,,Homestay NhÃ  tÃ´i,shared_room,,False,,/ Ä‘Ãªm,16.0,True,True,,True,True,,,,False,False,268.177,â‚«268.177,,,,,,,,,,,,,,,,,True,,,,,,,,,,,,,
29719497,https://www.airbnb.com.vn/rooms/29719497,,Ia TÃ´,5,13.94717,107.78873,REGULAR,,T rÃ´m Ã­ simple and clean,shared_room,,False,,/ Ä‘Ãªm,4.0,True,True,,,True,True,,,,False,1.980,â‚«1.980.690,,,,,,,,,,,True,,,,,,,,,,,,,,,,,,,
43082484,https://www.airbnb.com.vn/rooms/43082484,,Pleiku,7,14.0114,107.99375,REGULAR,,NhÃ  trung tÃ¢m - 103  (Homestay),private_room,2,False,,/ Ä‘Ãªm,3.0,True,True,,,True,True,,,False,False,321.187,â‚«321.187,,True,True,,True,True,True,3,,,True,,,,,,,,,,,,,,,,,,,
43037829,https://www.airbnb.com.vn/rooms/43037829,,,5,14.05832,108.2772,REGULAR,,NhÃ  bungalow áº¥m cÃºng Ä‘á»ƒ táº­n hÆ°á»Ÿng thiÃªn nhiÃªn II,entire_home,,False,,/ Ä‘Ãªm,4.0,True,True,,True,True,True,,,False,False,,,,,,,,,,,,,,,True,,,,,,True,,,,,,,,,,,
49278980,https://www.airbnb.com.vn/rooms/49278980,,ThÃ nh phá»‘ Pleiku,11,13.97248,107.98894,REGULAR,,NhÃ  cá»§a Náº¿p,private_room,,False,,/ Ä‘Ãªm,2.0,True,True,,,True,True,,,False,False,342.353,â‚«342.353,,,True,,,,,,,,True,,,,,,,,,,,,,,,,,,,
47862644,https://www.airbnb.com.vn/rooms/47862644,,Kon PlÃ´ng,21,14.58926,108.28267,REGULAR,,4Beds PrivateCozyRoom - Gia Ä‘Ã¬nh báº£n xá»© HeniSi,private_room,,False,,/ Ä‘Ãªm,4.0,True,True,,True,,True,,,False,False,970.000,â‚«970.000,,,,True,False,True,,,,,True,,,,False,,,,,,,,,,,,,,,
41965867,https://www.airbnb.com.vn/rooms/41965867,,ThÃ nh phá»‘ Kon Tum,15,14.35391,108.01715,REGULAR,,PhÃ²ng máº­t ong - Green Home,private_room,1,False,,/ Ä‘Ãªm,2.0,True,True,,True,,True,,,False,False,513.530,â‚«513.530,,True,,,False,False,,3,,,True,,,,False,,,,,,,,,,True,,,,,
31453595,https://www.airbnb.com.vn/rooms/31453595,"5,0",ThÃ nh phá»‘ Pleiku,20,13.98414,108.01555,REGULAR,,PhÃ²ng King view vÆ°á»n cá»±c lá»›n - Villa in Pleiku,private_room,3,False,,/ Ä‘Ãªm,2.0,True,True,True,True,True,,,True,False,False,684.706,â‚«684.706,,,,,False,False,True,4,,,,,,,,,,,,,,,,,,,,,,
25300402,https://www.airbnb.com.vn/rooms/25300402,,,9,13.80826,108.10059,REGULAR,,"tá»§ báº¿p, Ä‘iá»u hÃ²a khÃ´ng khÃ­",entire_home,,False,,/ Ä‘Ãªm,5.0,True,True,,,True,True,,,False,,2.890,â‚«2.890.696,,True,True,,,,,,,,,,True,,,,,True,,,True,,,,,,,,,
47854023,https://www.airbnb.com.vn/rooms/47854023,,Kon PlÃ´ng,21,14.58924,108.28055,REGULAR,,PhÃ²ng riÃªng tiá»‡n nghi Hideaway - HeniSiHomestay,private_room,,False,,/ Ä‘Ãªm,4.0,True,True,,True,,True,,,False,False,855.883,â‚«855.883,,,,True,False,True,,,,,True,,,,False,,,,,,,,,,,,,,,
41593160,https://www.airbnb.com.vn/rooms/41593160,,,8,14.05896,108.27837,REGULAR,,PhÃ²ng Xanh,private_room,,False,,/ Ä‘Ãªm,4.0,True,True,,True,True,True,,,False,False,342.352,â‚«342.352,,True,,,False,True,True,,,,True,,,,,,,,,,,,,,,,,,,
743950216216479253,https://www.airbnb.com.vn/rooms/743950216216479253,,ThÃ nh phá»‘ Kon Tum,6,14.3634,107.99381,REGULAR,,PhÃ²ng Nhá»›,private_room,,False,,/ Ä‘Ãªm,2.0,True,True,,True,,,,,False,False,513.530,â‚«513.530,,,,True,,,,,,,,,,,,True,,,,,,,,,True,,,,,
40795085,https://www.airbnb.com.vn/rooms/40795085,,,9,14.0588,108.27713,REGULAR,,NhÃ  má»›i sáº¡ch sáº½.an ninh.á»Ÿ táº§ng cao thoÃ¡ng mÃ¡t.,entire_home,,False,,/ Ä‘Ãªm,7.0,True,,,True,,True,,,False,,1.825,â‚«1.825.883,,True,True,,,,,,,True,,,True,,,,,True,,,,,,,True,,,,,
49676440,https://www.airbnb.com.vn/rooms/49676440,,ThÃ nh phá»‘ Pleiku,30,13.99411,108.00191,REPRESENTATIVE,,Bazan Home - PhÃ²ng Ä‘Ã´i 1,private_room,,False,,/ Ä‘Ãªm,2.0,,True,True,True,,True,True,True,False,False,600.000,â‚«600.000,,,True,,,,,,,,True,,,,,,,,,,,,,,,,,,,
37861082,https://www.airbnb.com.vn/rooms/37861082,,,30,14.05747,108.27624,REGULAR,,PlusHotel Restaunraunraunt,hotel_room,,False,,/ Ä‘Ãªm,16.0,True,True,,True,,True,,,False,False,268.177,â‚«268.177,,,,True,,,,,,,,,True,,,,,True,,,True,,,,,,,,,
22089290,https://www.airbnb.com.vn/rooms/22089290,,,8,14.36239,108.00485,REGULAR,,"Grreen park.100m2,3 p ngá»§,Ä‘áº§y Ä‘á»§ Ä‘á»“ Quang Trung.",entire_home,,False,,/ Ä‘Ãªm,5.0,True,True,,,True,True,,,False,,2.657,â‚«2.657.315,,True,True,,,,,,True,,,,,,,,,True,,,True,,,,,,,,,
45337166,https://www.airbnb.com.vn/rooms/45337166,,ThÃ nh phá»‘ Kon Tum,8,14.23297,107.91788,REGULAR,,VÃ o trong vÃ  á»Ÿ láº¡i ngay!!,entire_home,,False,,/ Ä‘Ãªm,4.0,True,True,,True,,True,,,False,,722.682,â‚«722.682,,True,True,,,,,,True,,,,,,,,,True,,,,,,,,,,,,
28397369,https://www.airbnb.com.vn/rooms/28397369,,Kon Tum,5,14.35079,107.9995,REGULAR,,Belle Plaine- Gáº§n sÃ²ng báº¡c!,entire_home,,False,,/ Ä‘Ãªm,2.0,,True,,,,True,,,False,,4.684,â‚«4.684.016,,,True,,,,,,True,,,,True,,,,True,True,True,,,,,,,,,,,
38869132,https://www.airbnb.com.vn/rooms/38869132,,,30,14.05932,108.27661,REGULAR,,NhÃ  Cosy Green Riveside - KÃ½ tÃºc xÃ¡ há»—n há»£p 6 giÆ°á»ng sang trá»ng,hotel_room,,False,,/ Ä‘Ãªm,6.0,True,True,,True,True,,,,False,False,802.991,â‚«802.991,True,True,True,,,,,,,True,,,,,,,,,,,,,,,,,,,,
39454892,https://www.airbnb.com.vn/rooms/39454892,,,8,14.05914,108.27812,REGULAR,,KhÃ¡ch sáº¡n Ã¡nh trÄƒng,private_room,,False,,/ Ä‘Ãªm,4.0,,True,,,,,,,False,False,593.412,â‚«593.412,,True,True,True,,,,,,True,,True,,,,,,,True,,,,,,,,,,,True
40627844,https://www.airbnb.com.vn/rooms/40627844,,,12,14.05917,108.27753,REGULAR,,Dá»‹ch vá»¥ sinh thÃ¡i - Sá»‘ng cÃ¹ng gia Ä‘Ã¬nh báº£n xá»© Ecopark,entire_home,,False,,/ Ä‘Ãªm,4.0,True,True,,True,True,True,,,False,False,1.341,â‚«1.341.601,True,,,,,,,,,,,,True,,,,,,,,True,,,,,,,,,
41103018,https://www.airbnb.com.vn/rooms/41103018,,,3,14.05737,108.2766,REGULAR,,ToÃ n cáº£nh Nha Trang,entire_home,,False,,/ Ä‘Ãªm,4.0,,True,,,,True,,,False,,1.141,â‚«1.141.177,,,True,,,,,,,,True,,,,,,,,,,,,,,,,,,,
24318478,https://www.airbnb.com.vn/rooms/24318478,"4,25",ThÃ nh phá»‘ Kon Tum,11,14.34748,108.0076,REGULAR,,Trung tÃ¢m ÄÃ o táº¡o Hnam Chang Ngeh & NhÃ  khÃ¡ch,private_room,4,False,,/ Ä‘Ãªm,2.0,,True,,True,,True,,,False,False,513.530,â‚«513.530,,True,True,True,,,,,,,,,,,,,,,True,,,,,,,,,,,
35322567,https://www.airbnb.com.vn/rooms/35322567,,,9,14.05789,108.27775,REGULAR,,Trung tÃ¢m thÃ nh phá»‘ Háº£i PhÃ²ng - ToÃ n bá»™ ngÃ´i nhÃ  táº¡i trung tÃ¢m thÃ nh phá»‘,entire_home,,False,,/ Ä‘Ãªm,6.0,True,True,,,True,True,,,False,False,569.447,â‚«569.447,,True,True,,,,,,,,,,,,,,True,,,,,,,,,,,,,
44541313,https://www.airbnb.com.vn/rooms/44541313,,ThÃ nh phá»‘ Pleiku,7,13.97899,108.00314,REGULAR,,NhÃ  cho thuÃª Pleiku.,private_room,,False,,/ Ä‘Ãªm,2.0,,True,,,,True,,,False,False,1.017,â‚«1.017.083,,,True,,False,True,,,,,True,,,,False,,,,,,,,,,,,,,,
30540426,https://www.airbnb.com.vn/rooms/30540426,,Quáº­n 3,9,13.98797,108.0235,REGULAR,,NhÃ  anh Ä‘Ã o,private_room,,False,,/ Ä‘Ãªm,2.0,True,True,,True,True,True,,,False,False,397.245,â‚«397.245,,True,,,False,False,True,,,,,,,,,,,True,,,,,,,,,,,,
37652144,https://www.airbnb.com.vn/rooms/37652144,,,15,14.05884,108.27614,REGULAR,,Quang cáº£nh biá»ƒn tuyá»‡t vá»i tá»« ban cÃ´ng,private_room,,False,,/ Ä‘Ãªm,4.0,True,True,,,,True,,,False,False,1.324,â‚«1.324.816,,,True,,False,False,,,,,True,,,,False,,,,,,True,,,,,,,,,
21871381,https://www.airbnb.com.vn/rooms/21871381,,Ia Drang,9,13.74136,107.8521,REGULAR,,Aparment Suitable for couples - Thi Ná»¥,entire_home,,False,,/ Ä‘Ãªm,2.0,True,True,,True,True,True,,,,,936.809,â‚«936.809,,True,True,,,,,,True,,,,,,,,,,,,,,,,,,,,True,
27407481,https://www.airbnb.com.vn/rooms/27407481,,h. ChÆ° SÃª,6,13.69682,108.0784,REGULAR,,6 PDP - Gia Lai - NgÃ´i nhÃ  Ä‘Æ°á»£c cáº£i táº¡o Ä‘áº¹p,entire_home,,False,,/ Ä‘Ãªm,5.0,True,True,,True,,True,,,,,,,,True,True,,,,,,True,,,,True,,,,,True,,,,,,,,,,,True,
15462824,https://www.airbnb.com.vn/rooms/15462824,,,8,14.04056,108.26059,REGULAR,,ÄÃ¡ng yÃªu,entire_home,,False,,/ Ä‘Ãªm,2.0,True,True,,True,,True,,,False,False,615.635,â‚«615.635,,,,,,,,,,,,,,,,,True,,,,,,,,,,,True,,
43715908,https://www.airbnb.com.vn/rooms/43715908,,,1,14.05934,108.27812,REGULAR,,PhÃ²ng trá» táº­p thá»ƒ 8pax,shared_room,,False,,/ Ä‘Ãªm,8.0,,True,,True,,True,True,,False,False,1.579,â‚«1.579.389,,True,True,,,,,,,,,,True,,,,,,,,,,,True,,,,,,
42748998,https://www.airbnb.com.vn/rooms/42748998,,,6,14.05756,108.27784,REGULAR,,KhÃ¡ch sáº¡n Amber Nha Trang| Cháº¿ Ä‘á»™ xem ba thÃ nh phá»‘ sang trá»ng (Chá»‰ cÃ³ phÃ²ng),private_room,,False,,/ Ä‘Ãªm,2.0,,,,True,,,,,False,False,,,,,,,,,,,,,,,True,,,,,,True,,,,,,,,,,,
18741028,https://www.airbnb.com.vn/rooms/18741028,,,10,14.05886,108.27833,REGULAR,,Masteri Vincom Tháº£o Äiá»n SÃ i GÃ²n,entire_home,,False,,/ Ä‘Ãªm,3.0,True,True,,True,,True,,,False,,689.314,â‚«689.314,,True,True,,,,,,True,,,,True,,,,,,,,True,,,,,,,,,
15773689,https://www.airbnb.com.vn/rooms/15773689,,,9,14.05808,108.2777,REGULAR,,Yesshome - CÄƒn há»™ dá»‹ch vá»¥ studio,entire_home,,False,,/ Ä‘Ãªm,2.0,True,True,,True,,True,,,False,,,,,True,True,,,,,,True,,,,,,,,True,,,,,,,,,,,,,
42183031,https://www.airbnb.com.vn/rooms/42183031,,,19,14.05887,108.2763,REGULAR,,"D150668,Ecoservice Homestay Westbay Ecopark",entire_home,,False,,/ Ä‘Ãªm,4.0,True,True,,True,True,True,,,False,False,,,True,,,,,,,,,,,,True,,,,,,,,True,,,,,,,,,
21099451,https://www.airbnb.com.vn/rooms/21099451,,Pleiku,13,13.96412,107.99122,REGULAR,,TÃ²a nhÃ  cÃ³ káº¿t cáº¥u tá»‘t ÄÄƒngÄá»©c,entire_home,,False,,/ Ä‘Ãªm,7.0,True,True,,True,,True,,,,,1.338,â‚«1.338.284,,True,True,,,,,,True,,True,,,,,,,,,,,,,,,,,,True,
23170902,https://www.airbnb.com.vn/rooms/23170902,,,7,14.05872,108.27771,REGULAR,,KhÃ¡ch sáº¡n Happy Day - PhÃ²ng tiÃªu chuáº©n,hotel_room,,False,,/ Ä‘Ãªm,2.0,,True,,True,,True,,,,,776.212,â‚«776.212,,,True,,,,,,,,True,,,,,,True,True,True,,True,,,,,,,,,
42748902,https://www.airbnb.com.vn/rooms/42748902,,,7,14.05912,108.27693,REGULAR,,KhÃ¡ch sáº¡n Amber Nha Trang| Cáº£nh quan thÃ nh phá»‘ sang trá»ng,private_room,,False,,/ Ä‘Ãªm,2.0,,,,True,,,,,False,False,,,,,,,,,,,,,,,True,,,,,,True,,,,,,,,,,,
52688934,https://www.airbnb.com.vn/rooms/52688934,,Kon PlÃ´ng,21,14.59068,108.28271,REGULAR,,"PhÃ²ng riÃªng thoáº£i mÃ¡i áº©n nÃ¡u-HeniSiHom,",private_room,,False,,/ Ä‘Ãªm,4.0,True,True,,True,,True,,,False,False,855.883,â‚«855.883,,,,,False,True,,,,,True,,,,False,,,,,,,,,,,,,,,
18316527,https://www.airbnb.com.vn/rooms/18316527,,,22,14.05943,108.27772,REGULAR,,"Vá»‹ trÃ­ tá»‘t Ä‘á»ƒ á»Ÿ táº¡i thÃ nh phá»‘ há»“ chÃ­ minh, Viá»‡t Nam",private_room,,False,,/ Ä‘Ãªm,2.0,True,True,,True,,True,,,False,,936.809,â‚«936.809,,True,,,False,False,,,,,,,True,,False,,,True,,,True,,,,,,,,,
40629845,https://www.airbnb.com.vn/rooms/40629845,,,9,14.05929,108.27774,REGULAR,,"PhÃ²ng tá»‘t nháº¥t BÃ¬nh TÃ¢n, Cozzy House",private_room,,False,,/ Ä‘Ãªm,2.0,True,True,,True,,True,,,False,False,837.046,â‚«837.046,,,,,False,False,True,,,,,,True,,,,,True,,,True,,,,,,,,,
42748847,https://www.airbnb.com.vn/rooms/42748847,,,7,14.05892,108.27634,REGULAR,,KhÃ¡ch sáº¡n Amber Nha Trang| Cháº¿ Ä‘á»™ xem thÃ nh phá»‘ cao cáº¥p (Chá»‰ dÃ nh cho phÃ²ng),private_room,,False,,/ Ä‘Ãªm,2.0,,,,True,,,,,False,False,,,,,,,,,,,,,,,True,,,,,,True,,,,,,,,,,,
40952814,https://www.airbnb.com.vn/rooms/40952814,,,3,14.05861,108.27831,REGULAR,,Homstay vÃ  tour,entire_home,,False,,/ Ä‘Ãªm,16.0,,True,True,True,,,,,False,False,925.080,â‚«925.080,,,,,,,,,,,,,,,,,,,True,,,,,,,,,,,
34008673,https://www.airbnb.com.vn/rooms/34008673,,ThÃ nh phá»‘ Pleiku,10,13.96738,108.03269,REGULAR,,cho thue nha 11 le duan pleiku gia lai,entire_home,,False,,/ Ä‘Ãªm,4.0,True,True,,,True,True,,,False,False,2.810,â‚«2.810.426,,True,,,,,,,True,,,,True,,,,,,,,,,,,,,,,,
17931692,https://www.airbnb.com.vn/rooms/17931692,,,9,14.00622,108.27025,REGULAR,,CÄƒn há»™ Loft Ä‘áº¹p Táº§ng 30,private_room,,False,,/ Ä‘Ãªm,1.0,True,True,,True,,True,,,False,,1.426,â‚«1.426.471,,True,,,False,False,True,,,,,,True,,,,,True,,,True,,,,,,,,,
35580244,https://www.airbnb.com.vn/rooms/35580244,,ThÃ nh phá»‘ Kon Tum,10,14.35424,108.00811,REGULAR,,cho thue nha 271-255 ba trieu,entire_home,,False,,/ Ä‘Ãªm,1.0,True,True,,True,True,True,,,False,False,2.863,â‚«2.863.958,,,,,,,,,,,,,,,,,,,,,,,,,,,,,,
38401716,https://www.airbnb.com.vn/rooms/38401716,,,6,14.05872,108.27827,REGULAR,,NhÃ  ong á»Ÿ Há»“ HoÃ n Kiáº¿m,private_room,,False,,/ Ä‘Ãªm,2.0,True,True,,True,,True,,,False,False,,,,True,,True,False,False,,,,,,,,,False,,,,,,True,,,,,,,,,
27652805,https://www.airbnb.com.vn/rooms/27652805,,ThÃ nh phá»‘ Pleiku,8,13.97123,107.99459,REGULAR,,BATHUVA THÆ¯ GIÃƒN VÃ€ Táº¬N HÆ¯á»NG CHUYáº¾N ÄI DU Lá»ŠCH Táº I GIALAI,entire_home,,False,,/ Ä‘Ãªm,5.0,True,True,,True,,True,,,,,936.822,â‚«936.822,,True,True,,,,,,True,,,,True,,,,,,,,True,,,,,,,,,
11500318,https://www.airbnb.com.vn/rooms/11500318,,,15,14.06581,108.27503,REGULAR,,Mai ChÃ¢u cá»• Ä‘iá»ƒn 2 ngÃ y - 1 Ä‘Ãªm,shared_room,,False,,/ Ä‘Ãªm,16.0,,True,,,,True,,,False,False,2.007,â‚«2.007.442,,,,,,,,,,,True,,,,,,,,True,,,,,,,,,,,
19576683,https://www.airbnb.com.vn/rooms/19576683,,PhÃº Thiá»‡n,8,13.53999,108.32731,REGULAR,,phÃ²ng gia Ä‘Ã¬nh 8 ngÆ°á»i vá»›i Ma Thá»‹ NÆ°á»Ÿi,entire_home,,False,,/ Ä‘Ãªm,8.0,True,True,,True,True,True,,,,,669.159,â‚«669.159,,True,True,,,,,,True,,,,,,,,,,,,True,,,,,,,,True,
38039632,https://www.airbnb.com.vn/rooms/38039632,,,2,14.05896,108.2779,REGULAR,,PLUS HOTEL,shared_room,,False,,/ Ä‘Ãªm,16.0,,True,,,,True,True,,False,False,802.984,â‚«802.984,,,True,,,,,,,,True,,,,,,,,True,,,,,,,,,,,
38854431,https://www.airbnb.com.vn/rooms/38854431,,,21,14.05908,108.2782,REGULAR,,PhÃ²ng suite *10 phÃºt Ä‘áº¿n Old town*2 pax,private_room,,False,,/ Ä‘Ãªm,2.0,,True,,True,,True,,,False,False,,,,True,,,,,,,True,,,,True,,,,,True,,,True,,,,,,,,,
21830267,https://www.airbnb.com.vn/rooms/21830267,,ThÃ nh phá»‘ Kon Tum,6,14.34532,108.00447,REGULAR,,Kon tum mone dep lp,entire_home,,False,,/ Ä‘Ãªm,,,,,,,,,,,,2.810,â‚«2.810.426,,,,,,,,,,,,,,,,,,,,,,,,,,,,,,
39513605,https://www.airbnb.com.vn/rooms/39513605,,,9,14.05741,108.27835,REGULAR,,ROSALIA - GOLDEN WEST,entire_home,,False,,/ Ä‘Ãªm,,,,,,,,,,,,970.000,â‚«970.000,,,,,,,,,,,,,,,,,,,,,,,,,,,,,,
34174870,https://www.airbnb.com.vn/rooms/34174870,,ThÃ nh phá»‘ Kon Tum,10,14.36384,107.99671,REGULAR,,cho thue nha 35-19 nguyen thi minh khai,entire_home,,False,,/ Ä‘Ãªm,,,,,,,,,,,,2.890,â‚«2.890.707,,,,,,,,,,,,,,,,,,,,,,,,,,,,,,
22223123,https://www.airbnb.com.vn/rooms/22223123,,ThÃ nh phá»‘ Kon Tum,8,14.37018,108.01907,REGULAR,,"Cho thuÃª cÄƒn há»™ táº¡i Tráº§n VÄƒn Hai, 80m2",entire_home,,False,,/ Ä‘Ãªm,,,,,,,,,,,,2.837,â‚«2.837.157,,,,,,,,,,,,,,,,,,,,,,,,,,,,,,
35208861,https://www.airbnb.com.vn/rooms/35208861,,ThÃ nh phá»‘ Pleiku,11,13.981,108.00825,REGULAR,,TÃ¢y Ban Nha79,private_room,,False,,/ Ä‘Ãªm,,,,,,,,,,,,297.732,â‚«297.732,,,,,False,False,,,,,,,,,,,,,,,,,,,,,,,,
24994268,https://www.airbnb.com.vn/rooms/24994268,,Kon Tum,10,14.35086,107.99168,REGULAR,,CÄƒn há»™ chung cÆ° táº¡i Sky Center,entire_home,,False,,/ Ä‘Ãªm,,,,,,,,,,,,2.783,â‚«2.783.634,,,,,,,,,,,,,,,,,,,,,,,,,,,,,,
28740690,https://www.airbnb.com.vn/rooms/28740690,,ThÃ nh phá»‘ Pleiku,7,13.97532,107.99519,REGULAR,,Phuot Pleiku Homestay,shared_room,,False,,/ Ä‘Ãªm,,,,,,,,,,,,268.177,â‚«268.177,,,,,,,,,,,,,,,,,,,,,,,,,,,,,,
26719874,https://www.airbnb.com.vn/rooms/26719874,,Kon Tum,9,14.3495,108.0062,REGULAR,,Bac Huong Hotel,entire_home,,False,,/ Ä‘Ãªm,,,,,,,,,,,,1.932,â‚«1.932.232,,,,,,,,,,,,,,,,,,,,,,,,,,,,,,
34727318,https://www.airbnb.com.vn/rooms/34727318,,ThÃ nh phá»‘ Kon Tum,6,14.35919,108.00264,REGULAR,,cho thue nha 216-202 le hong phong,entire_home,,False,,/ Ä‘Ãªm,,,,,,,,,,,,2.863,â‚«2.863.943,,,,,,,,,,,,,,,,,,,,,,,,,,,,,,
22439959,https://www.airbnb.com.vn/rooms/22439959,,ThÃ nh phá»‘ Pleiku,7,13.96834,108.01406,REGULAR,,NhÃ  cho thuÃª Penthouse CC Cá»­u Long 3PN,entire_home,,False,,/ Ä‘Ãªm,,,,,,,,,,,,2.810,â‚«2.810.404,,,,,,,,,,,,,,,,,,,,,,,,,,,,,,
35429263,https://www.airbnb.com.vn/rooms/35429263,,ThÃ nh phá»‘ Kon Tum,10,14.35413,108.00152,REGULAR,,cho thue nha 292-294 ba trieu,entire_home,,False,,/ Ä‘Ãªm,,,,,,,,,,,,2.837,â‚«2.837.181,,,,,,,,,,,,,,,,,,,,,,,,,,,,,,
