room_id,url,city,contextualPicturesCount,lat,long,listingObjType,pdpUrlType,name,roomTypeCategory,isSuperHost,isVerified,canInstantBook,weeklyPriceFactor,structuredStayDisplayPrice,maxGuestCapacity,SYSTEM_LOCK_ON_DOOR,SYSTEM_VIEW_CITY,SYSTEM_FLOWER,SYSTEM_WI_FI,SYSTEM_WORKSPACE,SYSTEM_MAPS_CAR_RENTAL,SYSTEM_PETS,SYSTEM_SURVEILLANCE,SYSTEM_NO_DETECTOR_CO2,SYSTEM_NO_DETECTOR_SMOKE,SYSTEM_COOKING_BASICS,SYSTEM_TV,SYSTEM_WASHER,SYSTEM_DRYER,rating,reviewCount,price,price_full,SYSTEM_VIEW_MOUNTAIN,SYSTEM_VIEW_OCEAN,SYSTEM_SNOWFLAKE,yearHosting,SYSTEM_NO_LOCK_ON_DOOR,SYSTEM_HAIRDRYER,SYSTEM_BREAKFAST,SYSTEM_FIREPLACE,SYSTEM_POOL,SYSTEM_FIREPIT,SYSTEM_ELEVATOR,SYSTEM_PATIO_BALCONY,SYSTEM_LUGGAGE_DROP,SYSTEM_SMOKING_ALLOWED,SYSTEM_JACUZZI,SYSTEM_EV_CHARGER,SYSTEM_BATHTUB,SYSTEM_GYM,SYSTEM_CALENDAR,SYSTEM_REFRIGERATOR,SYSTEM_HIGH_CHAIR,SYSTEM_MAPS_RESORT,SYSTEM_SKI
871232370058455122,https://www.airbnb.com.vn/rooms/871232370058455122,Thành phố Hà Giang,16,22.805310379326716,104.97586907202212,REGULAR,,Studio near Ha Giang bus station,private_room,False,True,False,,/ đêm,2,True,True,True,True,True,True,True,True,False,False,,,,,,,,,,,,,,,,,,,,,,,,,,,,,,,
873443798559383667,https://www.airbnb.com.vn/rooms/873443798559383667,Thành phố Hà Giang,11,22.81605105027045,104.98064560845391,REGULAR,,Su's Villa Hà Giang -Phòng khép kín & bàn làm việc,private_room,,,False,,/ đêm,2,,,,True,True,True,,True,False,False,True,True,True,True,,,,,,,,,,,,,,,,,,,,,,,,,,,
699209610856861453,https://www.airbnb.com.vn/rooms/699209610856861453,Thành phố Hà Giang,15,22.801844818518667,104.97945170849562,REGULAR,,có chỗ đỗ xe miễn phí,private_room,,,False,,/ đêm,4,,,,True,True,True,,True,False,,True,True,,,"5,0",9,429.083,₫429.083,True,True,True,,,,,,,,,,,,,,,,,,,,
784384469401827787,https://www.airbnb.com.vn/rooms/784384469401827787,Hà Giang,29,22.788039628922743,104.96635347604752,REGULAR,,Bungalow có thể nhìn thấy núi ven sông,entire_home,,,False,,/ đêm,4,,,,True,True,True,True,True,False,False,,,,,"5,0",6,914.071,₫914.071,True,True,,,,,,,,,,,,,,,,,,,,,
38360695,https://www.airbnb.com.vn/rooms/38360695,Thành phố Hà Giang,30,22.79305,104.97046,REGULAR,,Phòng đôi có thể nhìn thấy núi.,private_room,True,True,False,,/ đêm,2,,,True,True,,True,True,,False,False,True,,,,"4,93",57,299.623,₫299.623,True,True,,4,False,,,,,,,,,,,,,,,,,,
745183878225323211,https://www.airbnb.com.vn/rooms/745183878225323211,Hà Giang,16,22.78707,104.9674,REGULAR,,Bungalow được làm bằng gỗ với mái nhà lá cọ,private_room,,,False,,/ đêm,2,,,,True,True,True,True,True,False,False,True,,,,"4,88",8,513.883,₫513.883,True,True,,,,,,,,,,,,,,,,,,,,,
830389421412800870,https://www.airbnb.com.vn/rooms/830389421412800870,Thành phố Hà Giang,6,22.80148,104.9804,REGULAR,,phù hợp cho các cặp đôi,private_room,True,True,False,,/ đêm,2,True,,,True,True,True,,True,False,,True,True,,,,2,302.412,₫302.412,,,True,3,,True,,,,,,,,,,,,,,,,,
35472252,https://www.airbnb.com.vn/rooms/35472252,Thành phố Ha Giang,18,22.81521,104.989,REGULAR,,Khách sạn lịch sử Hà Giang - Phòng đôi III,hotel_room,,,False,,/ đêm,2,,,,True,,True,,,False,False,,True,,,"5,0",11,855.883,₫855.883,,,True,,,True,True,,,,,,,,,,,,,,,,
874145218482745655,https://www.airbnb.com.vn/rooms/874145218482745655,Thành phố Hà Giang,15,22.8160235,104.980426,REGULAR,,Su's Villa Hà Giang-Phòng gia đình có bồn tắm,private_room,,,False,,/ đêm,4,,,,True,True,True,,True,False,False,True,True,True,,,,,,,,True,,,,,,,,,,,,,,,,,,,,
664715758050751420,https://www.airbnb.com.vn/rooms/664715758050751420,Thành phố Hà Giang,30,22.8188741,104.9797631,REGULAR,,căn hộ với view thành phố và các dãy núi tuyệt đẹp,entire_home,,,False,,/ đêm,6,,True,,True,True,True,True,True,False,,True,True,,,,,,,True,,,,,,,,,,,,,,,,,,,,,,
10810414,https://www.airbnb.com.vn/rooms/10810414,Lao cai ,30,22.371359,104.519012,REGULAR,,Quế EcoLodge bungalow 1,private_room,True,True,False,,/ đêm,2,,,True,True,True,True,,,False,False,True,,,,"4,97",69,913.907,₫913.907,True,True,,8,False,,,,,,,,,,,,,,,,,,
861877459282342495,https://www.airbnb.com.vn/rooms/861877459282342495,Thành phố Hà Giang,5,22.80527,104.97578,REGULAR,,bắc cường motorbikes& home stay,private_room,,,False,,/ đêm,6,,,,True,True,True,,True,False,False,,,True,,,,,,,,True,,,,,,,,,,,,,,,,,,,,
38992463,https://www.airbnb.com.vn/rooms/38992463,Thành phố Hà Giang,8,22.8492041,105.0102914,REGULAR,,Bungalow thân thiện với thiên nhiên,private_room,,,False,,/ đêm,2,,,,True,True,True,,True,False,False,,True,True,,,,399.412,₫399.412,,,True,,,,,,,,,,,,,,,,,,,,
797435495843517772,https://www.airbnb.com.vn/rooms/797435495843517772,Thành phố Hà Giang,8,22.8336135,104.9879625,REGULAR,,Hà Giang BackPacker Hostel 1,private_room,,,False,,/ đêm,2,,,,True,True,True,,,,,True,True,True,True,,,268.177,₫268.177,,True,True,,,,,True,,,,,,,,,,,,,,,
47891668,https://www.airbnb.com.vn/rooms/47891668,Quản Bạ District,30,23.06809,105.02787,REGULAR,,Khu nghỉ dưỡng làng Hmong,private_room,,,False,,/ đêm,16,,,,True,True,True,,,False,,,True,,True,,,1.141,₫1.141.177,True,,True,,,True,,,True,,,,,,,,,,,,,,
772322069124479874,https://www.airbnb.com.vn/rooms/772322069124479874,Bản Luốc,30,22.6804399,104.6762738,REGULAR,,Nername Lashboard Retreat 5- bao gồm bữa sáng,private_room,False,True,False,,/ đêm,2,True,,,True,,True,,True,False,False,True,,,,,2,530.000,₫530.000,,,,4,,,,,,True,,,,,,,,,,,,,
741183471428820924,https://www.airbnb.com.vn/rooms/741183471428820924,Du Già,9,22.929858243892042,105.21509282290936,REGULAR,,Tom 's Du Già homestay - Bungalow view núi.,private_room,,,False,,/ đêm,2,,,,True,,True,True,True,False,False,,True,True,,,,741.765,₫741.765,,,True,,,,,,,True,,,,,,,,,,,,,
834722270954745990,https://www.airbnb.com.vn/rooms/834722270954745990,Thành phố Hà Giang,12,22.8412179,104.9989573,REGULAR,,-20% Clean Tidy Room #City Center | FREE Parking,private_room,,,False,,/ đêm,2,,,,True,True,True,,,False,False,,True,True,True,,,,,,,True,,,,,,,,True,,,,,,,,,,,,
890090580630118450,https://www.airbnb.com.vn/rooms/890090580630118450,Thành phố Hà Giang,13,22.81572,104.98022,REGULAR,,Su's Villa Hà Giang- Phòng giường đôi với ban công,private_room,,,False,,/ đêm,2,,,,True,True,True,,True,False,False,True,True,True,,,,,,,,True,,,,,,,,,,,,,,,,,,,,
830389438113348766,https://www.airbnb.com.vn/rooms/830389438113348766,Thành phố Hà Giang,7,22.80179197962387,104.97935313731432,REGULAR,,"Chỗ nghỉ thoải mái, yên tĩnh",private_room,,,False,,/ đêm,4,,,,True,True,True,,True,False,,True,True,,,,,342.353,₫342.353,,,True,,,,,,,,,True,True,,,,,,,,,,
772111431215026607,https://www.airbnb.com.vn/rooms/772111431215026607,Bản Luốc,30,22.6804399,104.6762738,REGULAR,,Nername Lashboard Retreat 3- bao gồm bữa sáng,private_room,False,True,False,,/ đêm,2,True,,,True,,True,,True,False,False,True,,,,,,,,,,,,,,,,,True,,,,,,,,,,,,,
29427425,https://www.airbnb.com.vn/rooms/29427425,Yên Minh,10,23.11826515197754,105.14154052734375,REGULAR,,"Ngôi nhà có tầm nhìn ra quang cảnh núi, cảnh thiên nhiên",private_room,,,False,,/ đêm,2,,,,True,,True,,,False,False,,True,True,True,"4,56",9,268.177,₫268.177,,,True,,,True,,,,,,,,True,,,,,,,,,
674230542801133851,https://www.airbnb.com.vn/rooms/674230542801133851,Quản Bạ,12,23.04367,105.01548,REGULAR,,Phòng Deluxe-Dbl Tầm nhìn ra thiên nhiên từ phòng tắm,private_room,,,False,,/ đêm,2,,,,True,,True,,True,False,False,,,,,,,1.129,₫1.129.765,,,,,,,,True,,,,,,,True,,,,,,,,
43806392,https://www.airbnb.com.vn/rooms/43806392,tt. Đồng Văn,12,23.27437,105.36422,REGULAR,,Phòng tiêu chuẩn - Homestay sang trọng,private_room,,,False,,/ đêm,2,,,,True,,True,,,False,False,,,,,,,399.412,₫399.412,,,,,,,,,,,,,,,,,,,,,,,
36363109,https://www.airbnb.com.vn/rooms/36363109,Hà Giang,26,22.80143,104.97815,REGULAR,,Phòng đôi không có phòng tắm - Ký túc xá Green Hill,private_room,False,True,False,,/ đêm,2,True,,True,True,,True,,,,,True,True,,,,,267.664,₫267.664,,,True,,,True,True,,,,,,,True,,,,,,,,,
771977081127042210,https://www.airbnb.com.vn/rooms/771977081127042210,Bản Luốc,30,22.679845948345402,104.67595193491822,REGULAR,,Phòng ngủ tập thể 1 - bao gồm bữa sáng,shared_room,,,False,,/ đêm,9,,,,True,,True,,True,False,False,True,,,,,,300.000,₫300.000,True,,,,,,,,,True,,,,,,,,,,,,,
679918065768890260,https://www.airbnb.com.vn/rooms/679918065768890260,Thành phố Hà Giang,22,22.80154,104.98249,REGULAR,,Khách sạn Hải Ninh,private_room,,,False,,/ đêm,4,,,,True,,True,True,True,False,False,,True,,,,,,,,,True,,,,,,,,,,,,,,,,,,,,
818418900354447025,https://www.airbnb.com.vn/rooms/818418900354447025,Thành phố Hà Giang,30,22.661279929290636,105.05255598574877,REGULAR,,Quanba Taigoo - HomeStay,private_room,False,True,False,,/ đêm,16,,True,True,True,True,True,,True,False,False,True,,,,,,235.597,₫235.597,,,,,False,,,,,,,,,,,,,,,,,,
893048051562528788,https://www.airbnb.com.vn/rooms/893048051562528788,Thông Nguyên,8,22.59247892920874,104.71188613214903,REGULAR,,Móng Ngựa homestay,private_room,,,False,,/ đêm,15,,,,True,True,True,,True,False,False,,,True,,,,,,,,,,,,,,,,,,,,,,,,,,,,
770731201978777947,https://www.airbnb.com.vn/rooms/770731201978777947,Na Hang,24,22.449211924557034,105.24285938590765,REGULAR,,Phòng Vip - Kéo Nàng Homestay,private_room,,,False,,/ đêm,1,,,,True,True,True,,True,False,False,,True,True,,,,,,,True,,,,,,,True,,,,,,,,,,,,,,
39658703,https://www.airbnb.com.vn/rooms/39658703,Hà Giang,6,22.80372,104.97885,REGULAR,,Phòng đôi có hai giường,private_room,False,True,False,,/ đêm,3,True,,,True,True,True,,,False,False,True,True,True,True,,1,285.294,₫285.294,,,,3,,,,,,,,,,,,,,,,,,,
836821647740696251,https://www.airbnb.com.vn/rooms/836821647740696251,Du Già,17,22.9378304,105.2077798,REGULAR,,Du Già Vân Chung Homesstay,private_room,False,True,False,,/ đêm,12,,,,True,,True,True,,False,False,True,,True,,,,285.294,₫285.294,True,True,,,False,,,,,,,,,,,,,,,,,,
39654854,https://www.airbnb.com.vn/rooms/39654854,Hà Giang,13,22.81887,104.95754,REGULAR,,Phòng 3 giường,private_room,False,True,False,,/ đêm,9,,True,,True,True,True,,,,,True,True,,,,,,,True,,,,False,,,,,,,,,,True,True,,,,,,,
822103236185099849,https://www.airbnb.com.vn/rooms/822103236185099849,Thành phố Hà Giang,11,22.825754,104.9890729,REGULAR,,tour sinh thái - nhà ở & Hà Giang,private_room,,,False,,/ đêm,2,,,,True,True,True,,True,False,False,True,,True,,,,627.647,₫627.647,,,True,,,,,,,True,,,,,,,,,,,,,
33697823,https://www.airbnb.com.vn/rooms/33697823,,30,22.82707,104.95265,REGULAR,,Welcome to Maison Teahouse Homestay!,private_room,False,False,False,,/ đêm,3,,,,True,,True,,,False,False,True,,True,True,"4,33",6,319.530,₫319.530,,,True,4,False,True,,,,,,,,,,,,,,,,,
870970708672067845,https://www.airbnb.com.vn/rooms/870970708672067845,Mèo Vạc,5,23.163857075911096,105.40842630805935,REGULAR,,nhà nghỉ thu nụ,private_room,,,False,,/ đêm,1,,,,True,True,True,True,,False,False,,True,,,,,,,,,True,,,,,,,,,,,True,,,,,,,,,
45588888,https://www.airbnb.com.vn/rooms/45588888,Thành phố Hà Giang,9,22.77654,104.97164,REGULAR,,An amazing Ha Giang wings bungalow,private_room,False,True,False,,/ đêm,16,,,,True,,True,True,,False,False,,True,,,,,513.530,₫513.530,,,True,,False,,,True,True,,,,,,,,,,,,,,
36722385,https://www.airbnb.com.vn/rooms/36722385,Hà Giang,12,22.80209,104.97919,REGULAR,,Bungalow Double bed - Green Hill Hostel,private_room,,,False,,/ đêm,4,,,,True,,True,,,False,False,True,True,,,"5,0",5,513.530,₫513.530,,True,True,,,True,,,,,,,True,,,,,,,,,,
46574605,https://www.airbnb.com.vn/rooms/46574605,Yên Minh,30,22.93151,105.22264,REGULAR,,Du Già Homestay thân thiện,private_room,False,True,False,,/ đêm,16,True,,,True,True,True,True,,False,False,True,,,,"4,5",4,264.753,₫264.753,,True,,2,,,,,True,,,,,,,,,,,,,,
778225014373705366,https://www.airbnb.com.vn/rooms/778225014373705366,Thành phố Hà Giang,10,22.833722441853148,104.99172113835812,REGULAR,,Homestay có khoảng sân vườn và khu đỗ xe miễn phí,private_room,False,True,False,,/ đêm,16,,,,True,,True,,True,False,False,True,,True,,"4,25",4,570.589,₫570.589,,,True,8,False,,,,,True,,,,,,,,,,,,,
17127559,https://www.airbnb.com.vn/rooms/17127559,Khuôn Lùng,30,22.49828,104.52866,REGULAR,,Tho Homestay - Một trải nghiệm thực sự tại địa phương,shared_room,,,False,,/ đêm,7,,,True,True,,True,True,,False,False,True,True,True,,"4,83",6,267.664,₫267.664,,,,,,,,,,,,True,,,,,,,,,,,
855704027428167998,https://www.airbnb.com.vn/rooms/855704027428167998,Thành phố Hà Giang,30,22.79282,104.9855,REGULAR,,Stay With Locals & Do Kayaking,shared_room,,,False,,/ đêm,9,,,,True,True,True,,True,False,False,True,True,,,,,325.435,₫325.435,,True,,,,,,,True,,,,,,,,,,,,,,
771645398982164429,https://www.airbnb.com.vn/rooms/771645398982164429,Bản Luốc,30,22.68064657613325,104.67484261840582,REGULAR,,Nername Lashboard Retreat 4- bao gồm bữa sáng,private_room,False,True,False,,/ đêm,2,True,,True,True,,True,,True,False,False,True,,,,,,,,True,,,,,,,,,,,,,,,,,,,,,,
40214773,https://www.airbnb.com.vn/rooms/40214773,Thành phố Hà Giang,14,22.77465,104.97018,REGULAR,,Ký túc xá Bungalow với 3 giường đôi tại RockGarden,shared_room,,,False,,/ đêm,6,,,True,True,,True,,,False,False,,,True,,,,267.664,₫267.664,,,True,,,,True,,True,,,,,True,,,,,,,,,
648163912145764368,https://www.airbnb.com.vn/rooms/648163912145764368,Lũng Cú,5,23.36442,105.31143,REGULAR,,Căn Bungalow nhà gỗ trên núi.,private_room,False,False,False,,/ đêm,2,True,,,True,True,True,,True,False,False,,,True,,,,684.706,₫684.706,,,,,,,,,,,,,,,True,,True,,,,,,
38647899,https://www.airbnb.com.vn/rooms/38647899,Đồng Văn District,30,23.3651,105.31144,REGULAR,,Đồng Văn*Lô Lô Chải *2Pax*Phòng riêng,private_room,False,True,False,,/ đêm,2,True,,,True,,True,,,False,False,,,,,"4,33",6,,,,,,4,,True,True,,,,,,,,,,,,,,,,
627050982956379509,https://www.airbnb.com.vn/rooms/627050982956379509,tt. Đồng Văn,9,23.28088,105.36393,REGULAR,,1 giường trong phòng ngủ tập thể 6 khách,shared_room,,,False,,/ đêm,1,,True,,True,True,True,True,True,False,False,True,,,,,,,,True,,,,,,,,,,,,,,,,,,,,,,
17875294,https://www.airbnb.com.vn/rooms/17875294,,30,23.27348,105.37058,REGULAR,,H'Mong Homestay & Trekking Tour in Dong Van,private_room,False,True,False,,/ đêm,14,,True,True,True,,True,,,False,False,True,,True,,"4,76",59,401.495,₫401.495,,,,8,False,,,,,,,True,,,,,,,,,,,
27032539,https://www.airbnb.com.vn/rooms/27032539,,28,22.63308,104.70103,REGULAR,,"VN Farmstay Retreat tại Nam Sơn, gần Hà Giang",shared_room,,,False,,/ đêm,12,,,True,True,,True,,,False,False,True,True,True,,"4,94",17,268.177,₫268.177,,,,,,,,,,,,True,True,,,,,,,,,,
673760963603715238,https://www.airbnb.com.vn/rooms/673760963603715238,Bảo Yên,30,22.34374,104.4964,REGULAR,,Bungalow nhà nghỉ sinh thái Cinnamon 2,private_room,,,False,,/ đêm,2,,,,True,True,True,,True,False,False,,,,,,,910.037,₫910.037,,,True,,,,,True,,,,,,,,,,,,,,,
538898748086117998,https://www.airbnb.com.vn/rooms/538898748086117998,Thành phố Hà Giang,14,22.819,104.95714,REPRESENTATIVE,,Hà Giang Ali Hostel Phòng Đơn 1 Giường 201,private_room,,,False,,/ đêm,2,,,,True,True,True,,True,False,False,,True,True,True,,,300.000,₫300.000,,,True,,,,,,,,,,,,,,,,,,,,
43830759,https://www.airbnb.com.vn/rooms/43830759,tt. Đồng Văn,13,23.27546,105.36626,REGULAR,,Phòng đôi có cửa sổ -Plum Homestay,private_room,False,True,False,,/ đêm,2,True,,,True,,True,,,False,False,,,,,,,399.412,₫399.412,,,,,,,,,,,,,,,,,,,,,,,
888904723600069383,https://www.airbnb.com.vn/rooms/888904723600069383,Thành phố Hà Giang,11,22.816283064033556,104.98100336641073,REGULAR,,Su's Villa Hà Giang - 2 phòng giường đôi khép kín,private_room,,,False,,/ đêm,4,,,,True,True,True,,True,False,False,True,True,True,True,,,,,,,,,,,,,,,,,,,,,,,,,,,
690807399753084984,https://www.airbnb.com.vn/rooms/690807399753084984,Thành phố Hà Giang,9,22.77631,104.96877,REGULAR,,Boutique bungalow với hồ bơi và tầm nhìn ra thiên nhiên 2,private_room,,,False,,/ đêm,2,,,,True,True,True,,True,False,False,,True,,,,,570.589,₫570.589,,,True,,,,,,True,,,,,,,,,,,,,,
835469757007482034,https://www.airbnb.com.vn/rooms/835469757007482034,Thành phố Hà Giang,10,22.8412179,104.9989573,REGULAR,,-20% Large Family Room/2Beds #FREE Parking~Center,private_room,,,False,,/ đêm,3,,,,True,True,True,,,False,False,,True,True,True,,,,,,,True,,,,,,,,True,,,,,,,,,,,,
778225343298770246,https://www.airbnb.com.vn/rooms/778225343298770246,Thành phố Hà Giang,18,22.833846,104.9917298,REGULAR,,Homestay giải trí của Pao,private_room,False,True,False,,/ đêm,4,True,,,True,True,True,,True,False,False,True,,True,True,,,,,,,,,,,,,,,,,,,,,,,,,,,
771594217908354221,https://www.airbnb.com.vn/rooms/771594217908354221,Bản Luốc,30,22.680844342589133,104.67572305351496,REGULAR,,Phòng tập thể 2- Bao gồm bữa sáng,shared_room,,,False,,/ đêm,9,,,,True,,True,,True,False,False,True,,,,,,,,True,,,,,,,,,True,,,,,,,,,,,,,
29429995,https://www.airbnb.com.vn/rooms/29429995,Yên Minh,9,23.118078231811523,105.14159393310547,REGULAR,,"nhà có  nhìn ra đồi núi, phong cảnh thiên nhiên",private_room,,,False,,/ đêm,3,,,,True,,True,,,False,False,,True,True,True,"4,25",4,399.412,₫399.412,,,True,,,,,True,,,,,,,True,,,,,,,,
839374466763048719,https://www.airbnb.com.vn/rooms/839374466763048719,Đồng Văn,7,23.27704,105.36214,REGULAR,,Phòng Giường Đôi Ngoài Ban Công,private_room,,,False,,/ đêm,2,,True,,True,,True,,True,False,False,,True,,,,,456.471,₫456.471,True,,True,,,,,,,,,,,,,,,,,,,,
762578266711982104,https://www.airbnb.com.vn/rooms/762578266711982104,Bảo Yên,16,22.340984085185173,104.4967269694641,REGULAR,,Bungalow nhà nghỉ sinh thái Cinnamon 3,entire_home,,,False,,/ đêm,2,,,,True,,True,,,False,False,True,,True,,,,1.139,₫1.139.012,,,,,,,,,,,,,,,,,,,,,,,
40164660,https://www.airbnb.com.vn/rooms/40164660,Thành phố Hà Giang,27,22.83655,104.97947,REGULAR,,"quang cảnh nhà, núi và làng h 'mong ở Đồng Văn",private_room,False,False,False,,/ đêm,2,,,,True,True,True,,,,,True,True,True,,,,,,,,,,False,,True,,,,,,,,,,,True,,,,,
621473954602164154,https://www.airbnb.com.vn/rooms/621473954602164154,Thành phố Hà Giang,30,22.8435,105.00984,REGULAR,,❤ Playful villa with swimming pool,shared_room,,,False,,/ đêm,16,,,True,True,,True,,True,,,True,,True,,,,285.294,₫285.294,,,True,,,,,,True,,,True,,,,,,,,,,,
703436104366860713,https://www.airbnb.com.vn/rooms/703436104366860713,Bảo Yên,17,22.34171244350373,104.49503805488348,REGULAR,,Phòng sinh thái quế,private_room,,,False,,/ đêm,2,,,,True,,True,,,False,False,,,,,,,401.495,₫401.495,,,True,,,,,,,True,,,,,,,,,,,,,
38631586,https://www.airbnb.com.vn/rooms/38631586,Lũng Cú,30,23.36138,105.31358,REGULAR,,Dong Van * Lô Lô Chーi Village * 4Pax * BathR Private,private_room,,,False,,/ đêm,6,,,,True,,True,,,False,False,,,,,,,,,,,,,,True,True,,,,,,,,,,,,,,,,
627046138625236455,https://www.airbnb.com.vn/rooms/627046138625236455,tt. Đồng Văn,5,23.28063,105.36402,REGULAR,,Phòng Superior Double-2pax,private_room,,,False,,/ đêm,2,,,,True,True,True,True,True,False,False,True,,True,True,,,627.647,₫627.647,,,,,,,,,,,,,,,,,,,,,,,
854823115377227076,https://www.airbnb.com.vn/rooms/854823115377227076,Thượng Lâm,30,22.47205,105.33691,REGULAR,,Trải nghiệm gia đình bộ lạc Tây & chèo thuyền kayak,shared_room,,,False,,/ đêm,9,,,,True,True,True,,,False,False,True,,,,,,382.319,₫382.319,True,True,,,,,,,True,,,,,,,,,,,,,,
45909906,https://www.airbnb.com.vn/rooms/45909906,Thành phố Hà Giang,6,22.662,105.05124,REGULAR,,Chỗ ở đáng yêu có ăn sáng và quang cảnh đẹp,private_room,,,False,,/ đêm,2,,,True,True,,True,,,False,False,True,,True,,,,399.412,₫399.412,,,,,,,,,,True,,,,,,,,,,,,,
39662775,https://www.airbnb.com.vn/rooms/39662775,Thành phố Hà Giang,3,22.82995,104.98314,REGULAR,,KHÁCH SẠN GIÁ RẺ KHÁM PHÁ HÀ GIANG,private_room,,,False,,/ đêm,6,,,,True,True,True,True,,False,False,True,True,True,True,,,264.876,₫264.876,,,,,,,,,,,,,,,,,,,,,,,
36853853,https://www.airbnb.com.vn/rooms/36853853,Hà Giang,24,22.85424,105.01333,REGULAR,,Bungalow Double room - Green Hill Hostel,private_room,,,False,,/ đêm,2,,,,True,,True,,,,False,True,True,,,,,374.710,₫374.710,,True,True,,,True,True,,,,,,,,,,,,,,,,
47859632,https://www.airbnb.com.vn/rooms/47859632,Hoàng Su Phì,30,22.56327,104.72359,REGULAR,,"Hoàng Su Phì Bungalow có phòng riêng, có cảnh đẹp",private_room,,,False,,/ đêm,15,,,,True,True,True,,,False,False,True,,True,True,,,570.589,₫570.589,,,,,,,,,True,,,,,,True,,,,,,,,
568994085735389878,https://www.airbnb.com.vn/rooms/568994085735389878,Thành phố Hà Giang,5,22.829269,104.98381,REGULAR,,Phòng đôi - Yên Bái Luxury Hotel ****,private_room,,,False,,/ đêm,2,,True,,True,True,True,,True,,,,True,,,,,1.215,₫1.215.354,True,,True,,,,,,True,,,,,,,,,,,,,,
25881309,https://www.airbnb.com.vn/rooms/25881309,Thành phố Hà Giang,29,22.8406,104.98092,REGULAR,,Thu Thu homestay Ha Giang,private_room,False,True,False,,/ đêm,8,,,,True,,True,True,,False,False,True,True,,,"4,0",4,267.650,₫267.650,,,True,5,False,,,True,,,,,,,,,,,,,,,
624439382040737458,https://www.airbnb.com.vn/rooms/624439382040737458,Đồng Văn,19,23.29269,105.37215,REGULAR,,Nhà sàn bên vách đá có lò sưởi trong nhà,private_room,,,False,,/ đêm,16,,,,True,True,True,True,True,False,False,True,,True,True,,,,,,,,,,,,,,,,,,,,,,,,,,,
627042180541570689,https://www.airbnb.com.vn/rooms/627042180541570689,tt. Đồng Văn,7,23.2815,105.36291,REGULAR,,Phòng Deluxe Triple-3pax,private_room,,,False,,/ đêm,3,,True,,True,True,True,True,True,False,False,True,,,,,,,,True,,,,,,,,,,,,,,,,,,,,,,
835455978552213762,https://www.airbnb.com.vn/rooms/835455978552213762,Thành phố Hà Giang,11,22.8412179,104.9989573,REGULAR,,-20% Ideal Rom 4 People/2beds #Center+FREE Parking,private_room,,,False,,/ đêm,4,,,,True,True,True,,,False,False,,True,True,True,,,,,,,True,,,,,,,,True,,,,,,,,,,,,
672649025318482207,https://www.airbnb.com.vn/rooms/672649025318482207,Thông Nguyên,13,22.58974390510777,104.71711685813825,REGULAR,,"Hoang Su Phi Homestay, Bungalow Nằm giữa cánh đồng",private_room,False,False,False,,/ đêm,4,,,,True,True,True,,True,False,False,True,,True,,,,684.706,₫684.706,,True,,,False,,,,,,,,,,,,,,,,,,
45930654,https://www.airbnb.com.vn/rooms/45930654,Bắc Quang,16,22.41599,104.80571,REGULAR,,Nhà/phòng cho thuê của bạn ở,entire_home,,,False,,/ đêm,16,,,,True,True,True,,True,False,False,True,True,True,,,,285.294,₫285.294,,,,,,,,,True,,,,,,,,,,,,,,
772117135686863334,https://www.airbnb.com.vn/rooms/772117135686863334,Bản Luốc,30,22.6804399,104.6762738,REGULAR,,Nậm Lỳ Retreat 2- Breakfast including,private_room,False,True,False,,/ đêm,2,True,,,True,,True,,True,False,False,True,,,,,,,,,,,,,,,,,True,,,,,,,,,,,,,
874351295855328577,https://www.airbnb.com.vn/rooms/874351295855328577,Thành phố Hà Giang,30,22.8160235,104.980426,REGULAR,,Su's Villa-BT nguyên căn duy nhất tại TP. Hà Giang,entire_home,,,False,,/ đêm,14,,,True,True,True,True,,True,False,False,True,,,,,,,,True,,,,,,,,,,,,,,True,,,,,,,,
777395304523829749,https://www.airbnb.com.vn/rooms/777395304523829749,Thành phố Hà Giang,8,22.801537435104706,104.97835544443517,REGULAR,,Làng trong rừng,private_room,False,True,False,,/ đêm,2,True,True,True,True,True,True,True,True,,,True,,,,,,545.333,₫545.333,,True,,,,,,,,,,,,,,,,,,,,,
45172961,https://www.airbnb.com.vn/rooms/45172961,tt. Đồng Văn,7,23.27839,105.36359,REGULAR,,Phòng đôi có phòng tắm riêng,private_room,False,True,False,,/ đêm,2,True,,,True,,True,,,False,False,,,,,,1,684.706,₫684.706,,,True,3,,True,,,,,,,,,,,,,,,,,
628690438284523075,https://www.airbnb.com.vn/rooms/628690438284523075,Thành phố Hà Giang,17,22.81963,104.98572,REGULAR,,Khách sạn giá rẻ - cho thuê xe máy - tour giá rẻ - cà phê,shared_room,,,False,,/ đêm,8,,,,True,True,True,,True,False,False,,,,,,,268.177,₫268.177,,,True,,,True,,,,,,,,True,,,,,,,,,
34869854,https://www.airbnb.com.vn/rooms/34869854,Quản Bạ District,27,23.04334,105.01628,REGULAR,,Hồng Thu Homestay Quản Bạ Hà Giang,shared_room,,,False,,/ đêm,4,,,True,True,True,True,True,,False,False,True,True,,,,,381.153,₫381.153,,,,,,,,,,,,True,,,,,,,,,,,
556009963473560604,https://www.airbnb.com.vn/rooms/556009963473560604,Quản Bạ,21,23.04351,105.01603,REGULAR,,1 phòng đôi tại DAO LODGE - Nhà cánh én,private_room,False,False,False,,/ đêm,2,True,,True,True,True,True,,True,False,False,,,,,,,981.412,₫981.412,True,,,,,,,,,,,,,,True,,,,,,,,
690809870059300051,https://www.airbnb.com.vn/rooms/690809870059300051,Thành phố Hà Giang,7,22.77621,104.9692,REGULAR,,Chỗ ở đẹp có hồ bơi,private_room,,,False,,/ đêm,2,,,,True,True,True,,True,False,False,,True,,,,,570.589,₫570.589,,,True,,,,,,True,True,,,,,,,,,,,,,
18757042,https://www.airbnb.com.vn/rooms/18757042,Thành phố Hà Giang,9,22.80537,104.97846,REGULAR,,Ký túc xá QT Hà Giang ~ Bữa sáng & bữa tối tùy chọn,private_room,,,False,,/ đêm,16,,,,True,,True,,,False,False,,True,True,,,,257.632,₫257.632,,,True,,,True,True,,,,,,,,,,,,,,,,
714777952881478146,https://www.airbnb.com.vn/rooms/714777952881478146,Quản Bạ,24,23.0429115,105.0169067,REGULAR,,Mun homestay - Bungalow,private_room,False,True,False,,/ đêm,8,,,True,True,True,True,,,False,False,True,,True,,,,661.883,₫661.883,True,,,,False,,,,,,,,,,,,,,,,,,
725768768777500771,https://www.airbnb.com.vn/rooms/725768768777500771,Thành phố Hà Giang,8,22.8219,104.98579,REGULAR,,Khách sạn giá rẻ dành cho những người yêu thích xe đạp tại Hà Giang - Bắc Việt Nam,shared_room,,,False,,/ đêm,10,,,,True,True,True,,True,False,False,,True,,,,,,,,,True,,,,,,,,,,,,,,,,,,,,
771594476031769057,https://www.airbnb.com.vn/rooms/771594476031769057,Bản Luốc,30,22.680887721891366,104.675033390522,REGULAR,,Nername Lashboard Retreat 1- bao gồm bữa sáng,private_room,False,True,False,,/ đêm,2,True,,True,True,,True,,True,False,False,True,,,,,,,,True,,,,,,,,,,,,,,,,,,,,,,
41190050,https://www.airbnb.com.vn/rooms/41190050,Lung Cu ,30,23.36155,105.31231,REGULAR,,Đồng Văn*Lo Lo Lo Chai*The Lover*Private R*Share WC,private_room,,,False,,/ đêm,2,,,,True,,True,,True,False,False,,,,,,,670.472,₫670.472,True,,,,,True,,,,,,,True,,,,,,True,,,,
777392741235728934,https://www.airbnb.com.vn/rooms/777392741235728934,Bắc Quang,30,22.26075,104.89425,REGULAR,,Nông trại xanh,entire_home,,,False,,/ đêm,6,,,True,True,True,True,,True,False,False,True,,,,,,342.353,₫342.353,True,True,,,,,,,,,,,,,,,,,,,,,
626554835944174832,https://www.airbnb.com.vn/rooms/626554835944174832,Đồng Văn,19,23.29222,105.37285,REGULAR,,Phòng gia đình - 4pax,private_room,,,False,,/ đêm,4,,,,True,True,True,True,True,False,False,True,,True,True,,,,,,,,,,,,,,,,,,,,,,,,,,,
31173885,https://www.airbnb.com.vn/rooms/31173885,Thành phố Hà Giang,15,22.81308,104.98773,REGULAR,,Phòng riêng trong Sống cùng gia đình bản xứ Quảng Bà địa phương,private_room,False,False,False,,/ đêm,2,,,,True,,True,True,,False,False,,,,,,,285.294,₫285.294,,,,,False,,,,,,,,,True,,,,,,,,,
794633726931246391,https://www.airbnb.com.vn/rooms/794633726931246391,Thành phố Hà Giang,7,22.83787,104.9803,REGULAR,,Changi homestay,shared_room,,,False,,/ đêm,16,,,,True,True,True,,,False,False,True,True,True,,,,285.294,₫285.294,,,True,,,,,,,,,,,,,,,,,,,,
879377687780504532,https://www.airbnb.com.vn/rooms/879377687780504532,Na Hang,12,22.36336,105.39244,REGULAR,,Phòng riêng ở trung tâm Na Hang,private_room,,,False,,/ đêm,16,,,,True,True,True,,True,False,False,True,,True,,,,,,,True,True,,,,,,,,,,,,,,,,,,,,
43814698,https://www.airbnb.com.vn/rooms/43814698,Đồng Văn,12,23.27959,105.35741,REGULAR,,"Triệu Nghị homestay, tại Phố Cổ, Đồng Văn",private_room,False,True,False,,/ đêm,16,,,,True,True,,True,,False,False,,True,,,"3,0",3,424.440,₫424.440,,,True,3,False,True,,True,,,,,,,,,,,,,,,
20987188,https://www.airbnb.com.vn/rooms/20987188,Meo Vac,25,23.32667,105.34822,REGULAR,,Bungalow H 'mong ở Meo Vac Hà Giang,private_room,False,False,False,,/ đêm,16,,,,True,,True,True,,False,False,True,True,True,,"3,78",9,401.503,₫401.503,,,True,6,False,,,,,,,,,,,,,,,,,,
839312286866811054,https://www.airbnb.com.vn/rooms/839312286866811054,Đồng Văn,5,23.27659,105.36178,REGULAR,,Phòng Giường Đôi,private_room,,,False,,/ đêm,2,,,,True,,True,,True,False,False,,True,,,,,433.647,₫433.647,,,True,,,,,,,,,,,,,,,,,,,,
26064210,https://www.airbnb.com.vn/rooms/26064210,Hà Giang,13,22.8254,104.98043,REGULAR,,My house is your house!,shared_room,,,False,,/ đêm,10,,,,True,,True,True,,False,False,True,True,,,,,267.656,₫267.656,,,True,,,True,,,True,,,,,,,,,,,,,,
42695334,https://www.airbnb.com.vn/rooms/42695334,Mèo Vạc District,11,23.16713,105.41164,REGULAR,,Sống cùng gia đình bản xứ ở Thung lũng Meo Vac,private_room,,,False,,/ đêm,2,,,,True,,True,True,,,,True,True,True,True,,,,,,,True,,,True,,True,,,,,,,,,,,,,,,
627054977167433202,https://www.airbnb.com.vn/rooms/627054977167433202,tt. Đồng Văn,7,23.27756,105.36184,REGULAR,,Phòng ngủ tập thể 6 khách,shared_room,,,False,,/ đêm,6,,True,,True,True,True,True,True,False,False,True,,,,,,,,True,,,,,,,,,,,,,,,,,,,,,,
27639293,https://www.airbnb.com.vn/rooms/27639293,Hà Giang,23,22.84966,105.01058,REGULAR,,Bungalow  Phòng đôi - Ký túc xá Green Hill,private_room,,,False,,/ đêm,2,,,,True,,True,,,,False,True,True,,,,,,,,True,True,,,True,True,,,,,,,,,,,,,,,,
22019429,https://www.airbnb.com.vn/rooms/22019429,,30,22.815454483032227,104.98169708251953,REGULAR,,Sống cùng gia đình bản xứ Thái Lan - Nhà của tôi là nhà của bạn,private_room,False,True,False,,/ đêm,2,True,,,True,,True,,,False,False,True,,,,"4,84",68,267.664,₫267.664,,,,7,,True,True,True,,,,,,True,,,,,,,,,
35472241,https://www.airbnb.com.vn/rooms/35472241,Thành phố Ha Giang,18,22.81516,104.99003,REGULAR,,Khách sạn lịch sử Hà Giang - Phòng đôi II,hotel_room,,,False,,/ đêm,2,,,True,True,,True,,,False,False,,True,,,"3,75",4,855.883,₫855.883,,,True,,,True,,,,,,True,True,,,,,,,,,,
626555929920912454,https://www.airbnb.com.vn/rooms/626555929920912454,Đồng Văn,8,23.29234,105.37072,REGULAR,,Phòng gia đình sang trọng-4pax,private_room,,,False,,/ đêm,4,,,,True,True,True,True,True,False,False,True,,True,True,,,,,,,,,,,,,,,,,,,,,,,,,,,
38104976,https://www.airbnb.com.vn/rooms/38104976,Yên Minh,30,23.11855,105.14558,REGULAR,,Không gian riêng của bạn tại nhà khách Thiên An Yến Minh.,private_room,,,False,,/ đêm,16,,,,True,True,True,,,,,True,True,True,True,,,256.765,₫256.765,,,True,,,True,,,,,True,,,,,,,,,,,,
781664400922972234,https://www.airbnb.com.vn/rooms/781664400922972234,Yên Minh,24,22.93635,105.25413,REGULAR,,du già homestay của người Tày,shared_room,,,False,,/ đêm,16,,,,True,,True,True,True,False,False,True,True,True,,,,269.637,₫269.637,,True,,,,,,,,,,,,,,,,,,,,,
772356584275085676,https://www.airbnb.com.vn/rooms/772356584275085676,Bản Luốc,30,22.6804399,104.6762738,REGULAR,,Nername Lashboard Retreat 6- bao gồm bữa sáng,private_room,False,True,False,,/ đêm,2,True,,,True,,True,,True,False,False,True,,,,,,530.000,₫530.000,True,,,,,,,,,True,,,,,,,,,,,,,
41897660,https://www.airbnb.com.vn/rooms/41897660,Tp. Hà Giang,1,22.83005,104.98323,REGULAR,,My House is this your House,private_room,False,True,False,,/ đêm,16,,,,True,True,True,,,,,True,True,True,True,,,268.177,₫268.177,,,True,,False,True,,,,,,,,,,,,,,,,,
690790722919360136,https://www.airbnb.com.vn/rooms/690790722919360136,Thành phố Hà Giang,7,22.77782,104.96935,REGULAR,,Chỗ ở đẹp với hồ bơi 3 phòng,private_room,,,False,,/ đêm,6,,,True,True,True,True,,True,False,False,,True,,,,,2.054,₫2.054.119,,,True,,,,,,True,,,,,,,,,,,,,,
570661554676406239,https://www.airbnb.com.vn/rooms/570661554676406239,Đồng Văn,7,23.27692,105.36167,REGULAR,,Phòng 4 Người Ngoài Ban Công,private_room,,,False,,/ đêm,4,,,,True,True,True,,True,False,False,,True,,,,,627.647,₫627.647,,,True,,,,,,,,,,,,,True,,,,,,,
35069531,https://www.airbnb.com.vn/rooms/35069531,Thành phố Hà Giang,18,22.81519,104.98847,REGULAR,,Khách sạn lịch sử Hà Giang - Phòng đôi,hotel_room,,,False,,/ đêm,2,,,,True,,True,,,False,False,,True,True,True,,,970.000,₫970.000,,,True,,,True,True,,,,,,,,,,,,,,,,
36363453,https://www.airbnb.com.vn/rooms/36363453,Thành phố Hà Giang,30,22.84985,105.01111,REGULAR,,Phòng tập thể - Ký túc xá Green Hill,shared_room,,,False,,/ đêm,8,,,,True,,True,,,,False,True,,True,True,,,401.496,₫401.496,,,True,,,True,True,,,,,,,True,,,,,,,,,
32322887,https://www.airbnb.com.vn/rooms/32322887,Quản Bạ,10,23.04587,105.01574,REGULAR,,Phòng hai giường đơn ở nhà NGHỈ DAO - Nhà dưới đất độc đáo,private_room,False,False,False,,/ đêm,2,,,,True,,True,,True,False,False,,True,,,,,,,,,True,,False,,,True,,,,,,,True,,,,,,,,
779202710807938685,https://www.airbnb.com.vn/rooms/779202710807938685,Chiêm Hóa,11,22.3173,105.21205,REGULAR,,Nhà Trung Quốc,entire_home,,,False,,/ đêm,4,,,,,True,True,,,False,False,,,,,,,341.212,₫341.212,,,,,,,,,,True,,,,,,,,,,True,,,
14078300,https://www.airbnb.com.vn/rooms/14078300,Hà Giang,30,22.81384,104.9823,REGULAR,,Sống cùng gia đình bản xứ Thái Lan - Nhà của tôi là nhà của bạn,private_room,False,True,False,,/ đêm,2,True,,,True,,True,,,False,False,True,,True,,"4,81",166,267.656,₫267.656,,,,7,,,True,,,,,,,,,,,,,,,,
35485996,https://www.airbnb.com.vn/rooms/35485996,Thành phố Ha Giang,18,22.80051,104.97864,REGULAR,,Hi Giang Historic Hotel - Quadruple room (2 Q) II,hotel_room,,,False,,/ đêm,4,,,,True,,True,,,False,False,,True,True,True,,,1.460,₫1.460.707,,,True,,,True,True,,,,,,,,,,,,,,,,
48785747,https://www.airbnb.com.vn/rooms/48785747,Thành phố Hà Giang,17,22.83407,104.99242,REGULAR,,Memoryhostel  hà Giang,private_room,,,False,,/ đêm,16,,,,True,True,True,True,,False,False,True,,True,,,,285.294,₫285.294,,,True,,,True,,,,,,,,,,,,,,,,,
34260562,https://www.airbnb.com.vn/rooms/34260562,Lũng Cú,30,23.36398,105.30964,REGULAR,,Đồng Văn*Lô * Lô * 6PaxVillage * Bồn tắm bên ngoài,shared_room,,,False,,/ đêm,6,,,True,True,,True,,,False,False,,,,,,,256.968,₫256.968,,,,,,True,True,,,,,True,,,,,,,,,,,
43664751,https://www.airbnb.com.vn/rooms/43664751,Hà Giang,1,23.04413,105.19634,REGULAR,,"NHÀ TÔI, ĐÂY LÀ NHÀ CỦA BẠN",private_room,False,True,False,,/ đêm,15,,,,True,True,True,True,,False,False,,True,True,True,,1,279.588,₫279.588,,,,3,False,,,,,,,,,,,,,,,,,,
54261176,https://www.airbnb.com.vn/rooms/54261176,Thành phố Hà Giang,1,22.83226,104.98668,REGULAR,,"Nhà của tôi, đó là nhà của bạn",private_room,False,True,False,,/ đêm,10,,,True,True,True,True,,True,,,True,,,,,1,,,,True,,3,False,,,,,,,,,,True,,,,,,,,
22152169,https://www.airbnb.com.vn/rooms/22152169,Lũng Cú,8,23.36475,105.31078,REGULAR,,Tour sống cùng gia đình bản xứ và đi bộ đường dài Giường ký túc xá,shared_room,,,False,,/ đêm,16,,,,True,,,,,False,False,True,,,,"4,33",6,265.894,₫265.894,,,,,,,True,True,,,,,,True,,,,,,,,,
653436991943011437,https://www.airbnb.com.vn/rooms/653436991943011437,Thành phố Hà Giang,9,22.81386,104.96405,REPRESENTATIVE,,Hà Giang Ali Hostel Phòng Đôi 2 Giường 207,private_room,False,False,False,,/ đêm,4,True,,,True,True,True,,True,False,False,,True,True,True,,,400.000,₫400.000,,,,,,,,,,,,,,,,,,,,,,,
617747986929834473,https://www.airbnb.com.vn/rooms/617747986929834473,Thông Nguyên,25,22.57531,104.74605,REPRESENTATIVE,,Panhou Retreat - Phòng Suite,private_room,,,False,,/ đêm,3,,,,True,True,True,,,False,False,,,True,,,,4.427,₫4.427.500,,,True,,,,,True,,,,,,,True,,,,,,,,
629242945429394097,https://www.airbnb.com.vn/rooms/629242945429394097,Thành phố Hà Giang,17,22.81816,104.98444,REGULAR,,Phòng ngủ tập thể cho cả nam & nữ bao gồm bữa sang,shared_room,,,False,,/ đêm,8,,,,True,True,True,,True,False,False,,,,,,,264.753,₫264.753,,,True,,,True,,,,,,,,,,,,,,,,,
617758641149221124,https://www.airbnb.com.vn/rooms/617758641149221124,Thông Nguyên,15,22.57698,104.74398,REPRESENTATIVE,,Panhou Retreat - Phòng Cửa sổ Cao cấp,private_room,,,False,,/ đêm,3,,,,,,True,,,False,,,,,,,,2.656,₫2.656.500,,,True,,,True,,,,,,,,,,,,,,True,True,,
54321851,https://www.airbnb.com.vn/rooms/54321851,Tuyên Quang,11,22.37267,105.37204,REGULAR,,"Anna Homestay
Lâm Bình, Tuyên Quang",shared_room,,,False,,/ đêm,16,,,,True,True,True,,True,False,False,True,,,,,,259.476,₫259.476,True,,,,,,,,,,,,,,,True,,,,,,,
835482592307405431,https://www.airbnb.com.vn/rooms/835482592307405431,Thành phố Hà Giang,8,22.8412179,104.9989573,REGULAR,,-20% Biggest Room@4Bed-8Pax #Center #FREE Parking,private_room,,,False,,/ đêm,8,,,,True,True,True,,,False,False,,True,True,True,,,,,,,True,,,,,,,,True,,,,,,,,,,,,
38164482,https://www.airbnb.com.vn/rooms/38164482,Yên Minh,30,23.1166,105.13999,REGULAR,,"Ideal place to stay in Yen Minh Ha Giang, Vietnam",hotel_room,,,False,,/ đêm,16,,,,True,True,True,,,,,,True,True,True,,,267.664,₫267.664,,,True,,,True,,True,,True,,,,,,,,,,,,,
840998215791992041,https://www.airbnb.com.vn/rooms/840998215791992041,Đồng Văn,5,23.27468,105.3608,REGULAR,,Phòng 2 Giường Đôi,private_room,,,False,,/ đêm,4,,,,True,,True,,True,False,False,,True,,,,,570.589,₫570.589,,,True,,,,,,,,,,,,,,,,,,,,
31373132,https://www.airbnb.com.vn/rooms/31373132,Yên Minh,30,23.12099,105.13579,REGULAR,,Holtel Thiên An,private_room,False,True,False,,/ đêm,16,,,,True,,True,,,,,,True,True,True,"3,0",5,289.055,₫289.055,,,True,4,False,,,True,,,,True,True,,,,,,,,,,
31867510,https://www.airbnb.com.vn/rooms/31867510,Thành phố Hà Giang,17,22.80481,104.97791,REGULAR,,Phoenix Hotel Ha Giang,private_room,,,False,,/ đêm,16,,,,True,,True,,,False,False,,True,,,,,1.255,₫1.255.295,,,True,,,True,True,True,,,True,,,,,,,,,,,,
635856085731034566,https://www.airbnb.com.vn/rooms/635856085731034566,Thành phố Hà Giang,14,22.816137,104.980988,REGULAR,,Sky Buiding House,private_room,False,True,False,,/ đêm,5,,,,True,True,True,,True,,,True,True,True,,"3,67",3,912.942,₫912.942,,,True,3,False,,,,,,,,,,True,,,,,,,,
626569162428492138,https://www.airbnb.com.vn/rooms/626569162428492138,tt. Đồng Văn,8,23.28237,105.36269,REGULAR,,Phòng gia đình Phong-4pax,private_room,,,False,,/ đêm,4,,True,,True,True,True,True,True,False,False,True,,,,,,970.000,₫970.000,True,,,,,,,,,,,,,,,,,,,,,,
43807029,https://www.airbnb.com.vn/rooms/43807029,Quản Bạ,18,23.04471,105.01408,REGULAR,,Chook Bungalow.,entire_home,,,False,,/ đêm,4,,,,True,,True,True,,False,False,True,,,,,,684.706,₫684.706,,,,,,,,,True,,,,,True,,,,,,,,,
29729178,https://www.airbnb.com.vn/rooms/29729178,Yên Minh,30,23.11801,105.13831,REGULAR,,Holtel Thiên An,hotel_room,,,False,,/ đêm,16,,,,True,,True,,,,,,True,True,True,,,308.118,₫308.118,,,True,,,True,,True,,,,,,,,,,True,,,,,
882114173088481940,https://www.airbnb.com.vn/rooms/882114173088481940,Thành phố Hà Giang,5,22.82999,104.98465,REGULAR,,Double Room-YenBien Luxury Hotel,private_room,,,False,,/ đêm,2,,,,True,True,True,,True,,,,True,,,,,1.215,₫1.215.354,,True,True,,,,,,True,,,,,,,,,,,,,,
547455471614570059,https://www.airbnb.com.vn/rooms/547455471614570059,Lũng Cú,30,23.36339,105.31159,REGULAR,,LoloAncientHouse2 *Dongvan* 2pax*Riêng tư*LoloDo2,private_room,False,True,False,,/ đêm,2,True,,True,True,,True,,True,False,False,,,,,,,1.070,₫1.070.653,,,,,,,,True,,,,True,,,,,,,,,,True,
39662337,https://www.airbnb.com.vn/rooms/39662337,Thành phố Hà Giang,2,22.81946,104.95816,REGULAR,,Phòng tập thể,private_room,False,True,False,,/ đêm,6,True,,,True,True,True,,,False,False,True,True,True,True,,,481.803,₫481.803,,,,,,,,,,,,,,,,,,,,,,,
42984777,https://www.airbnb.com.vn/rooms/42984777,,8,23.13519,105.45417,REGULAR,,Meo Vac Valley Homestay,private_room,,,False,,/ đêm,1,,,,True,,True,,,False,,True,True,True,True,,,684.706,₫684.706,,,True,,,True,,True,,,,,,,,,,,,,,,
39129224,https://www.airbnb.com.vn/rooms/39129224,Đạo Đức,30,22.70444,104.96374,REGULAR,,Tour đi xe đạp và trekking với người địa phương,private_room,False,True,False,,/ đêm,10,,,,True,,True,True,,False,False,True,,True,,"5,0",3,267.664,₫267.664,,True,,4,False,,,,,,,True,,,,,,,,,,,
882100605502170723,https://www.airbnb.com.vn/rooms/882100605502170723,Thành phố Hà Giang,5,22.82895,104.98417,REGULAR,,Double Room-YenBien Luxury Hotel,private_room,,,False,,/ đêm,2,,,,True,True,True,,True,,,,True,,,,,1.215,₫1.215.354,,True,True,,,True,,,True,,,,True,,,,,,,,,,
556008302511773436,https://www.airbnb.com.vn/rooms/556008302511773436,Quản Bạ,24,23.04581,105.01547,REGULAR,,1 phòng ngủ đôi trong nhà NGHỈ DAO - Swallow Wings House,private_room,False,False,False,,/ đêm,2,True,,,True,True,True,,True,False,False,True,,,,,,1.118,₫1.118.353,,,,,,,,True,,,,,,,True,,,,,,,,
840991591537368684,https://www.airbnb.com.vn/rooms/840991591537368684,Đồng Văn,5,23.27651,105.36195,REGULAR,,Phòng 2 Giường Đôi,private_room,,,False,,/ đêm,4,,,,True,,True,,True,False,False,,True,,,,,570.589,₫570.589,,,True,,,,,,,,,,,,,,,,,,,,
24139809,https://www.airbnb.com.vn/rooms/24139809,,13,22.78283,104.97704,REGULAR,,Làng Tày homestay,private_room,,,False,,/ đêm,10,,,,True,,,True,,False,False,,,,,,,268.177,₫268.177,,,,,,,True,,,,,,,True,,,,,,,,,
617756630507628760,https://www.airbnb.com.vn/rooms/617756630507628760,Thông Nguyên,11,22.57716,104.74507,REPRESENTATIVE,,Panhou Retreat - Phòng ban công sang trọng,private_room,,,False,,/ đêm,2,,,,,True,True,,,False,,,,,,,,2.909,₫2.909.500,,,True,,,,,,,,,,,,,,,,,,,,
34054435,https://www.airbnb.com.vn/rooms/34054435,Yên Minh,30,23.12237,105.13592,REGULAR,,Nhà khách Thiên An,private_room,,,False,,/ đêm,16,,,,True,True,True,,,,,,True,True,True,"4,67",3,241.359,₫241.359,,,True,,,,,,,,,True,True,,True,,,,,,,,
41989971,https://www.airbnb.com.vn/rooms/41989971,H. Yên Minh,10,22.92814,105.22655,REGULAR,,Trải nghiệm nhà sàn độc đáo của người Tày,private_room,False,False,False,,/ đêm,16,,,,True,,True,True,,False,False,True,,,,,,275.352,₫275.352,,,,,False,True,True,,,,,,,,,,,,,,,,
882097618624210487,https://www.airbnb.com.vn/rooms/882097618624210487,Thành phố Hà Giang,5,22.83002,104.98302,REGULAR,,Double Room-YenBien Luxury Hotel,private_room,,,False,,/ đêm,2,,,,True,True,True,,True,,,,True,,,,,1.215,₫1.215.354,,,True,,,True,,,True,,True,,True,,,,,,,,,,
46887505,https://www.airbnb.com.vn/rooms/46887505,tt. Đồng Văn,3,23.27522,105.36528,REGULAR,,Giường tầng kí túc xá gồm bữa ăn sáng,shared_room,,,False,,/ đêm,12,,,,True,,True,,,False,False,,,,,,,,,,,,,,,True,,,,,,,,,,,,,,,,
44071384,https://www.airbnb.com.vn/rooms/44071384,,5,22.68232,104.68287,REGULAR,,Homestay Xuân Sang,shared_room,,,False,,/ đêm,10,,,,,,True,True,,False,False,True,True,True,,,,268.177,₫268.177,,,,,,True,True,,,,,,,True,,,,,,,,,
40902501,https://www.airbnb.com.vn/rooms/40902501,Hà Giang,22,22.80372,104.97731,REGULAR,,Nhà cô - Ký túc xá nữ (6 khách) thành phố Hà Giang,shared_room,,,False,,/ đêm,6,,,,True,,True,,True,False,False,,True,,,,,,,,,True,,,True,True,,,,,,,True,,,,,,,,,
840973311391198368,https://www.airbnb.com.vn/rooms/840973311391198368,Đồng Văn,19,23.27654,105.36045,REGULAR,,Phòng 4 Người Nhìn Ra Núi Non,private_room,,,False,,/ đêm,4,,,,True,,True,,True,False,False,,True,,,,,627.647,₫627.647,,,True,,,,,,,,,,,,,,,,,,,,
35485333,https://www.airbnb.com.vn/rooms/35485333,Thành phố Ha Giang,18,22.81554,104.98883,REGULAR,,"Khách sạn lịch sử Hà Giang - Triple (1 Q, 1 S) II",hotel_room,,,False,,/ đêm,3,,,,True,,True,,,False,False,,True,True,True,,,1.232,₫1.232.471,,,True,,,True,True,,,,,,,,,,,,,,,,
41256749,https://www.airbnb.com.vn/rooms/41256749,Thành phố Hà Giang,13,22.80393,104.9782,REGULAR,,Khách sạn Central Backpackers Hà Giang & Tour,shared_room,,,False,,/ đêm,16,,,,True,,,,,,,True,True,True,,,,342.353,₫342.353,,,True,,,True,True,,,,,,,,,,,,,,,,
40685806,https://www.airbnb.com.vn/rooms/40685806,Hà Giang,9,22.80152,104.97867,REGULAR,,Khách sạn giá rẻ,private_room,,,False,,/ đêm,8,,,,True,,True,,,False,False,True,,True,True,,,439.707,₫439.707,,,True,,,True,True,,,,,,,,,,,,,,,,
24702020,https://www.airbnb.com.vn/rooms/24702020,Hà Giang,10,22.82412,104.98191,REGULAR,,239 Ly Tu Trong Quan 1 155,private_room,False,False,False,,/ đêm,6,,,,True,,,True,,False,False,,True,,,,,267.664,₫267.664,,,True,,False,,,,,,,,,True,,,,,,,,,
882278870874231657,https://www.airbnb.com.vn/rooms/882278870874231657,Thành phố Hà Giang,5,22.82841,104.98493,REGULAR,,Twin Room - YenBien Luxury Hotel,private_room,,,False,,/ đêm,2,,,,True,True,True,,True,,,,True,,,,,1.215,₫1.215.354,,,True,,,True,,,True,,True,,True,,,,,,,,,,
624989802299243231,https://www.airbnb.com.vn/rooms/624989802299243231,Thành phố Hà Giang,11,22.826927,104.947685,REGULAR,,W6 Basecamp.  Tận hưởng vẻ đẹp của thiên nhiên.,entire_home,,,False,,/ đêm,16,,,,True,,,True,True,False,False,True,,True,,,,,,,,,,,,,,True,True,,,,True,,,,,,,,,
882283748497527205,https://www.airbnb.com.vn/rooms/882283748497527205,Thành phố Hà Giang,5,22.82821,104.98464,REGULAR,,Twin Room - YenBien Luxury Hotel,private_room,,,False,,/ đêm,2,,,,True,True,True,,True,,,,True,,,,,,,,,True,,,True,,,True,,True,,True,,,,,,,,,,
653417208051319650,https://www.airbnb.com.vn/rooms/653417208051319650,Thành phố Hà Giang,13,22.81528,104.96276,REPRESENTATIVE,,Hà Giang Ali Hostel Phòng Đôi 2 Giường 202,private_room,,,False,,/ đêm,4,,,,True,True,True,,True,False,False,,True,True,True,,,400.000,₫400.000,,,True,,,,,,,,,,,,,,,,,,,,
838184429078089588,https://www.airbnb.com.vn/rooms/838184429078089588,Thành phố Hà Giang,11,22.83286,104.99111,REGULAR,,phòng 2 giường đơn,private_room,,,False,,/ đêm,4,,,,True,True,True,,True,False,False,,,,,,,939.849,₫939.849,,,True,,,,,,,True,,,,True,,,,,,,,,
38693295,https://www.airbnb.com.vn/rooms/38693295,,10,22.53864,104.82957,REGULAR,,Long Trà Hotel - Trải nghiệm trà Hotel,private_room,,,False,,/ đêm,16,,,,True,,True,True,,False,False,,True,True,,,,342.353,₫342.353,,,True,,,,True,,,,,,,True,,,,,,,,,
27859988,https://www.airbnb.com.vn/rooms/27859988,Thành phố Hà Giang,25,22.8301,104.98348,REGULAR,,Các tour vòng quanh Bắc Hà Giang và khách sạn giá rẻ,private_room,,,False,,/ đêm,2,,,,True,,True,,,False,False,,True,True,True,"4,56",16,319.530,₫319.530,,,True,,,True,True,,,,,,,,,,,,,,,,
42438220,https://www.airbnb.com.vn/rooms/42438220,Đồng Văn,7,23.27934,105.36154,REGULAR,,Ký túc xá - Nhà dân tộc - Nhà hàng - Quán bar,shared_room,,,False,,/ đêm,1,,,,True,,True,,,False,False,,,,,,,296.706,₫296.706,,,True,,,True,True,,,,True,,,,,,,,,,,,
42612876,https://www.airbnb.com.vn/rooms/42612876,Thành phố Hà Giang,12,22.80485,104.97673,REGULAR,,Ký túc xá & Tham quan Thiên đường Hà Giang,shared_room,,,False,,/ đêm,16,,,,True,,True,True,True,,,True,True,True,True,,,251.126,₫251.126,,,,,,,,,True,,,,,,True,,,,,,,,
34291239,https://www.airbnb.com.vn/rooms/34291239,Lũng Cú,30,23.36525,105.31002,REGULAR,,Đồng Văn*Lô Lô Chải * Phòng tắm 4Pax*Bên ngoài,shared_room,,,False,,/ đêm,4,,,True,True,,True,,,False,False,,,,,,,256.968,₫256.968,,,,,,True,True,,,,,True,,,,,,,,,,,
40214324,https://www.airbnb.com.vn/rooms/40214324,Thành phố Hà Giang,16,22.77545,104.97003,REGULAR,,Bungalow với 2 giường đôi tại RockGarden,private_room,,,False,,/ đêm,4,,,True,True,,True,,,False,False,,,True,,,,856.514,₫856.514,,,True,,,,True,,True,,,,,True,,,,,,,,,
25469111,https://www.airbnb.com.vn/rooms/25469111,Thành phố Hà Giang,14,22.82527,104.97249,REGULAR,,Mrs Dang Thi Tuyet's Homestay Villa,private_room,False,False,False,,/ đêm,2,True,,,True,,True,,True,False,False,True,True,True,,,2,570.589,₫570.589,,,,5,,,,,True,,,,,,,,,,,,,,
882363725587439740,https://www.airbnb.com.vn/rooms/882363725587439740,Thành phố Hà Giang,9,22.82891,104.98438,REGULAR,,Excutive Suite - YenBien Luxury,private_room,,,False,,/ đêm,2,,,,True,,True,,True,,,,True,,,,,2.795,₫2.795.884,,,True,,,,,,True,,,,,,,,,,,,,,
24727756,https://www.airbnb.com.vn/rooms/24727756,Thành phố Hà Giang,9,22.82694,104.98543,REGULAR,,Sống cùng gia đình bản xứ Chiaki,shared_room,,,False,,/ đêm,15,,,,True,,True,,,False,False,True,True,True,,,,267.650,₫267.650,,,True,,,True,,True,,,,,,,,,,,,,,,
19426752,https://www.airbnb.com.vn/rooms/19426752,tt. Vinh Quang,12,22.68103,104.67142,REGULAR,,Su Phi CBT - Sống cùng gia đình bản xứ Ban Luoc,shared_room,,,False,,/ đêm,4,,,,,,True,True,,False,False,True,,,,,,963.560,₫963.560,,,,,,,True,,,,,,,,,,,,,,,,
40183451,https://www.airbnb.com.vn/rooms/40183451,Thành phố Hà Giang,30,22.83557,104.97968,REGULAR,,Đồng Văn H'mong homestay,private_room,False,False,False,,/ đêm,2,,,True,True,True,True,,,,,True,,True,,,,,,,,,,False,,,,,,,True,True,,,,,,,,,,True
24984028,https://www.airbnb.com.vn/rooms/24984028,Phương Thiện,30,22.80438,104.97581,REGULAR,,"Gia đình bản xứ Cindy, thành phố Hà Giang, Việt Nam",hotel_room,,,False,,/ đêm,16,,,,True,,,,,False,False,True,,,,,,187.363,₫187.363,,,True,,,,True,,,,,,,,,,,,,,,,
17520263,https://www.airbnb.com.vn/rooms/17520263,,30,22.67958,104.92088,REGULAR,,Sống cùng gia đình bản xứ tại làng Ban Len,shared_room,,,False,,/ đêm,9,,,,True,,True,True,,,,True,True,,,,,,,,,,,,,True,True,,,True,,,True,,,,,,,,,
577042536382196609,https://www.airbnb.com.vn/rooms/577042536382196609,Thành phố Hà Giang,4,22.82846,104.98484,REGULAR,,Double room - Yen Bien Luxury Hotel 4*,private_room,,,False,,/ đêm,2,,,,True,True,True,,True,,,,True,,,,,1.215,₫1.215.354,,,True,,,,,,True,,,,,,,,,,,,,,
629246570019406471,https://www.airbnb.com.vn/rooms/629246570019406471,Thành phố Hà Giang,17,22.81999,104.98607,REGULAR,,Nhà trọ và chỗ nghỉ phục vụ bữa sáng,shared_room,,,False,,/ đêm,8,,,,True,True,True,,True,False,False,,,,,,,263.847,₫263.847,,,True,,,True,,,,,,,,,,,,,,,,,
27906389,https://www.airbnb.com.vn/rooms/27906389,Lũng Cú,10,23.36274,105.31377,REGULAR,,Phòng Riêng Homie Homestay,private_room,False,False,False,,/ đêm,2,True,,,True,,True,True,,False,False,True,,,,,2,1.141,₫1.141.177,,,,5,,,,True,,,,True,,,,,True,,,,,,
52764738,https://www.airbnb.com.vn/rooms/52764738,Thành phố Hà Giang,5,22.8227,104.98402,REGULAR,,Casa particular đáng yêu ở thành phố Hà Giang,entire_home,,,False,,/ đêm,2,,,,True,True,True,True,,False,False,,True,,,,,1.711,₫1.711.766,,,True,,,True,,,,,,,,,,,,,,,,,
779188741613776523,https://www.airbnb.com.vn/rooms/779188741613776523,Chiêm Hóa,10,22.3171,105.21363,REGULAR,,nhà bị lệch,private_room,,,False,,/ đêm,4,,,,,True,True,,,False,False,,True,,,,,303.553,₫303.553,,,,,,,,,,True,,True,,,,,,,,,,,
32527097,https://www.airbnb.com.vn/rooms/32527097,Thành phố Hà Giang,22,22.80462,104.97934,REGULAR,,Nhà trọ Good Morning Hagiang,shared_room,,,False,,/ đêm,16,,,,True,,True,,,False,,,,True,,,,,,,,,,,,True,,,,,,,True,,,,,,,,,
690800877138749910,https://www.airbnb.com.vn/rooms/690800877138749910,Thành phố Hà Giang,5,22.7775,104.96961,REGULAR,,Boutique Bungalow có bể bơi,private_room,,,False,,/ đêm,4,,,,True,True,True,,True,False,False,,True,,,,,970.000,₫970.000,,,True,,,,,,True,,,,,,,,,,,,,,
10538232,https://www.airbnb.com.vn/rooms/10538232,Ha Giang City,8,22.76721,104.94002,REGULAR,,Minh Hieu,private_room,False,False,False,,/ đêm,3,,,,True,,True,True,,False,False,True,True,True,True,,,267.664,₫267.664,,,,,False,,,,,,,,,,,,,,,,,,
762901981653524967,https://www.airbnb.com.vn/rooms/762901981653524967,Thành phố Hà Giang,5,22.81583,104.96381,REGULAR,,Nhà trọ tập thể Hà Giang Ali 8,shared_room,,,False,,/ đêm,1,,,,True,,True,,True,False,False,,,True,,,,248.515,₫248.515,,True,True,,,,,,,True,,,,,,,,,,,,,
42439711,https://www.airbnb.com.vn/rooms/42439711,tt. Đồng Văn,13,23.27905,105.36099,REGULAR,,Dorm- ethnichouse- restaurant-bar,shared_room,,,False,,/ đêm,1,,,,True,,True,,,False,False,,,,,,,136.941,₫136.941,,,,,,True,True,,,,True,,,,,,,,,,,,
35486466,https://www.airbnb.com.vn/rooms/35486466,Thành phố Ha Giang,18,22.81438,104.99075,REGULAR,,Khách sạn Lịch sử Hà Giang - Phòng bốn tầng (2 Q),hotel_room,,,False,,/ đêm,4,,,,True,,True,,,False,False,,True,True,True,,,1.460,₫1.460.707,,,True,,,True,True,,,,,,,,,,,,,,,,
42006492,https://www.airbnb.com.vn/rooms/42006492,Lũng Cú,30,23.36709,105.31189,REGULAR,,DongVan*Lo House*Lung Cu*Share room*Share WC,private_room,,,False,,/ đêm,2,,,,True,,,,True,False,False,,,,,,,268.177,₫268.177,,,,,,True,,,,,,,True,,,,,,True,,,,
882292611204125516,https://www.airbnb.com.vn/rooms/882292611204125516,Thành phố Hà Giang,5,22.82844,104.98332,REGULAR,,Twin Room - YenBien Luxury Hotel,private_room,,,False,,/ đêm,2,,,,True,True,True,,True,,,,True,,,,,1.215,₫1.215.354,,,True,,,True,,,True,,True,,True,,,,,,,,,,
35419210,https://www.airbnb.com.vn/rooms/35419210,Thành phố Hà Giang,18,22.81427,104.98995,REGULAR,,Khách sạn lịch sử Hà Giang - Phòng đôi,hotel_room,,,False,,/ đêm,2,,,,True,,True,,,False,False,,True,True,True,,,890.118,₫890.118,,,True,,,True,True,,,,,,,,,,,,,,,,
40903526,https://www.airbnb.com.vn/rooms/40903526,Hà Giang,21,22.80233,104.97749,REGULAR,,Nhà cô - ký túc xá hỗn hợp (18 khách) tại thành phố Hà Giang,shared_room,,,False,,/ đêm,16,,,,True,,True,,True,False,False,,True,,,,,274.449,₫274.449,,,True,,,True,True,,,,,,,True,,,,,,,,,
882277105628091766,https://www.airbnb.com.vn/rooms/882277105628091766,Thành phố Hà Giang,5,22.82808,104.98259,REGULAR,,Twin Room - YenBien Luxury Hotel,private_room,,,False,,/ đêm,2,,,,True,True,True,,True,,,,True,,,,,1.215,₫1.215.354,,,True,,,True,,,True,,True,,True,,,,,,,,,,
35485172,https://www.airbnb.com.vn/rooms/35485172,Thành phố Ha Giang,18,22.81572,104.99062,REGULAR,,"Khách sạn lịch sử Hà Giang - Triple (1 Q, 1 S)",hotel_room,,,False,,/ đêm,3,,,,True,,True,,,False,False,,True,True,True,,,1.232,₫1.232.471,,,True,,,True,True,,,,,,,,,,,,,,,,
26901910,https://www.airbnb.com.vn/rooms/26901910,Thành phố Hà Giang,18,22.83518,104.97318,REGULAR,,The wooden house in Ha Giang,shared_room,,,False,,/ đêm,16,,,,True,,True,True,True,False,,True,True,,,,,,,,,True,,,,,,,,,,,True,,,,,,,,,
882354549932524982,https://www.airbnb.com.vn/rooms/882354549932524982,Thành phố Hà Giang,5,22.82903,104.98307,REGULAR,,Family Room-YenBien Luxury Hotel,private_room,,,False,,/ đêm,3,,,,True,,True,,True,,,,True,,,,,1.825,₫1.825.883,,,True,,,,,,True,,,,,,,,,,,,,,
882360554618989682,https://www.airbnb.com.vn/rooms/882360554618989682,Thành phố Hà Giang,9,22.82825,104.98439,REGULAR,,Suite - Yen Bien Luxury Hotel,private_room,,,False,,/ đêm,2,,,,True,,True,,True,,,,True,,,,,2.082,₫2.082.648,,,True,,,,,,True,,,,,,,,,,,,,,
42081820,https://www.airbnb.com.vn/rooms/42081820,Thành phố Hà Giang,30,22.82418,104.98607,REGULAR,,Nhà Seu,shared_room,,,False,,/ đêm,6,,,,True,,True,True,,False,False,True,,True,True,,,624.452,₫624.452,,,True,,,True,,,,,,,,,,,,,,,,,
882298295877684413,https://www.airbnb.com.vn/rooms/882298295877684413,Thành phố Hà Giang,5,22.82947,104.98418,REGULAR,,Triple Room-YenBien Luxury Hotel,private_room,,,False,,/ đêm,3,,,,True,True,True,,True,,,,True,,,,,1.825,₫1.825.883,,,True,,,,,,True,,,,,,,,,,,,,,
779554456235159966,https://www.airbnb.com.vn/rooms/779554456235159966,Thành phố Hà Giang,7,22.83335,104.99149,REGULAR,,Chỗ nghỉ phục vụ bữa sáng,shared_room,,,False,,/ đêm,8,,,,True,True,True,,True,False,False,True,,True,,,,547.765,₫547.765,,,True,,,,,,,True,,,,,,,,,,,,,
759843782183075170,https://www.airbnb.com.vn/rooms/759843782183075170,Thành phố Hà Giang,6,22.8288574,104.9860178,REGULAR,,Nhà khách Hungashboardc,private_room,,,False,,/ đêm,16,,,True,True,,True,True,True,False,False,,True,,,,,684.706,₫684.706,True,,True,,,,,,,,,,,,,,,,,,,,
882345451365836334,https://www.airbnb.com.vn/rooms/882345451365836334,Thành phố Hà Giang,5,22.82946,104.98338,REGULAR,,Family Room-YenBien Luxury Hotel,private_room,,,False,,/ đêm,3,,,,True,,True,,True,,,,True,,,,,1.825,₫1.825.883,,,True,,,,,,True,,,,,,,,,,,,,,
39150786,https://www.airbnb.com.vn/rooms/39150786,Đạo Đức,22,22.70637,104.96423,REGULAR,,Trà và phiêu lưu Trà Shan cổ đại với người dân địa phương,shared_room,,,False,,/ đêm,16,,,,True,,,True,,False,False,,,True,,,,267.664,₫267.664,,True,,,,True,True,,,,,,,True,,,,,,,,,
690799132422208749,https://www.airbnb.com.vn/rooms/690799132422208749,Thành phố Hà Giang,5,22.77626,104.96868,REGULAR,,Bungalow độc đáo có bể bơi,private_room,,,False,,/ đêm,4,,,,True,True,True,,True,False,False,,True,,,,,970.000,₫970.000,,,True,,,,,,True,,,,,,,,,,,,,,
690803054926832284,https://www.airbnb.com.vn/rooms/690803054926832284,Thành phố Hà Giang,5,22.77803,104.96868,REGULAR,,Bungalow Hà Giang Wings với tầm nhìn ra thiên nhiên,private_room,,,False,,/ đêm,4,,,,True,True,True,,True,False,False,,True,,,,,970.000,₫970.000,,,True,,,,,,True,,,,,,,,,,,,,,
38783070,https://www.airbnb.com.vn/rooms/38783070,Thành phố Hà Giang,10,22.71249,104.92982,REGULAR,,Hổ,entire_home,,,False,,/ đêm,2,,,,,,,,,False,False,True,,,,,,264.949,₫264.949,,,,,,,True,,,,,,,,,,,,,,,,
42439127,https://www.airbnb.com.vn/rooms/42439127,tt. Đồng Văn,14,23.27954,105.36219,REGULAR,,Dorm- ethnichouse- restaurant- bar,shared_room,,,False,,/ đêm,1,,,,True,,True,,,False,False,,,,,,,271.030,₫271.030,,,True,,,True,True,,,,True,,,,,,,,,,,,
16078869,https://www.airbnb.com.vn/rooms/16078869,tp. Hà Giang,6,22.82197,104.99047,REGULAR,,Kiki's House,shared_room,,,False,,/ đêm,16,,,,True,,True,,,False,,True,,,,,,257.384,₫257.384,,,True,,,True,True,,,,True,,,,,,,,,,,,
29661090,https://www.airbnb.com.vn/rooms/29661090,Thành phố Hà Giang,25,22.80577,104.97836,REGULAR,,Nhà nghỉ Mr Phương 24/24,shared_room,,,False,,/ đêm,16,,,,True,,True,True,,,False,True,,True,,,,268.177,₫268.177,,,,,,True,True,,,,,,,True,,,,,,,,,
882345356843799968,https://www.airbnb.com.vn/rooms/882345356843799968,Thành phố Hà Giang,5,22.83001,104.98298,REGULAR,,Family Room-YenBien Luxury Hotel,private_room,,,False,,/ đêm,3,,,,True,,True,,True,,,,True,,,,,1.825,₫1.825.883,,,True,,,,,,True,,,,,,,,,,,,,,
20425562,https://www.airbnb.com.vn/rooms/20425562,Thành phố Hà Giang,30,22.82357,104.98965,REGULAR,,ngan ha homestay,private_room,False,False,False,,/ đêm,16,,,,True,,True,True,,False,False,,,,,,,,,,,True,,False,True,True,,,,,,,True,,,,,,,,,
882341139762266195,https://www.airbnb.com.vn/rooms/882341139762266195,Thành phố Hà Giang,5,22.82966,104.98413,REGULAR,,Triple Room-YenBien Luxury Hotel,private_room,,,False,,/ đêm,3,,,,True,True,True,,True,,,,True,,,,,1.825,₫1.825.883,,,True,,,,,,True,,,,,,,,,,,,,,
653421793378326119,https://www.airbnb.com.vn/rooms/653421793378326119,Thành phố Hà Giang,11,22.81522,104.96177,REGULAR,,"Hà Giang Ali Hostel
Phòng Đôi 2 Giường 203",private_room,,,False,,/ đêm,4,,,,True,True,True,,True,False,False,,True,True,True,,,500.000,₫500.000,,,True,,,,,,,,,,,,,,,,,,,,
778841540623473235,https://www.airbnb.com.vn/rooms/778841540623473235,Chiêm Hóa,11,22.31794497959032,105.21331552416085,REGULAR,,nhà sàn mái lá,entire_home,,,False,,/ đêm,12,,,True,,True,True,True,,False,False,True,True,True,,,,3.059,₫3.059.496,,,,,,,,,,,,True,,,,,,,,,,,
27744167,https://www.airbnb.com.vn/rooms/27744167,Thành phố Hà Giang,18,22.7964,104.97629,REGULAR,,Thành Phố Hà Giang Dorm - Homestay 1102 Ha Giang,shared_room,,,False,,/ đêm,12,,,,True,,True,True,,False,,True,True,,,,,268.177,₫268.177,,,True,,,,,,,,,,,True,,,,,,,,,
547535424722862725,https://www.airbnb.com.vn/rooms/547535424722862725,Lũng Cú,10,23.36145,105.31335,REGULAR,,LoloAncientHouse*LungCu*4Pax*FamilyRoom*LoLoHoa1,private_room,,,False,,/ đêm,4,,,,True,,True,,True,False,False,,,,,,,1.369,₫1.369.412,,,,,,,,,,True,,,,,,,,,,,,,
44467838,https://www.airbnb.com.vn/rooms/44467838,Thành phố Hà Giang,8,22.81054,104.97901,REGULAR,,KHÁCH SẠN PHOENIX ***- Superio - Phòng ngủ đôi,private_room,,,False,,/ đêm,2,,,,True,,True,,,False,False,,True,True,True,,,1.426,₫1.426.471,,,True,,,,,True,True,,,,,,,,,,,,,,
653431453681953027,https://www.airbnb.com.vn/rooms/653431453681953027,Thành phố Hà Giang,11,22.81595,104.96401,REGULAR,,Hà Giang Ali Hostel Phòng Đôi 2 Giường 206,private_room,,,False,,/ đêm,4,,,,True,True,True,,True,False,False,,True,True,True,,,500.000,₫500.000,,,True,,,,,,,,,,,,,,,,,,,,
882344356005389060,https://www.airbnb.com.vn/rooms/882344356005389060,Thành phố Hà Giang,5,22.82902,104.98404,REGULAR,,Triple Room-YenBien Luxury Hotel,private_room,,,False,,/ đêm,3,,,,True,True,True,,True,,,,True,,,,,1.825,₫1.825.883,,,True,,,,,,True,,,,,,,,,,,,,,
767375850825002557,https://www.airbnb.com.vn/rooms/767375850825002557,Thành phố Hà Giang,5,22.816,104.96351,REGULAR,,Hà Giang Ali Hostel 6 Mix Dorm,shared_room,,,False,,/ đêm,1,,,,True,,True,,True,False,False,,,True,,,,248.474,₫248.474,,True,,,,,,,,True,,,,,,,,,,,,,
42439900,https://www.airbnb.com.vn/rooms/42439900,tt. Đồng Văn,12,23.27739,105.36199,REGULAR,,Dorm- ethnichouse- restaurant-bar,shared_room,,,False,,/ đêm,1,,,,True,,True,,,False,False,,,,,,,136.941,₫136.941,,,True,,,True,True,,,,True,,,,,,,,,,,,
42439515,https://www.airbnb.com.vn/rooms/42439515,tt. Đồng Văn,16,23.27967,105.36148,REGULAR,,Dorm- ethnichouse- Restaurant- bar,shared_room,,,False,,/ đêm,1,,,,True,,True,,,False,False,,,,,,,,,,,True,,,True,True,,,,True,,,,,,,,,,,,
653498231859571776,https://www.airbnb.com.vn/rooms/653498231859571776,Thành phố Hà Giang,11,22.81459,104.96194,REGULAR,,Nhà trọ Hà Giang Ali Phòng tập thể 6 nữ,shared_room,,,False,,/ đêm,6,,,,True,,True,,True,False,False,True,True,True,,,,250.000,₫250.000,,,True,,,,,,,True,,,,,,,,,,,,,
882359359994558259,https://www.airbnb.com.vn/rooms/882359359994558259,Thành phố Hà Giang,5,22.82889,104.98474,REGULAR,,Family Room-YenBien Luxury Hotel,private_room,,,False,,/ đêm,3,,,,True,,True,,True,,,,True,,,,,1.825,₫1.825.883,,,True,,,,,,True,,,,,,,,,,,,,,
42146143,https://www.airbnb.com.vn/rooms/42146143,Thành phố Hà Giang,10,22.82415,104.98605,REGULAR,,Phòng thân thiện Seu' House,shared_room,,,False,,/ đêm,6,,,,True,,True,True,,False,False,True,,True,True,,,547.765,₫547.765,,,True,,,True,,,,,,,,,,,,,,,,,
882355841394205926,https://www.airbnb.com.vn/rooms/882355841394205926,Thành phố Hà Giang,5,22.82987,104.98329,REGULAR,,Family Room-YenBien Luxury Hotel,private_room,,,False,,/ đêm,3,,,,True,,True,,True,,,,True,,,,,1.825,₫1.825.883,,,True,,,,,,True,,,,,,,,,,,,,,
15749164,https://www.airbnb.com.vn/rooms/15749164,,12,22.83636,104.94705,REGULAR,,Bàn Tay Nhà Truyền Thống trong Cadet,shared_room,,,False,,/ đêm,12,,,,True,,True,True,,False,False,True,True,,,,,267.664,₫267.664,,,,,,,True,,,,,,,True,,,,,,,,,
27022284,https://www.airbnb.com.vn/rooms/27022284,Hà Giang,10,22.83055,104.98445,REGULAR,,Ong Vang Ha Giang,private_room,,,False,,/ đêm,8,,,,True,,True,,,False,False,True,,,,,,513.530,₫513.530,,,,,,,,,,,,,,,,,,,,,,,
21541476,https://www.airbnb.com.vn/rooms/21541476,tt. Việt Quang,15,22.4169,104.81116,REGULAR,,Cho thuê căn hộ 3 phòng ngủ Lộc Thũy,entire_home,,,False,,/ đêm,6,,,,True,,True,,,,,True,True,True,True,,,1.391,₫1.391.840,,,True,,,,,,True,,True,,,,True,,,,,,,,
25458949,https://www.airbnb.com.vn/rooms/25458949,,9,22.75477,104.92747,REGULAR,,"5 phòng ngủ cao cấp, 4 phòng tắm 18 phòng",entire_home,,,False,,/ đêm,5,,,,True,,,True,,False,,True,True,True,,,,2.783,₫2.783.654,,,True,,,,,,True,,True,,,,True,,,,,,,,
27858201,https://www.airbnb.com.vn/rooms/27858201,Thành phố Hà Giang,24,22.83035,104.98176,REGULAR,,Khách sạn giá rẻ Hà Giang Chopai,private_room,,,False,,/ đêm,6,,,,True,,True,,,False,False,,True,True,True,"4,33",6,319.530,₫319.530,,,True,,,True,True,,,,,,,,,,,,,,,,
24875110,https://www.airbnb.com.vn/rooms/24875110,Thành phố Hà Giang,19,22.81541,104.97902,REGULAR,,"Gia đình bản xứ Cindy, Thành phố Hà Giang, Việt Nam",hotel_room,,,False,,/ đêm,16,,,,True,,True,,,False,False,True,,,,,,267.664,₫267.664,,,True,,,,True,,,,,,,True,,,,,,,,,
24875278,https://www.airbnb.com.vn/rooms/24875278,Thành phố Hà Giang,21,22.8137,104.98118,REGULAR,,Hà Giang Cindy Homestay,private_room,,,False,,/ đêm,16,,,,True,,True,,,False,False,True,,,,,,133.825,₫133.825,,,True,,,,True,,,,,,,,,,,,,,,,
46112489,https://www.airbnb.com.vn/rooms/46112489,Hà Giang,9,22.80216,104.97734,REGULAR,,Vườn ngắm phòng riêng (phòng tắm khép kín),shared_room,,,False,,/ đêm,2,,,,True,,True,,,False,False,,,True,,,,399.412,₫399.412,,,,,,True,True,,,,,,,True,,,,,,,,,
35486820,https://www.airbnb.com.vn/rooms/35486820,Thành phố Ha Giang,18,22.81387,104.98873,REGULAR,,"Khách sạn lịch sử Hà Giang - Phòng 4 tầng (1 Q, 2 S)",hotel_room,,,False,,/ đêm,4,,,,True,,True,,,False,False,,True,True,True,,,1.460,₫1.460.707,,,True,,,True,True,,,,,,,,,,,,,,,,
18777725,https://www.airbnb.com.vn/rooms/18777725,Du Già,7,22.93152,105.2251,REGULAR,,QT Nhà khách Du Già ~ Bữa sáng & bữa tối tùy chọn,shared_room,,,False,,/ đêm,16,,,,True,,True,True,,False,False,,,True,,,,,,,,,,,,True,,,,,,,,,,,,,,,,
690771828097792812,https://www.airbnb.com.vn/rooms/690771828097792812,Thành phố Hà Giang,5,22.77713113989404,104.97010593170779,REGULAR,,Chỗ ở đáng yêu có bể bơi,private_room,,,False,,/ đêm,4,,,,True,True,True,,True,False,False,,True,,,,,970.000,₫970.000,,,True,,,,,,True,,,,,,,,,,,,,,
42101145,https://www.airbnb.com.vn/rooms/42101145,Thành phố Hà Giang,19,22.82415,104.98606,REGULAR,,Phòng Seu 's House Kinh,shared_room,,,False,,/ đêm,6,,,,True,,True,True,,False,False,True,,,,,,657.318,₫657.318,,,,,,True,,,,,,,,True,,,,,,,,,
653454128748502858,https://www.airbnb.com.vn/rooms/653454128748502858,Thành phố Hà Giang,5,22.81576,104.96252,REGULAR,,Hà Giang Ali Hostel Phòng Tập Thể 6 Người D01,shared_room,,,False,,/ đêm,6,,,,True,,True,,True,False,False,,,,,,,250.000,₫250.000,,,True,,,True,,,,True,,,True,,,,,,True,,,,
25466971,https://www.airbnb.com.vn/rooms/25466971,Thành phố Hà Giang,20,22.82544,104.97227,REGULAR,,Biệt thự Homestay của bà Đặng Thị Tuyết,shared_room,,,False,,/ đêm,10,,,,True,,True,,True,False,False,True,True,True,,,,570.589,₫570.589,,,True,,,,,,True,,,,,,,,,,,,,,
21584992,https://www.airbnb.com.vn/rooms/21584992,,8,22.76772,104.93965,REGULAR,,"Căn Hộ Cao Cấp 1,8 Tỷ Mặt Tiền Xô Viết Nghệ Tĩnh",private_room,False,False,False,,/ đêm,2,,,,True,,True,True,,False,False,True,True,,,,,2.810,₫2.810.404,,,,,False,,,,True,,,,,,True,,,,,,,,
22285922,https://www.airbnb.com.vn/rooms/22285922,,30,23.0443,105.01518,REGULAR,,Homestay Lý Tả Danh - Trải nghiệm văn hóa đích thực,private_room,False,False,False,,/ đêm,16,,,,,,,True,,False,False,,,,,,1,2.282,₫2.282.354,,,,5,False,,True,,,,,,,,,,,,,,,,
25052550,https://www.airbnb.com.vn/rooms/25052550,,9,22.7593,104.95322,REGULAR,,Lexing 1244 full Phú Thọ,entire_home,,,False,,/ đêm,4,,,,True,,,True,,False,,True,True,True,,,,2.890,₫2.890.727,,,True,,,,,,True,,True,,,,True,,,,,,,,
