room_id,url,rating,city,contextualPicturesCount,lat,long,listingObjType,pdpUrlType,name,roomTypeCategory,reviewCount,canInstantBook,weeklyPriceFactor,structuredStayDisplayPrice,maxGuestCapacity,SYSTEM_COOKING_BASICS,SYSTEM_WI_FI,SYSTEM_WORKSPACE,SYSTEM_MAPS_CAR_RENTAL,SYSTEM_WASHER,SYSTEM_DRYER,SYSTEM_SNOWFLAKE,SYSTEM_PATIO_BALCONY,SYSTEM_LUGGAGE_DROP,SYSTEM_SURVEILLANCE,price,price_full,SYSTEM_FLOWER,SYSTEM_TV,SYSTEM_ELEVATOR,isSuperHost,isVerified,yearHosting,SYSTEM_LOCK_ON_DOOR,SYSTEM_NO_DETECTOR_CO2,SYSTEM_NO_DETECTOR_SMOKE,SYSTEM_VIEW_CITY,SYSTEM_BOAT_SAIL,SYSTEM_JACUZZI,SYSTEM_PETS,SYSTEM_HAIRDRYER,SYSTEM_REFRIGERATOR,SYSTEM_CALENDAR,SYSTEM_MICROWAVE,SYSTEM_POOL,SYSTEM_EV_CHARGER,SYSTEM_VIEW_OCEAN,SYSTEM_SMOKING_ALLOWED,SYSTEM_BATHTUB,SYSTEM_NO_LOCK_ON_DOOR,SYSTEM_CRIB,SYSTEM_FIREPLACE,SYSTEM_BEACH,SYSTEM_PIANO,SYSTEM_SAUNA,SYSTEM_GYM,SYSTEM_HIGH_CHAIR
31872608,https://www.airbnb.com.vn/rooms/31872608,"4,82",Ho Chi Minh ,30,10.79226,106.68592,REGULAR,,PhÃ²ng riÃªng rá»™ng rÃ£i cá»§a PhÃ²ng thÃ­ nghiá»‡m Thá»±c váº­t há»c theo CHU Ká»²,hotel_room,87,False,,/ Ä‘Ãªm,2.0,True,True,True,True,True,True,True,True,True,True,,,,,,,,,,,,,,,,,,,,,,,,,,,,,,,,
744595478512900540,https://www.airbnb.com.vn/rooms/744595478512900540,"4,67",Quáº­n 1,10,10.7595281,106.6922369,REGULAR,,"(Má»›i)#L13* PhÃ²ng áº¥m Ã¡p, riÃªng tÆ°, Quáº­n 1, Thang mÃ¡y",private_room,18,False,,/ Ä‘Ãªm,1.0,True,True,True,True,True,,True,,,True,402.235,â‚«402.235,True,True,True,,,,,,,,,,,,,,,,,,,,,,,,,,,
24068079,https://www.airbnb.com.vn/rooms/24068079,"4,59",,18,10.76999,106.70382,REGULAR,,LuÃ´n tÆ°Æ¡i má»›i *Gáº§n chá»£ Báº¿n ThÃ nh,private_room,115,False,,/ Ä‘Ãªm,2.0,True,True,True,True,True,True,True,,True,,374.534,â‚«374.534,,True,,False,True,5,True,,,,,,,,,,,,,,,,,,,,,,,
843921520422269057,https://www.airbnb.com.vn/rooms/843921520422269057,"5,0",Quáº­n 3,20,10.791197,106.686825,REGULAR,,"PhÃ²ng ÄÆ¡n CÃ³ Ban CÃ´ng, WC RiÃªng Biá»‡t táº¡i Quáº­n 3",private_room,7,False,,/ Ä‘Ãªm,1.0,True,True,True,True,True,True,,,,True,,,,,,True,True,2,True,False,False,,,,,,,,,,,,,,,,,,,,,
821441607261345877,https://www.airbnb.com.vn/rooms/821441607261345877,"4,6",Quáº­n 2,29,10.80484,106.72888,REGULAR,,studio Ä‘Ã¡ng yÃªu cÃ³ ban cÃ´ng lá»›n gáº§n Landmark 81 HCM,private_room,20,False,,/ Ä‘Ãªm,2.0,True,True,True,True,,,,,,True,623.109,â‚«623.109,,,,False,True,3,True,,,True,True,True,True,,,,,,,,,,,,,,,,,
29227458,https://www.airbnb.com.vn/rooms/29227458,"4,79",Quáº­n 1,23,10.79043,106.6934,REGULAR,,CÄƒn há»™ gá»— duyÃªn dÃ¡ng vá»›i 1BR trong lÃ²ng thÃ nh phá»‘,entire_home,28,False,,/ Ä‘Ãªm,2.0,True,True,True,True,,,True,True,,,674.506,â‚«674.506,,,True,,,,,,,,,,,True,True,True,,,,,,,,,,,,,,
44401162,https://www.airbnb.com.vn/rooms/44401162,"4,62",Quáº­n 3,19,10.78629,106.69212,REGULAR,,Studio 5 SAO vá»›i NETFLIX MIá»„N PHÃ @central,entire_home,69,False,,/ Ä‘Ãªm,2.0,,True,,True,,,True,,,True,700.286,â‚«700.286,,True,,,,,,False,False,,,,,True,True,,True,,,,,,,,,,,,,
878703043584443853,https://www.airbnb.com.vn/rooms/878703043584443853,"5,0",PhÃº Nhuáº­n,30,10.8096603,106.6742998,REGULAR,,41/Apartment w Swimming Pool&Gym Free near Airport,entire_home,3,False,,/ Ä‘Ãªm,3.0,True,True,True,,True,True,True,,,,587.490,â‚«587.490,True,True,,,,,,,,True,,,,,,,,True,,,,,,,,,,,,
14776070,https://www.airbnb.com.vn/rooms/14776070,"4,5",Quáº­n 3,8,10.777612,106.689014,REGULAR,,Studio sang trá»ng ngay trung tÃ¢m SÃ i GÃ²n sá»‘ 2,private_room,8,False,,/ Ä‘Ãªm,2.0,True,True,True,,True,,True,,,,384.862,â‚«384.862,,True,,False,True,3,True,False,False,,,,,,True,,,,,,,,,,,,,,,
782142818589881983,https://www.airbnb.com.vn/rooms/782142818589881983,"4,89",Quáº­n 4,8,10.76224,106.70272,REGULAR,,"[1.1] á» trung tÃ¢m, gáº§n tráº¡m xe buÃ½t, giáº·t á»§i miá»…n phÃ­",private_room,9,False,,/ Ä‘Ãªm,2.0,True,True,True,True,True,,True,,,True,249.404,â‚«249.404,,,,True,True,4,True,False,False,,,,,,,,,,,,,,,,,,,,,
739345845978446748,https://www.airbnb.com.vn/rooms/739345845978446748,"4,84",Quáº­n 4,30,10.762140560164639,106.69926434755325,REGULAR,,CÄƒn há»™ studio Ä‘Ã¡ng yÃªu cÃ³ há»“ bÆ¡i miá»…n phÃ­,entire_home,44,False,,/ Ä‘Ãªm,3.0,True,True,True,True,True,,,,,,,,,True,True,,,,,,,True,,,,,,,,True,True,,,,,,,,,,,
47059074,https://www.airbnb.com.vn/rooms/47059074,"4,82",TÃ¢n PhÃº,11,10.77574,106.63356,REGULAR,,Ngáº¯m hoÃ ng hÃ´n rÆ¡i á»Ÿ TÃ¢n PhÃº,private_room,77,False,,/ Ä‘Ãªm,2.0,True,True,True,True,,,,,,,330.941,â‚«330.941,,True,True,True,True,6,True,False,,True,,,True,,,,,,,,,,,,,,,,,
891894063978032917,https://www.airbnb.com.vn/rooms/891894063978032917,,BÃ¬nh Tháº¡nh,24,10.7937543,106.7178513,REGULAR,,Diny12 - CÄƒn há»™ ná»“ng nÃ n - free há»“ bÆ¡i,entire_home,,False,,/ Ä‘Ãªm,3.0,True,True,True,,True,,True,,,,704.709,â‚«704.709,,True,True,,,,,,,True,,,,,,,,True,,True,,,,,,,,,,
885976246082466828,https://www.airbnb.com.vn/rooms/885976246082466828,"5,0",Quáº­n 1,10,10.777324874247794,106.6998215764761,REGULAR,,Downtown Mini Loft on Pasteur Street,entire_home,6,False,,/ Ä‘Ãªm,2.0,True,True,True,,True,,,,,True,641.670,â‚«641.670,True,True,,,,,,False,False,True,,,,,,,,,,,,,,,,,,,,
684340678269065858,https://www.airbnb.com.vn/rooms/684340678269065858,"4,42",Quáº­n 1,10,10.765553,106.691619,REGULAR,,Eco - phÃ²ng thÃ¢n thiá»‡n gáº§n Trung tÃ¢m thÃ nh phá»‘,private_room,24,False,,/ Ä‘Ãªm,2.0,,True,,,True,,True,,,True,,,,,,False,True,4,True,False,False,,,,,True,True,,,,,,True,,,,,,,,,
709636624240758253,https://www.airbnb.com.vn/rooms/709636624240758253,"4,68",Quáº­n 1,30,10.76554,106.69014,REGULAR,,GiÆ°á»ng táº§ng siÃªu áº¥m cÃºng ~ Trung tÃ¢m SÃ i GÃ²n |B2|,shared_room,22,False,,/ Ä‘Ãªm,1.0,True,True,True,True,True,True,True,,,True,154.722,â‚«154.722,,,,,,,,False,False,,,,,,,,,,,,,,,,,,,,,
876560672785319470,https://www.airbnb.com.vn/rooms/876560672785319470,"5,0",,11,10.84588,106.83718,REGULAR,,CÄƒn há»™ 1pn+1 Vinhomes Grand park,entire_home,4,False,,/ Ä‘Ãªm,2.0,True,True,True,,True,,True,True,,,,,,True,,,,,,False,,,,,,True,True,,,,,,,,,,,,,,,
712683468043468911,https://www.airbnb.com.vn/rooms/712683468043468911,"4,96",Quáº­n 4,17,10.762084238001329,106.69929821044207,REGULAR,,Táº§ng cao - Há»“ bÆ¡i miá»…n phÃ­ - Trung tÃ¢m,entire_home,48,False,,/ Ä‘Ãªm,3.0,True,True,True,True,,,,,,,,,,True,True,,,,,,,True,,,,,,,,True,True,True,,,,,,,,,,
879959317309815514,https://www.airbnb.com.vn/rooms/879959317309815514,"5,0",Quáº­n 1,13,10.75809,106.68549,REPRESENTATIVE,,Projector + Bathtub + Netflix,entire_home,8,False,,/ Ä‘Ãªm,2.0,,True,True,True,,,True,,True,,619.871,â‚«619.871,,True,,,,,,False,False,,,True,,,,,,,,,,True,,,,,,,,
32369178,https://www.airbnb.com.vn/rooms/32369178,"4,86",Há»“ ChÃ­ Minh,30,10.79383,106.68831,REGULAR,,PhÃ²ng thá»±c váº­t há»c PhÃ²ng thÃ­ nghiá»‡m rá»™ng rÃ£i + ban cÃ´ng báº±ng thiáº¿t bá»‹ TUáº¦N HOÃ€N,hotel_room,147,False,,/ Ä‘Ãªm,2.0,True,True,True,True,True,True,True,True,True,True,,,,,,,,,,,,,,,,,,,,,,,,,,,,,,,,
744628434045623502,https://www.airbnb.com.vn/rooms/744628434045623502,"4,95",Quáº­n 1,10,10.7595281,106.6922369,REGULAR,,"(Má»›i)#L22*áº¤m cÃºng, PhÃ²ng táº¯m riÃªng, Quáº­n 1, Thang mÃ¡y",private_room,20,False,,/ Ä‘Ãªm,1.0,True,True,True,True,True,,True,,True,True,401.323,â‚«401.323,,True,True,,,,,,,,,,,,,,,,,,,,,,,,,,,
831041943494707642,https://www.airbnb.com.vn/rooms/831041943494707642,"5,0",Quáº­n 2,27,10.80471,106.728408,REGULAR,,Studio Ä‘áº¹p vá»›i ban cÃ´ng lá»›n táº¡i Tháº£o Äiá»n HCM,private_room,10,False,,/ Ä‘Ãªm,4.0,True,True,True,True,,,,,,True,623.094,â‚«623.094,True,True,,False,True,3,True,,,True,,,True,,,,,,,,,,,,,,,,,
23871038,https://www.airbnb.com.vn/rooms/23871038,"4,68",Tháº£o Äiá»n,10,10.80643,106.73231,REGULAR,,CÄƒn há»™ dá»‹ch vá»¥ táº¡i Tháº£o Äiá»n - Proviewhouse,private_room,19,False,,/ Ä‘Ãªm,2.0,True,True,True,True,True,True,True,,,,625.383,â‚«625.383,,True,True,,,,,,,,,True,,,,,,,,,,,,,,,,,,
39938422,https://www.airbnb.com.vn/rooms/39938422,"3,86",Quáº­n 1,17,10.76533,106.69145,REGULAR,,Studio sáº¡ch táº¡i BÃ¹i Viá»‡n,private_room,29,False,,/ Ä‘Ãªm,2.0,True,True,,,True,True,True,,,True,,,,True,,False,True,4,,False,False,,,,,,,,,,,,,,False,,,,,,,
44078537,https://www.airbnb.com.vn/rooms/44078537,"4,83",Quáº­n 3,25,10.78699,106.6919,REGULAR,,Studio 1 giÆ°á»ng,entire_home,93,False,,/ Ä‘Ãªm,2.0,,True,,True,,,True,,,True,768.371,â‚«768.371,,True,,,,,,False,False,,,,,True,True,,True,,,,,,,,,,,,,
757791964113090220,https://www.airbnb.com.vn/rooms/757791964113090220,"5,0",Quáº­n 4,10,10.7630052,106.7029742,REGULAR,,"[2.1] Trong khu trung tÃ¢m, báº±ng xe buÃ½t, giáº·t á»§i miá»…n phÃ­, nÆ°á»›c miá»…n phÃ­",private_room,4,False,,/ Ä‘Ãªm,2.0,True,True,True,True,True,,True,,,True,268.177,â‚«268.177,,,,True,True,4,True,False,False,,,,,,,,,,,,,,,,,,,,,
787410917943674234,https://www.airbnb.com.vn/rooms/787410917943674234,"4,81",PhÃº Nhuáº­n,15,10.8026479,106.6789521,REGULAR,,"4/CÄƒn há»™ studio má»›i, Ä‘áº§y mÃ u sáº¯c vÃ  áº¥m cÃºng",entire_home,16,False,,/ Ä‘Ãªm,2.0,,True,True,True,True,True,True,,,True,,,,,,,,,,False,,,,,,,True,,,,,,,,,,,,,,,
756954640090600139,https://www.airbnb.com.vn/rooms/756954640090600139,"4,59",Quáº­n 3,16,10.77156,106.68545,REGULAR,,Saigon Eco House - trung tÃ¢m thÃ nh phá»‘ Ä‘á»‹a phÆ°Æ¡ng sá»‘ 4,private_room,17,False,,/ Ä‘Ãªm,2.0,True,True,,True,True,,True,,,True,376.588,â‚«376.588,,True,,True,True,4,True,False,False,,,,,,,,,,,,,,,,,,,,,
32622360,https://www.airbnb.com.vn/rooms/32622360,"4,35",Quáº­n 1,12,10.79073,106.70183,REGULAR,,CÄƒn há»™ AN - 202 COzy studio cÃ³ ban cÃ´ng,private_room,20,False,,/ Ä‘Ãªm,2.0,,True,True,True,True,True,True,True,True,,485.744,â‚«485.744,,True,,,,,,False,,,,,,,,,,,,,,,,,,,,,,
838902752393570617,https://www.airbnb.com.vn/rooms/838902752393570617,,Quáº­n 7,22,10.72587,106.7421,REGULAR,,Riverview Phu My Hung Netflix,entire_home,,False,,/ Ä‘Ãªm,4.0,True,True,,True,True,,,,,,596.920,â‚«596.920,True,True,True,,,,,False,,,,,,,,,,True,,True,,,,,,,,,,
867812053985166804,https://www.airbnb.com.vn/rooms/867812053985166804,"5,0",Quáº­n 1,11,10.76335,106.69566,REGULAR,,[Free Pickup] Central Studio Near Bui Vien D1,entire_home,3,False,,/ Ä‘Ãªm,3.0,True,True,True,True,,,True,True,,,,,,True,True,,,,,,,,,,,True,True,,,,,,,,,,,,,,,
18620530,https://www.airbnb.com.vn/rooms/18620530,"4,3",Quáº­n 3,8,10.79029,106.68792,REGULAR,,NhÃ  áº¥m cÃºng 4,private_room,23,False,,/ Ä‘Ãªm,2.0,True,True,True,True,True,True,,,,True,261.538,â‚«261.538,,,,False,True,6,True,False,False,,,,,,,,,,,,,,,,,,,,,
874308222775023214,https://www.airbnb.com.vn/rooms/874308222775023214,,PhÃº Nhuáº­n,10,10.79703,106.6897,REGULAR,,Johny Home 8,private_room,1,False,,/ Ä‘Ãªm,2.0,True,True,True,,True,,True,,,,290.547,â‚«290.547,,True,,False,True,6,True,False,False,True,,,,,,,,,,,,,,,,,,,,
892463358453880747,https://www.airbnb.com.vn/rooms/892463358453880747,,Quáº­n 1,30,10.762207,106.6961595,REGULAR,,Sunny Hotel-2pax-Best pool-Rooftop-SG center,entire_home,,False,,/ Ä‘Ãªm,2.0,True,True,True,True,,,True,,True,True,,,,True,,,,,,,,,,,,,,,,True,,,,,,True,,,,,,
887537699097338104,https://www.airbnb.com.vn/rooms/887537699097338104,,Quáº­n 2,11,10.794975214493052,106.73677001148462,REGULAR,,1 Self-service Apartment Room,private_room,,False,,/ Ä‘Ãªm,1.0,True,True,True,True,True,,True,,,True,259.511,â‚«259.511,,,,,,,,False,,,,,,,,,,,,,True,,,,,,,,,
24056720,https://www.airbnb.com.vn/rooms/24056720,"4,59",,18,10.76996,106.70188,REGULAR,,CÄƒn há»™ 3B áº¥m cÃºng * Gáº§n chá»£ Báº¿n ThÃ nh,private_room,166,False,,/ Ä‘Ãªm,2.0,True,True,True,True,True,True,True,,,,369.057,â‚«369.057,,True,,False,True,5,True,,,,,,,,,,,,,,,,,,True,,,,,
672199106079573697,https://www.airbnb.com.vn/rooms/672199106079573697,"4,81",Cáº§u Ã”ng LÃ£nh,17,10.76717,106.69672,REGULAR,,Äá»‹a Ä‘iá»ƒm thÆ° giÃ£n riÃªng táº¡i Trung tÃ¢m SÃ i GÃ²n - PVT302,private_room,27,False,,/ Ä‘Ãªm,2.0,True,True,True,,,,True,,,,625.745,â‚«625.745,,True,,False,True,6,True,False,False,,,,,True,True,,,,,,,,,,,,,,,
889014299467465892,https://www.airbnb.com.vn/rooms/889014299467465892,,TÃ¢n BÃ¬nh,5,10.80427,106.66244,REGULAR,,"CHDV má»›i , full ná»™i tháº¥t cao cáº¥p",private_room,,False,,/ Ä‘Ãªm,,True,True,True,True,True,,True,,True,True,,,,,,,,,,False,False,,,,,,,,,,,,,,,,,,,,,
711442099214506171,https://www.airbnb.com.vn/rooms/711442099214506171,"5,0",Quáº­n 9,30,10.84094,106.83734,REGULAR,,BB Home - CÄƒn há»™ Vinhomes Studio cÃ³ táº§m nhÃ¬n ra há»“ bÆ¡i,entire_home,15,False,,/ Ä‘Ãªm,2.0,True,True,True,True,,,,,,,,,True,True,True,,,,,,,,,,,,,,,True,True,,,,,,,True,,,,
744639181661616137,https://www.airbnb.com.vn/rooms/744639181661616137,"4,78",Quáº­n 1,15,10.7595281,106.6922369,REGULAR,,"(Má»›i)# L31* Ban cÃ´ng siÃªu lá»›n, Quáº­n 1,Thang mÃ¡y",private_room,18,False,,/ Ä‘Ãªm,2.0,True,True,True,True,,,,,,True,684.861,â‚«684.861,True,True,True,True,True,6,True,,,True,,,,,,,,,,,,,,,,,,,,
24380995,https://www.airbnb.com.vn/rooms/24380995,"4,63",,17,10.77015,106.70307,REGULAR,,Chá»— á»Ÿ trÃªn táº§ng thÆ°á»£ng * Gáº§n chá»£ Báº¿n ThÃ nh,private_room,97,False,,/ Ä‘Ãªm,2.0,True,True,True,True,True,True,True,,,,379.441,â‚«379.441,,True,,False,True,5,True,,,,,,,,,,,,,,,,,,True,,,,,
889453766108853156,https://www.airbnb.com.vn/rooms/889453766108853156,,Quáº­n 1,16,10.77681,106.69845,REGULAR,,PhÃ²ng ráº» bÃªn cáº¡nh nhÃ  thá» Äá»©c bÃ  p403,private_room,,False,,/ Ä‘Ãªm,2.0,True,True,True,True,True,True,,,,True,,,,True,,,,,,,,,,True,,,,,,,True,,,,,,,,,,,
887351076106584100,https://www.airbnb.com.vn/rooms/887351076106584100,,Quáº­n 1,9,10.7681229,106.687622,REGULAR,,Studio for rent Quáº­n 1- District 1 APT601,entire_home,,False,,/ Ä‘Ãªm,2.0,True,True,True,True,,,True,,,True,,,,,,,,,,,False,,,,,,,True,,,,,,,,,,,,,,
831066119090250295,https://www.airbnb.com.vn/rooms/831066119090250295,"5,0",Quáº­n 2,30,10.80471,106.728408,REGULAR,,CÄƒn há»™ thoáº£i mÃ¡i vá»›i ban cÃ´ng lá»›n Tháº£o Äiá»n,private_room,10,False,,/ Ä‘Ãªm,2.0,True,True,True,True,,,,,,True,617.934,â‚«617.934,True,,,False,True,3,True,,,True,,True,True,,,,,,,,,,,,,,,,,
20136442,https://www.airbnb.com.vn/rooms/20136442,"4,56",Báº¿n NghÃ©,8,10.78478,106.7063,REGULAR,,Má»›i! Fuji Studio á»Ÿ Quáº­n 1 trung tÃ¢m,entire_home,84,False,,/ Ä‘Ãªm,2.0,True,True,,True,,,True,,,,457.692,â‚«457.692,,True,True,,,,,,,,,,,True,True,,,,,,True,,,,,,,,,
769031640701805208,https://www.airbnb.com.vn/rooms/769031640701805208,"4,4",Quáº­n 1,14,10.765552906057167,106.69161904603243,REGULAR,,PhÃ²ng thÃ¢n thiá»‡n táº¡i BÃ¹i Viá»‡n - D1,private_room,5,False,,/ Ä‘Ãªm,2.0,,True,,,True,,True,,,True,385.126,â‚«385.126,,,,False,True,4,,False,False,,,,,True,,,,,,,,,False,,,,,,,
883158281574310048,https://www.airbnb.com.vn/rooms/883158281574310048,,BÃ¬nh Tháº¡nh,8,10.79203,106.71749,REGULAR,,Quiet perfect located 1BR w desk,entire_home,,False,,/ Ä‘Ãªm,2.0,True,True,True,,True,,True,,,True,,,,True,True,,,,,False,,,,,,,,,,,,,,True,,,,,,,,
874339796595167043,https://www.airbnb.com.vn/rooms/874339796595167043,,PhÃº Nhuáº­n,9,10.7962725,106.6892807,REGULAR,,Cosy Home 9,private_room,,False,,/ Ä‘Ãªm,2.0,True,True,True,,True,,True,,,,268.177,â‚«268.177,True,,,False,True,,True,False,False,,,,,,True,,,,,,,,,,,,,,,
878078424096996514,https://www.airbnb.com.vn/rooms/878078424096996514,"4,67",PhÃº Nhuáº­n,19,10.79366,106.67184,REGULAR,,Justay Phu Nhuan -Balcony Studio,entire_home,3,False,,/ Ä‘Ãªm,2.0,True,True,True,,,,True,,,True,573.009,â‚«573.009,,True,,,,,,,,,,,,,,,,,,,,,,,,,,,,
763153804746384731,https://www.airbnb.com.vn/rooms/763153804746384731,"5,0",Quáº­n 4,14,10.758349,106.706133,REGULAR,,* PhÃ²ng riÃªng An's Homestay * ÄÆ¡n giáº£n - áº¤m cÃºng,private_room,4,False,,/ Ä‘Ãªm,2.0,True,True,True,True,True,,,,,True,289.329,â‚«289.329,True,,,True,True,1,True,False,False,,,,,,,,,,,,,,,,,,,,,
878558307804682155,https://www.airbnb.com.vn/rooms/878558307804682155,,Quáº­n 4,16,10.76108,106.70647,REGULAR,,Riverside #1 View Homestay w/ Ashtangi,private_room,,False,,/ Ä‘Ãªm,1.0,True,True,True,,True,,True,,,True,404.778,â‚«404.778,True,,True,False,True,,True,False,,,,,,,,,,,,,,,,,,,,,,
786527284761984931,https://www.airbnb.com.vn/rooms/786527284761984931,"4,61",Quáº­n 1,25,10.767285,106.692941,REGULAR,,#Best Price! Cozy & Unique #FREE Laundry #Bui Vien,private_room,31,False,,/ Ä‘Ãªm,2.0,True,True,True,True,True,,,,,True,511.349,â‚«511.349,,,,True,True,5,True,False,,True,,,,,,,,,True,,,,,,,,,,,
15093930,https://www.airbnb.com.vn/rooms/15093930,"4,86",Ho Chi Minh City,23,10.80155,106.68184,REGULAR,,Studio hiá»‡n Ä‘áº¡i gáº§n Quáº­n 1 & SÃ¢n bay sá»‘10,private_room,58,False,,/ Ä‘Ãªm,2.0,True,True,,True,True,True,True,,True,True,484.941,â‚«484.941,,True,,True,True,7,True,,,,,,,,,,,,,,,,,,,,,,,
892888364673868895,https://www.airbnb.com.vn/rooms/892888364673868895,,Quáº­n 2,25,10.81065,106.73393,REGULAR,,Sen Boutique House - Queen Studio 28m2,private_room,,False,,/ Ä‘Ãªm,2.0,True,True,True,,True,True,True,,True,True,,,,True,True,,,,,,,,,,,,,,,,,,,,,,,,,,,
37261248,https://www.airbnb.com.vn/rooms/37261248,"4,82",Quáº­n 4,23,10.7652,106.70634,REGULAR,,Stay&Fun 03 â˜… CÄƒn Studio nhá» xinh & ngáº­p náº¯ng,entire_home,104,False,,/ Ä‘Ãªm,2.0,True,True,,True,True,,True,,True,,600.000,â‚«600.000,,True,True,,,,,False,False,,,,,,,,,,,,,,,,,,,,,
872758069151007361,https://www.airbnb.com.vn/rooms/872758069151007361,,Quáº­n 2,10,10.805098622363582,106.7481591687866,REGULAR,,City view balcony in Thao Dien apartment,entire_home,,False,,/ Ä‘Ãªm,2.0,True,True,True,True,True,,,,,True,,,,True,,,,,,False,False,,,,True,,,,,,,,,,,,,,,,,
24115177,https://www.airbnb.com.vn/rooms/24115177,"4,55",,18,10.77004,106.70169,REGULAR,,Staycious Fresh 1C *Gáº§n chá»£ Báº¿n ThÃ nh,private_room,106,False,,/ Ä‘Ãªm,2.0,True,True,True,True,True,True,True,,,,388.000,â‚«388.000,,True,,False,True,5,True,,,,,,,,,,,,,,,,,,True,,,,,
744839560498298317,https://www.airbnb.com.vn/rooms/744839560498298317,"4,76",Quáº­n 1,10,10.7595281,106.6922369,REGULAR,,"(Má»›i)#L42* PhÃ²ng Cozy-Quiet, Quáº­n 1, Thang mÃ¡y",private_room,17,False,,/ Ä‘Ãªm,2.0,True,True,True,True,True,,True,,,True,616.777,â‚«616.777,,True,True,,,,,,,True,,,,,,,,,,,,,,,,,,,,
833259908924575400,https://www.airbnb.com.vn/rooms/833259908924575400,"4,9",Quáº­n 2,29,10.80471,106.728408,REGULAR,,BÃ£i Ä‘á»— xe ngoÃ i dá»‹ch Vá»¤ táº¡i Ä‘á»‹a Ä‘iá»ƒm Tháº£o ÄIá»€N TP.HCM,private_room,10,False,,/ Ä‘Ãªm,2.0,True,True,True,True,,,,,,True,623.094,â‚«623.094,True,True,,,,,,,,True,,True,True,,,,,,,,,,,,,,,,,
699650834098468059,https://www.airbnb.com.vn/rooms/699650834098468059,"4,8",Quáº­n 4,28,10.76951,106.70293,REGULAR,,"CÄƒn há»™ trung tÃ¢m thÆ°Æ¡ng máº¡i gáº§n PHÃ’NG Táº¬P THá»‚ Dá»¤C, Há»’ BÆ I MIá»„N PHÃ ThÃ¡p TÃ i chÃ­nh",entire_home,20,False,,/ Ä‘Ãªm,2.0,True,True,,,True,,True,,,,932.012,â‚«932.012,True,True,True,,,,,,,,,,,True,True,,,True,,,,,,,,,,,,
786074494974697341,https://www.airbnb.com.vn/rooms/786074494974697341,"4,86",BÃ¬nh Tháº¡nh,30,10.792492396406674,106.71795870024047,REGULAR,,CÄƒn há»™ 2Q - Há»“ bÆ¡i nhiá»‡t Ä‘á»›i 5* -Rooftop Pool&Spa-H_link_C,entire_home,14,False,,/ Ä‘Ãªm,3.0,True,True,True,,True,,True,,,,,,,True,True,,,,,,,True,,,,,,,,True,,True,,,,,,,,,,
711960758494920396,https://www.airbnb.com.vn/rooms/711960758494920396,"4,79",Quáº­n 1,30,10.76777,106.68969,REGULAR,,Sáº¡ch sáº½ vÃ  siÃªu áº¥m cÃºng ~ GiÆ°á»ng táº§ng rá»™ng rÃ£i |B3|,shared_room,24,False,,/ Ä‘Ãªm,1.0,True,True,True,True,True,True,True,,,True,142.508,â‚«142.508,,,,,,,,False,False,,,,,,,,,,,,,,,,,,,,,
881107158862841887,https://www.airbnb.com.vn/rooms/881107158862841887,,PhÃº Nhuáº­n,15,10.8026479,106.6789521,REGULAR,,4A/Your colorful home,entire_home,,False,,/ Ä‘Ãªm,2.0,,True,True,True,True,True,True,,,True,493.274,â‚«493.274,,,,,,,,False,,,,,,,True,,,,,,,,,,,,,,,
835754149562936518,https://www.airbnb.com.vn/rooms/835754149562936518,"4,92",Quáº­n 3,30,10.786206,106.683984,REGULAR,,House by the River#4.2#private W.C#4rd floor,private_room,12,False,,/ Ä‘Ãªm,2.0,,True,True,True,True,,True,True,,,,,,,,True,True,6,True,False,False,,,,,,,,,,,True,,,,,,,,,,
887966589790504000,https://www.airbnb.com.vn/rooms/887966589790504000,,Tháº£o Äiá»n,15,10.80271,106.73941,REGULAR,,Private Room by the Pool & Mall,private_room,,False,,/ Ä‘Ãªm,2.0,True,True,,,True,,True,,,,,,,True,,,,,,False,,,,,,,,,,True,,,True,,,,,,True,,,
39975780,https://www.airbnb.com.vn/rooms/39975780,"5,0",Ho Chi Minh City,13,10.79637,106.67369,REGULAR,,Modern apaz near airport and center | Free Laundry,entire_home,10,False,,/ Ä‘Ãªm,2.0,True,True,True,True,True,True,,,,True,,,,True,True,,,,,,,,,,,,,,,,True,,,,,,,,,,,
846650336634317710,https://www.airbnb.com.vn/rooms/846650336634317710,"4,78",Quáº­n 3,30,10.786724,106.686107,REGULAR,,"Ocean room in the heart of city, mini kitchen",private_room,9,False,,/ Ä‘Ãªm,2.0,True,True,True,True,,,,,,True,817.904,â‚«817.904,,,,True,True,2,True,False,False,True,,,True,,,,,,,,,,,,,,,,,
29149545,https://www.airbnb.com.vn/rooms/29149545,"4,68",Ho Chi Minh City,10,10.79672,106.68907,REGULAR,,NhÃ  cá»§aMai - phÃ²ng ngá»§ Má»šI khang trang vá»›i nhá»¯ng nÃ©t cá»• kÃ­nh,private_room,34,False,,/ Ä‘Ãªm,2.0,True,True,,True,True,True,,,,,399.412,â‚«399.412,,True,,False,True,6,True,False,False,,,,True,,,,,,,,,,,,,,,,,
590998343383517639,https://www.airbnb.com.vn/rooms/590998343383517639,"4,53",Quáº­n 1,10,10.77011,106.70382,REGULAR,,Táº¦NG Lá»¬NG MINI ná»™i thÃ nh | Cá»¬A Sá»” Lá»šN,private_room,34,False,,/ Ä‘Ãªm,3.0,True,True,True,True,True,,,,,True,836.711,â‚«836.711,,True,,False,False,7,True,,,True,,,True,,,,,,,,,,,,,,,,,
872758582259856873,https://www.airbnb.com.vn/rooms/872758582259856873,"4,33",Quáº­n 1,7,10.76491,106.6965,REGULAR,,[Free Pickup]- Amazing City View D1| Bui Vien,entire_home,3,False,,/ Ä‘Ãªm,3.0,,True,True,True,,,True,,,,516.517,â‚«516.517,,True,,,,,,,,,,,,True,True,,,,,,,,,,,,,,,
31528741,https://www.airbnb.com.vn/rooms/31528741,"4,77",Quáº­n 2,30,10.80202,106.74225,REGULAR,,"CÄƒn há»™ cao cáº¥p táº¡i Masteri Tháº£o Äiá»n, Táº§ng Cao",entire_home,61,False,,/ Ä‘Ãªm,5.0,True,True,True,True,True,,True,,,,,,,True,True,,,,,,,,,,,,,,,True,,True,,,,,,,,,,
48472458,https://www.airbnb.com.vn/rooms/48472458,"4,93",PhÃº Nhuáº­n,30,10.8006,106.68247,REGULAR,,Äá»‹a Ä‘iá»ƒm hoÃ n toÃ n má»›i vá»›i ban cÃ´ng - NhÃ  cá»§a An #52,private_room,15,False,,/ Ä‘Ãªm,2.0,True,True,True,True,,,,,,True,563.883,â‚«563.883,,True,True,True,True,2,True,False,,True,,,,,,,,,,,,,,,,,,,,
861265971204550478,https://www.airbnb.com.vn/rooms/861265971204550478,,Quáº­n 7,7,10.7239196,106.728405,REGULAR,,Studio Loft dá»… thÆ°Æ¡ng,private_room,,False,,/ Ä‘Ãªm,2.0,,True,True,True,,,,,,,456.471,â‚«456.471,,True,,False,True,,,False,,True,,,,,,,,True,,True,,,False,,,,,True,,
856940375143785819,https://www.airbnb.com.vn/rooms/856940375143785819,"4,25",Quáº­n 3,20,10.790986217773503,106.68669625396728,REGULAR,,PhÃ²ng ÄÆ¡n WC riÃªng biá»‡t táº§ng lá»­ng Gáº§n Pink Church,private_room,4,False,,/ Ä‘Ãªm,1.0,True,True,True,True,True,True,,,,True,374.710,â‚«374.710,,,,True,True,2,True,False,False,,,,,,,,,,,,,,,,,,,,,
796836517506055444,https://www.airbnb.com.vn/rooms/796836517506055444,,Quáº­n 1,5,10.7602889,106.6895575,REGULAR,,CÄƒn há»™ dá»‹ch vá»¥ giÃ¡ ráº» táº¡i Quáº­n 1,private_room,,False,,/ Ä‘Ãªm,2.0,True,True,True,True,True,True,,,,True,456.471,â‚«456.471,,True,,,,,,False,False,,,,,,,,,,,,,,,,,,,,,
24027472,https://www.airbnb.com.vn/rooms/24027472,"4,55",,19,10.77027,106.70343,REGULAR,,CÄƒn há»™ 1 phÃ²ng ngá»§ áº¥m cÃºng * Gáº§n chá»£ Báº¿n ThÃ nh,private_room,103,False,,/ Ä‘Ãªm,2.0,True,True,True,True,True,True,True,,,,388.000,â‚«388.000,,True,,False,True,5,True,,,,,,,,,,,,,,,,,,True,,,,,
793151995012734599,https://www.airbnb.com.vn/rooms/793151995012734599,"4,91",PhÃº Nhuáº­n,14,10.8026479,106.6789521,REGULAR,,1/CÄƒn há»™ studio cÃ³ ban cÃ´ng,entire_home,11,False,,/ Ä‘Ãªm,2.0,,True,True,True,True,True,True,,,True,542.059,â‚«542.059,,,,,,,,False,,,,,,,True,,,,,,,,,,,,,,,
45405533,https://www.airbnb.com.vn/rooms/45405533,"4,5",Pháº¡m NgÅ© LÃ£o,15,10.76605,106.69314,REGULAR,,Queenbed WIFI Aircon@walking st Buivien Dist1 F3,private_room,24,False,,/ Ä‘Ãªm,2.0,True,True,,True,True,,True,,,True,,,,True,,False,True,3,True,False,False,,,,,,,,,,,,,,,,,,,,,
26728271,https://www.airbnb.com.vn/rooms/26728271,"4,79",Quáº­n 4,30,10.76655,106.70342,REGULAR,,GGHome#10 - Netflix MIá»„N phÃ­ gáº§n BÃ¹i Viá»‡n,entire_home,170,False,,/ Ä‘Ãªm,4.0,True,True,,,True,True,True,,,,889.209,â‚«889.209,True,True,True,,,,,,,,,,,True,,,,,,,,True,,,,,,,,
744613017668844098,https://www.airbnb.com.vn/rooms/744613017668844098,"4,91",Quáº­n 1,13,10.7595281,106.6922369,REGULAR,,"(Má»›i)#L14*PhÃ²ng ban cÃ´ng riÃªng,Quáº­n 1,Thang mÃ¡y",private_room,11,False,,/ Ä‘Ãªm,2.0,True,True,True,True,True,,,,,True,685.030,â‚«685.030,True,True,True,True,True,6,True,,,,,,,,,,,,,,,,,,,,,,,
36496482,https://www.airbnb.com.vn/rooms/36496482,"4,76",GÃ² Váº¥p,11,10.831,106.66486,REGULAR,,VANIA HOUSE 8 studio thoáº£i mÃ¡i gáº§n sÃ¢n bay,entire_home,46,False,,/ Ä‘Ãªm,2.0,True,True,True,True,True,,True,,,,513.530,â‚«513.530,,,,,,,,False,False,,,,,True,True,,,,,,,,,,,,,,,
49021736,https://www.airbnb.com.vn/rooms/49021736,,PhÃº Nhuáº­n,6,10.80014,106.69011,REGULAR,,CÄƒn há»™ studio cao cáº¥p ngay trung tÃ¢m thÃ nh phá»‘,private_room,,False,,/ Ä‘Ãªm,3.0,True,True,True,True,True,True,True,,,,,,,True,,,,,,False,,,,,,True,,,,,,,,,,,,,,,,
32368715,https://www.airbnb.com.vn/rooms/32368715,"4,88",Há»“ ChÃ­ Minh,30,10.79325,106.68668,REGULAR,,NhÃ  thá»±c váº­t há»c PhÃ²ng thÃ­ nghiá»‡m áº¥m cÃºng á»Ÿ TÃ¢n Äá»‹nh báº±ng xe tuáº§n HOÃ€N,hotel_room,123,False,,/ Ä‘Ãªm,2.0,True,True,True,True,True,True,True,True,True,True,507.773,â‚«507.773,,,,,,,,,,,,,,,,,,,,,,,,,,,,,,
33304886,https://www.airbnb.com.vn/rooms/33304886,"4,69",Ho Chi Minh,30,10.76978,106.69076,REGULAR,,â™šTÃŒNH YÃŠU NGá»ŒT ngÃ o â™šBan cÃ´ng #BuiVien#BenThanh#D1,private_room,139,False,,/ Ä‘Ãªm,3.0,True,True,,True,True,True,True,True,True,True,,,,,,False,True,4,True,,,,,,,,,,,,,,,,,,,,,,,
42949336,https://www.airbnb.com.vn/rooms/42949336,"4,72",Há»“ ChÃ­ Minh,12,10.76508,106.69526,REGULAR,,"Studio cÃ³ thiáº¿t káº¿ tÆ°Æ¡i sÃ¡ng, thÃ¢n thiá»‡n vÃ  hiá»‡n Ä‘áº¡i",private_room,29,False,,/ Ä‘Ãªm,2.0,True,True,True,True,,,,,,True,543.872,â‚«543.872,,True,,,,,,False,False,True,,,True,,,,,,,,,,,,,,,,,
23394132,https://www.airbnb.com.vn/rooms/23394132,"4,7",Quáº­n 4,30,10.76671,106.70317,REGULAR,,The Corner TRESOR - Há»’ bÆ¡i/phÃ²ng táº­p thá»ƒ dá»¥c miá»…n phÃ­,hotel_room,101,False,,/ Ä‘Ãªm,3.0,True,True,True,,True,,True,,,,874.582,â‚«874.582,True,True,True,,,,,,,,,,,,,,,True,,,,True,,,,,,,,
887990060159811478,https://www.airbnb.com.vn/rooms/887990060159811478,,BÃ¬nh Tháº¡nh,20,10.7955236,106.7192025,REGULAR,,CÄƒn há»™ 1PN Vinhomes - Landmark 5 - Landmark 81,entire_home,,False,,/ Ä‘Ãªm,3.0,True,True,True,True,True,,True,,,True,,,,True,,,,,,,,,,,,True,,,,True,,,,,,,,,,,,
21994260,https://www.airbnb.com.vn/rooms/21994260,"4,95",Ho Chi Minh City,18,10.802668,106.660449,REGULAR,,Modern Apartment above Cafe near Airport,entire_home,62,False,,/ Ä‘Ãªm,3.0,True,True,True,True,,,True,,True,True,,,,True,True,,,,,,,True,,,,,,,,,,,,,,,,,,,,
815530869119104845,https://www.airbnb.com.vn/rooms/815530869119104845,"4,83",Quáº­n 1,8,10.76372,106.68936,REGULAR,,PhÃ²ng giÃ¡ cáº£ pháº£i chÄƒng á»Ÿ trung tÃ¢m thÃ nh phá»‘ gáº§n BÃ¹i Viá»‡n,private_room,6,False,,/ Ä‘Ãªm,2.0,True,True,True,True,True,,,,,True,,,,,,False,True,5,True,False,False,,,,True,,,,,,,,,,,,,,,,,
863275110947762047,https://www.airbnb.com.vn/rooms/863275110947762047,,GÃ² Váº¥p,13,10.8306362,106.6642589,REGULAR,,VANIA HOUSE15-Go Vap district,entire_home,,False,,/ Ä‘Ãªm,2.0,True,True,,True,True,,True,,,True,513.530,â‚«513.530,,,,,,,,False,False,,,,,True,True,,,,,,,,,,,,,,,
887464012428918466,https://www.airbnb.com.vn/rooms/887464012428918466,,Quáº­n 8,6,10.7382457,106.6675049,REGULAR,,Marki House,private_room,,False,,/ Ä‘Ãªm,8.0,True,True,True,True,True,,True,,,True,,,,True,,,,,,False,False,,,,,,,,,,,,,,,,,,,,,
786878193715707099,https://www.airbnb.com.vn/rooms/786878193715707099,"5,0",Quáº­n 2,30,10.786180294193699,106.74981158226728,REGULAR,,Studio thanh lá»‹ch á»Ÿ Sun Avenue,entire_home,3,False,,/ Ä‘Ãªm,2.0,True,True,True,,True,,True,,,,688.236,â‚«688.236,,True,,,,,,False,,,,,,,True,,,True,,,,,,,,,,,True,
869900361485252391,https://www.airbnb.com.vn/rooms/869900361485252391,,Quáº­n 3,7,10.77851,106.68995,REGULAR,,Chic studio in heart of city,private_room,,False,,/ Ä‘Ãªm,2.0,True,True,True,,True,,True,,,,364.264,â‚«364.264,,True,,False,True,,True,False,False,,,,,,True,,,,,,,,,,,,,,,
891764340439030978,https://www.airbnb.com.vn/rooms/891764340439030978,,Quáº­n 1,19,10.7719628,106.6968587,REGULAR,,Newly small Brighten Studio @ Ben Thanh market,entire_home,,False,,/ Ä‘Ãªm,2.0,True,True,,True,,,True,,True,,712.200,â‚«712.200,True,True,True,,,,,False,False,,,,,,,,,,,,,,,,,,,,,
24092728,https://www.airbnb.com.vn/rooms/24092728,"4,65",Nguyá»…n ThÃ¡i BÃ¬nh,17,10.76808,106.70208,REGULAR,,Staycious Fresh 3C* Gáº§n chá»£ Báº¿n ThÃ nh,private_room,117,False,,/ Ä‘Ãªm,2.0,True,True,True,True,True,True,True,,,,369.057,â‚«369.057,,True,,False,True,5,True,,,,,,True,,,,,,,,,,,,,,,,,
38420980,https://www.airbnb.com.vn/rooms/38420980,"4,47",Quáº­n 1,23,10.78792,106.70323,REGULAR,,Luxy Park Deluxe apt window 5 mins to Notre Dame,entire_home,19,False,,/ Ä‘Ãªm,2.0,True,True,,True,True,True,True,,,,,,,True,True,,,,,False,,,,,True,,,,,,,,,,,,,,,,,
53438706,https://www.airbnb.com.vn/rooms/53438706,"4,91",Quáº­n 3,22,10.787,106.69352,REGULAR,,CÄƒn há»™ boutique 1 giÆ°á»ng @central,entire_home,44,False,,/ Ä‘Ãªm,2.0,,True,,True,,,True,,,True,919.921,â‚«919.921,,True,,,,,,False,False,,,,,True,True,,True,,,,,,,,,,,,,
886096716243466777,https://www.airbnb.com.vn/rooms/886096716243466777,,Quáº­n 3,5,10.78719,106.68466,REGULAR,,TeraHomestay#5A. Private patio & bed & bath,private_room,1,False,,/ Ä‘Ãªm,2.0,,True,,True,True,,True,True,True,True,413.791,â‚«413.791,,,,False,True,1,True,False,False,,,,,,,,,,,,,,,,,,,,,
596619718725414184,https://www.airbnb.com.vn/rooms/596619718725414184,"4,87",,27,10.75916,106.70539,REGULAR,,Maneki Neko Homestay * NhÃ  phá»‘ YÃªn bÃ¬nh - áº¤m cÃºng,entire_home,52,False,,/ Ä‘Ãªm,2.0,True,True,True,True,True,,True,,,True,452.517,â‚«452.517,True,,,,,,,False,False,,,,,,,,,,,,,,,,,,,,,
20136582,https://www.airbnb.com.vn/rooms/20136582,"4,62",Báº¿n NghÃ©,8,10.78374,106.70545,REGULAR,,CÄƒn há»™ trung tÃ¢m Ä‘i bá»™ Ä‘áº¿n phá»‘ Nháº­t á»Ÿ quáº­n 1,entire_home,167,False,,/ Ä‘Ãªm,2.0,True,True,,True,,,True,,,,481.803,â‚«481.803,,True,,,,,,,,,,,,True,True,,True,,,,,,,,,,,,,
830625016649808241,https://www.airbnb.com.vn/rooms/830625016649808241,,Quáº­n 1,5,10.76280679035815,106.68780017301637,REGULAR,,PhÃ²ng riÃªng táº¡i Quáº­n 1 - Jimmy House,private_room,1,False,,/ Ä‘Ãªm,2.0,,True,,True,,,True,,,True,365.177,â‚«365.177,,,,False,False,6,True,False,False,,,,True,,,,,,,,True,,,,,,,,,
678622262966826031,https://www.airbnb.com.vn/rooms/678622262966826031,"4,86",BÃ¬nh Tháº¡nh,8,10.78865,106.71207,REGULAR,,CÄƒn há»™ dá»‹ch vá»¥ áº¥m cÃºng vÃ  an toÃ n á»Ÿ trung tÃ¢m thÃ nh phá»‘,entire_home,14,False,,/ Ä‘Ãªm,2.0,True,True,True,True,True,,True,,,,574.778,â‚«574.778,,True,True,,,,,,,True,,,,,,,,,,,,True,,,,,,,,
41581964,https://www.airbnb.com.vn/rooms/41581964,"5,0",GÃ² Váº¥p,21,10.84854,106.66883,REGULAR,,PhÃ²ng cá»§a Misa11 cÃ³ ban cÃ´ng cho khÃ¡ch Ä‘Æ¡n - GÃ² Váº¥p,private_room,18,False,,/ Ä‘Ãªm,1.0,True,True,True,True,True,,True,,,,365.177,â‚«365.177,,,,True,True,4,True,False,False,True,,,,,,,,,,,,,,,,,,,,
759991058859089189,https://www.airbnb.com.vn/rooms/759991058859089189,"4,75",,21,10.847336746251006,106.83767203241587,REGULAR,,CÄƒn há»™ ná»™i tháº¥t hiá»‡n Ä‘áº¡i-Vinhomes Grand Park,entire_home,8,False,,/ Ä‘Ãªm,2.0,True,True,True,,,,,,,True,513.530,â‚«513.530,,True,,,,,,False,,True,,,True,,,,,True,,True,,,,,,,,,,
832544674781298127,https://www.airbnb.com.vn/rooms/832544674781298127,"5,0",PhÃº Nhuáº­n,18,10.8026479,106.6789521,REGULAR,,6A/NgÃ´i nhÃ  Ä‘áº§y mÃ u sáº¯c cá»§a báº¡n,entire_home,5,False,,/ Ä‘Ãªm,2.0,,True,True,True,True,True,True,,,True,466.171,â‚«466.171,,,,,,,,False,,,,,,,True,,,,,,,,,,,,,,,
792373380446164141,https://www.airbnb.com.vn/rooms/792373380446164141,"4,77",TÃ¢n BÃ¬nh,10,10.804273077298562,106.66632542327879,REGULAR,,CÄƒn há»™ 1 phÃ²ng ngá»§ áº¥m cÃºng dÃ nh cho du khÃ¡ch cÃ³ Wi-fi nhanh,entire_home,26,False,,/ Ä‘Ãªm,2.0,True,True,,True,,,True,,True,,428.241,â‚«428.241,,True,True,,,,,False,False,,,,,True,,,,,,,,,,,,,,,,
684395045364224162,https://www.airbnb.com.vn/rooms/684395045364224162,"4,93",Ho Chi MÃ¬nh City,15,10.72581,106.69636,REGULAR,,â˜€ï¸Lynhapartmentâ˜€ï¸Full Flat w Rá»™ng rÃ£i Ban cÃ´ng @D7,private_room,15,False,,/ Ä‘Ãªm,2.0,True,True,True,True,,,,,,,573.365,â‚«573.365,True,True,,True,True,5,True,False,False,True,,,,,,,,,,,,,,,,,,,,
830622824180185291,https://www.airbnb.com.vn/rooms/830622824180185291,,Quáº­n 1,17,10.7702491,106.689089,REGULAR,,PhÃ²ng riÃªng táº¡i Quáº­n 1 cÃ³ ban cÃ´ng,private_room,2,False,,/ Ä‘Ãªm,2.0,,True,,,True,,True,,,True,399.412,â‚«399.412,,True,,False,False,6,True,False,False,,,,True,True,,,,,,,,,,,,,,,,
849738979072975497,https://www.airbnb.com.vn/rooms/849738979072975497,"5,0",BÃ¬nh Tháº¡nh,7,10.7938,106.71678,REGULAR,,Sky-High & Quiet 1BR,entire_home,8,False,,/ Ä‘Ãªm,2.0,True,True,True,True,True,,,,,True,483.873,â‚«483.873,,True,True,,,,,False,,True,,,,,,,,,,,,,,,,,,,,
860739878463518711,https://www.airbnb.com.vn/rooms/860739878463518711,"4,67",Quáº­n 1,9,10.7679914,106.6887347,REGULAR,,"Private room, balcony with a view",private_room,6,False,,/ Ä‘Ãªm,2.0,,True,True,True,,,,,,True,361.683,â‚«361.683,True,,,False,True,1,True,False,False,True,,,True,,,,,,,,,,,,,,,,,
893122521401097557,https://www.airbnb.com.vn/rooms/893122521401097557,,Quáº­n 2,11,10.773528505456943,106.76439200118564,REGULAR,,Master room share with a woman,shared_room,,False,,/ Ä‘Ãªm,1.0,True,True,,,True,,True,True,,True,,,,True,True,,,,,False,,,,,,,,,,True,,,,,,,,,,,,
891571944351022970,https://www.airbnb.com.vn/rooms/891571944351022970,,Quáº­n 4,30,10.76146,106.69962,REGULAR,,Free Pool&Netflix - Center SaiGon - Near Bui Vien,entire_home,,False,,/ Ä‘Ãªm,2.0,True,True,True,True,True,,,,,,,,,True,True,,,,,,,True,,,,,,,,True,,True,,,,,,,,,,
40702178,https://www.airbnb.com.vn/rooms/40702178,"4,52",Ho Chi Minh City,11,10.80316,106.68319,REGULAR,,PhÃ²ng háº¡ng sang Eco Homestay riÃªng ngÃµ D 's,private_room,27,False,,/ Ä‘Ãªm,2.0,True,True,,True,,,True,True,True,,342.353,â‚«342.353,True,True,,False,True,3,True,,,,,,True,,,,,,,,,,,,,,,,,
32649693,https://www.airbnb.com.vn/rooms/32649693,"4,5",Quáº­n 1,12,10.7888,106.70005,REGULAR,,AN cÄƒn há»™ - 401 Compact Studio á»Ÿ trung tÃ¢m,private_room,28,False,,/ Ä‘Ãªm,2.0,True,True,True,True,True,True,True,,,,459.006,â‚«459.006,,True,,,,,,False,,,,,,True,,,,,,,,,,,,,,,,
47437331,https://www.airbnb.com.vn/rooms/47437331,"4,71",Pháº¡m NgÅ© LÃ£o,9,10.7673,106.6926,REGULAR,,PhÃ²ng Ä‘Æ¡n cÃ³ Ä‘iá»u hÃ²a khÃ´ng khÃ­ vÃ  nhÃ  vá»‡ sinh F10,private_room,14,False,,/ Ä‘Ãªm,1.0,True,True,,True,True,,True,True,True,,282.159,â‚«282.159,,,,False,True,3,True,False,False,,,,,,,,,,,,,,,,,,,,,
796148421961568203,https://www.airbnb.com.vn/rooms/796148421961568203,"4,91",TÃ¢n BÃ¬nh,17,10.8162192,106.6672872,REGULAR,,Gáº§n phÃ²ng sang trá»ng cá»§a sÃ¢n bay TÃ‚N SÆ N nhÃ¢ Ì T,private_room,11,False,,/ Ä‘Ãªm,2.0,True,True,True,,,,,,,,,,True,True,True,,,,,False,,,,True,True,,,,,True,,,,,,,,,,,,
790498111946510655,https://www.airbnb.com.vn/rooms/790498111946510655,"5,0",PhÃº Nhuáº­n,17,10.80152,106.67793,REGULAR,,"2/Studio má»›i, áº¥m cÃºng vÃ  Ä‘áº§y mÃ u sáº¯c vá»›i ban cÃ´ng",entire_home,5,False,,/ Ä‘Ãªm,2.0,,True,True,True,True,True,True,,,True,542.059,â‚«542.059,,,,,,,,False,,,,,,,True,,,,,,,,,,,,,,,
710432629057230912,https://www.airbnb.com.vn/rooms/710432629057230912,"4,57",Quáº­n 1,11,10.77109,106.69449,REPRESENTATIVE,,@D1 Boutique Hotel - 1 phÃ²ng ngá»§ gáº§n Chá»£ Báº¿n ThÃ nh,private_room,125,False,,/ Ä‘Ãªm,2.0,,True,True,True,,,True,,True,True,576.000,â‚«576.000,,True,,,,,,,,,,,,True,True,,,,,,,,,,True,,,,,
847625426157524694,https://www.airbnb.com.vn/rooms/847625426157524694,"4,67",Quáº­n 1,10,10.77885,106.70667,REGULAR,,CÄƒn há»™ trÃªn Khu phá»‘ Nháº­t,private_room,3,False,,/ Ä‘Ãªm,2.0,True,True,True,,True,,True,,,True,,,,,,False,True,2,True,False,False,,,True,,,,,,,,,,,,,,,,,,
591744895843703858,https://www.airbnb.com.vn/rooms/591744895843703858,,Quáº­n 2,10,10.810345,106.72966,REGULAR,,PhÃ²ng rá»™ng rÃ£i vÃ  yÃªn bÃ¬nh 3 vá»›i ban cÃ´ng Tháº£o Äiá»n,private_room,,False,,/ Ä‘Ãªm,2.0,,True,True,,True,,True,,,True,516.805,â‚«516.805,,True,,,,,,False,False,,,True,,,,,,,,,,True,,,,,,,,
889356519344954848,https://www.airbnb.com.vn/rooms/889356519344954848,,BÃ¬nh Tháº¡nh,14,10.790003608523786,106.71533511468047,REGULAR,,"Duplex room with window, 5' to District 1",entire_home,,False,,/ Ä‘Ãªm,4.0,True,True,True,True,True,,True,,,True,,,,True,,,,,,False,False,,,,,,,,,,,,,,,,,,,,,
826511384422319595,https://www.airbnb.com.vn/rooms/826511384422319595,"4,86",Quáº­n 1,10,10.7800346,106.705261,REGULAR,,Safe apartment in Japanese Street dining area,private_room,7,False,,/ Ä‘Ãªm,2.0,True,True,True,True,True,,,,,True,669.675,â‚«669.675,,True,,False,True,3,,False,False,,,,,,,,,,,,,,False,,,,,,,
826423735486574535,https://www.airbnb.com.vn/rooms/826423735486574535,"4,62",Quáº­n 2,25,10.80456,106.72849,REGULAR,,business apartment/wifi & Ethernet/free service,private_room,13,False,,/ Ä‘Ãªm,4.0,True,True,True,True,,,,,,True,581.579,â‚«581.579,True,True,,False,True,3,True,,,True,,,True,,,,,,,,,,,,,,,,,
665252544185017161,https://www.airbnb.com.vn/rooms/665252544185017161,"4,81",Quáº­n 4,30,10.76260531344209,106.69882245361805,REGULAR,,Æ¯u Ä‘Ã£iâ­ï¸ tá»‘t nháº¥t - Táº§m nhÃ¬n Ä‘áº¹p nháº¥tâ­ï¸ 2 pho Ì€ ng ngu Ì‰ 2WC 74m2 PhÃ²ng táº­p thá»ƒ dá»¥c há»“ bÆ¡iâ¤ï¸ miá»…n phÃ­â¤ï¸,entire_home,67,False,,/ Ä‘Ãªm,6.0,True,True,True,True,True,,,,,,,,,True,True,,,,,,,True,,,,,,,,True,,True,,,,,,,,,,
32650175,https://www.airbnb.com.vn/rooms/32650175,"4,43",Quáº­n 1,11,10.7905,106.70054,REGULAR,,AN cÄƒn há»™ - 402 cá»­a sá»• lá»›n á»Ÿ trung tÃ¢m,private_room,14,False,,/ Ä‘Ãªm,2.0,True,True,,True,True,True,True,,,,485.744,â‚«485.744,,True,,,,,,False,,,,,,True,True,,,,,,,,,,,,,,,
14453871,https://www.airbnb.com.vn/rooms/14453871,"4,92",Ho Chi Minh City,24,10.80155,106.68184,REGULAR,,PhÃ²ng hiá»‡n Ä‘áº¡i gáº§n Quáº­n 1 & SÃ¢n bay #02,private_room,73,False,,/ Ä‘Ãªm,2.0,True,True,True,True,True,True,True,,,True,484.000,â‚«484.000,,True,,True,True,7,True,,,,,,,,,,,,,,,,,,,,,,,
776009002972809351,https://www.airbnb.com.vn/rooms/776009002972809351,"4,83",Quáº­n 1,27,10.767285,106.692941,REGULAR,,#Best Price~Elegant Room #FREE Laundry <Bui Vien>,private_room,29,False,,/ Ä‘Ãªm,1.0,True,True,True,True,True,True,,,,True,442.703,â‚«442.703,,,,True,True,5,True,False,,,,,,,,,,,True,,,,,,,,,,,
891549736227508825,https://www.airbnb.com.vn/rooms/891549736227508825,,"wards, Dist 7",6,10.7339753,106.7101052,REGULAR,,Golden Apartment- Deluxe Room,private_room,,False,,/ Ä‘Ãªm,2.0,,True,True,True,,,True,,,,,,,True,,,,,,False,False,,,,,True,,,,,,,,,,,,,,,,
887888995528469849,https://www.airbnb.com.vn/rooms/887888995528469849,,TÃ¢n PhÃº,5,10.80182,106.62403,REGULAR,,khÃ¡ch sáº¡n tiáº¿n tháº¯ng,private_room,,False,,/ Ä‘Ãªm,2.0,,True,True,True,,,True,,,True,,,,True,,,,,,False,,,,True,,,,,,,,,,,,,,,,,,
45426719,https://www.airbnb.com.vn/rooms/45426719,"4,9",BÃ¬nh Tháº¡nh,8,10.79934,106.69722,REGULAR,,Aqua House 3 - Studio yÃªn tÄ©nh vá»›i cá»­a sá»• Ä‘áº¹p,entire_home,20,False,,/ Ä‘Ãªm,2.0,True,True,True,True,True,True,True,,,,,,,True,,,,,,False,False,,,,,,,,,,,,,,,,,,,,,
892241895736180690,https://www.airbnb.com.vn/rooms/892241895736180690,,Quáº­n 2,27,10.8113,106.73386,REGULAR,,Sen Boutique House - Premium Studio 35m2,private_room,,False,,/ Ä‘Ãªm,2.0,True,True,True,,True,True,True,,True,True,,,,True,True,,,,,,,,,,,,,,,,,,,,,,,,,,,
643904666740601563,https://www.airbnb.com.vn/rooms/643904666740601563,"4,58",Quáº­n 1,21,10.7708,106.68921,REGULAR,,Äá»‹a Ä‘iá»ƒm má»›i/phong cÃ¡ch má»›i trongD1/BÃ£i Ä‘á»— xe miá»…n phÃ­/dá»‹ch vá»¥ miá»…n phÃ­,private_room,19,False,,/ Ä‘Ãªm,3.0,True,True,True,True,True,True,,,,True,574.324,â‚«574.324,True,True,True,,,,,,,,,,,,,,,,,,,,,,,,,,,
42142919,https://www.airbnb.com.vn/rooms/42142919,"5,0",Quáº­n 1,26,10.77027,106.69966,REGULAR,,"Bahama HouseğŸ“Gáº§n chá»£ Báº¿n ThÃ nh, Trung tÃ¢m TP.",entire_home,10,False,,/ Ä‘Ãªm,4.0,True,True,,,True,,True,,,,,,,True,True,,,,,False,False,,,,True,True,,,,,,,,,,,,,,,,
684393148388750685,https://www.airbnb.com.vn/rooms/684393148388750685,"4,61",Quáº­n 4,30,10.7638,106.69892,REGULAR,,"DANNY-BIG BAN CÃ”NG CÄ‚N Há»˜ PHÃ’NG Táº¬P THá»‚ Dá»¤C MIá»„N PHÃ táº¡i TRUNG TÃ‚M, khu thÆ°Æ¡ng máº¡i trung tÃ¢m",entire_home,18,False,,/ Ä‘Ãªm,2.0,True,True,True,,True,,True,True,,,920.883,â‚«920.883,,True,True,,,,,,,,,,,True,,,,True,,,,,,,,,,,,
767689856066677556,https://www.airbnb.com.vn/rooms/767689856066677556,"4,5",Quáº­n 1,6,10.780079,106.703907,REPRESENTATIVE,,Trung tÃ¢m BÃ  Lu Saigon - Phong cÃ¡ch sá»‘ng tá»‘i giáº£n,entire_home,12,False,,/ Ä‘Ãªm,1.0,,True,True,,True,True,True,True,,True,345.000,â‚«345.000,,,,,,,,,,,,,,,,,,,,,,,,,,,,,,
36691111,https://www.airbnb.com.vn/rooms/36691111,"4,82",Ho Chi Minh City,25,10.76566,106.70271,REGULAR,,DANNY 's POOL VIEW APT2 gáº§n quáº­n 1 BÃ™I VIÃŠN!,entire_home,88,False,,/ Ä‘Ãªm,2.0,True,True,,,True,,True,,,,885.518,â‚«885.518,,True,True,,,,,,,,,,,True,True,,True,True,,,,,,,,,,,,
733200091663476838,https://www.airbnb.com.vn/rooms/733200091663476838,"4,69",Quáº­n 1,11,10.76483,106.69397,REGULAR,,cÄƒn há»™ sang trá»ng/ tiá»‡n nghi á»Ÿ trung tÃ¢m Q1,private_room,13,False,,/ Ä‘Ãªm,2.0,True,True,True,,,,,,,True,539.589,â‚«539.589,True,True,,,,,,False,False,,,,True,,,,,,,True,,,,,,,,,,
30267622,https://www.airbnb.com.vn/rooms/30267622,"4,86",Quáº­n 3,30,10.78974,106.68856,REGULAR,,Room1B @ Kitsune. Má»™t BR hiá»‡n Ä‘áº¡i á»Ÿ trung tÃ¢m SÃ i GÃ²n,private_room,103,False,,/ Ä‘Ãªm,2.0,True,True,,True,True,,True,True,True,True,540.000,â‚«540.000,,,,True,True,4,True,,,,,,,,,,,,,,,,,,,,,,,True
701045280720300069,https://www.airbnb.com.vn/rooms/701045280720300069,"4,75",,30,10.791984,106.721588,REGULAR,,Park 7A - CÄƒn há»™ 1PN Vinhomes - Landmark 81.,entire_home,24,False,,/ Ä‘Ãªm,3.0,True,True,True,True,True,,True,,,,,,,True,True,,,,,,,,,,,,,,,True,True,,,,,,,,,,,
882426826550875276,https://www.airbnb.com.vn/rooms/882426826550875276,,Quáº­n 1,16,10.75851,106.69167,REGULAR,,"Studio view ThÃ nh Phá»‘ ,ban cÃ´ng Ä‘Ã³n giÃ³",private_room,1,False,,/ Ä‘Ãªm,2.0,True,True,True,True,,,,,,,564.883,â‚«564.883,,,,False,True,4,True,False,False,True,,,True,,,,,,True,,,,,,,,,,,
838117601246627876,https://www.airbnb.com.vn/rooms/838117601246627876,"4,86",Quáº­n 3,16,10.791197,106.686825,REGULAR,,"PhÃ²ng ÄÆ¡n, WC RiÃªng, Táº§ng trá»‡t, Free giáº·t sáº¥y Q3",private_room,7,False,,/ Ä‘Ãªm,1.0,True,True,True,True,True,True,,,,True,315.839,â‚«315.839,,,,True,True,2,True,False,False,,,,,,,,,,,,,,,,,,,,,
787389967341112102,https://www.airbnb.com.vn/rooms/787389967341112102,"4,72",PhÃº Nhuáº­n,17,10.80426,106.68007,REGULAR,,"6/Studio má»›i, Ä‘áº§y mÃ u sáº¯c vÃ  áº¥m cÃºng",entire_home,18,False,,/ Ä‘Ãªm,2.0,,True,True,True,True,True,True,,,True,490.706,â‚«490.706,,,,,,,,False,,,,,,,True,,,,,,,,,,,,,,,
54170763,https://www.airbnb.com.vn/rooms/54170763,"4,68",Quáº­n 1,13,10.7644,106.69514,REGULAR,,Super convenient modern Apartment/free Netflix,private_room,28,False,,/ Ä‘Ãªm,2.0,True,True,True,,,,,,,True,588.850,â‚«588.850,True,True,,,,,,False,False,True,,,True,,,,,,,,,,,,,,,,,
32462776,https://www.airbnb.com.vn/rooms/32462776,"4,79",Quáº­n 4,30,10.76597,106.7038,REGULAR,,Trang chá»§ thanh lá»‹ch 3-Báº¿n ThÃ nh/BÃ¹i ViÃªn- Netflix miá»…n phÃ­,entire_home,113,False,,/ Ä‘Ãªm,4.0,True,True,,,True,True,True,,True,,824.427,â‚«824.427,True,True,True,,,,,,,,,,,True,,,,,,,,,,,,,,,,
890267351128814100,https://www.airbnb.com.vn/rooms/890267351128814100,,Quáº­n 1,14,10.76805,106.69041,REGULAR,,Single Room with Private Bathroom,private_room,,False,,/ Ä‘Ãªm,1.0,True,True,True,True,True,,True,True,,,,,,True,,,,,,,,,,,,True,True,,,,,,,,,,,,,,,
745912482495111307,https://www.airbnb.com.vn/rooms/745912482495111307,"5,0",Quáº­n 9,30,10.83902,106.83405,REGULAR,,BB Home - Vinhomes Studio VIP Apartment,entire_home,10,False,,/ Ä‘Ãªm,2.0,True,True,True,True,,,,,,,,,,True,,,,,,,,,,True,,,,,,True,,True,,,,,,True,,,,
831183372345891393,https://www.airbnb.com.vn/rooms/831183372345891393,"4,93",Quáº­n 1,13,10.78451,106.70013,REGULAR,,PhÃ²ng dá»‹ch vá»¥ giÃ¡ ráº» táº¡i Quáº­n 1 - S2,private_room,15,False,,/ Ä‘Ãªm,2.0,,True,True,,,,True,,True,True,321.527,â‚«321.527,True,True,,True,True,6,True,False,False,,,,,,,,,,,,,,,,,,,,,
847664418026286083,https://www.airbnb.com.vn/rooms/847664418026286083,,Quáº­n 3,8,10.77732,106.68862,REGULAR,,Studio sang trá»ng ngay trung tÃ¢m SÃ i GÃ²n sá»‘ 3,private_room,2,False,,/ Ä‘Ãªm,2.0,True,True,True,,True,,True,,,,427.941,â‚«427.941,,True,,False,True,3,True,False,False,,,,,,True,,,,,,,,,,,,,,,
34612206,https://www.airbnb.com.vn/rooms/34612206,"4,94",Ho Chi Minh ,15,10.80556,106.68519,REGULAR,,"Thoáº£i mÃ¡i|áº¤m cÃºng|KhÃ´ng gian thoÃ¡ng mÃ¡t Ä‘á»ƒ lÃ m viá»‡c, há»c táº­p vÃ  thÆ° giÃ£n",private_room,64,False,,/ Ä‘Ãªm,1.0,True,True,,,True,,True,,,True,467.883,â‚«467.883,,True,True,True,True,4,True,False,,,,,,,,,,True,,,,,,,,,,,,
701040943529768791,https://www.airbnb.com.vn/rooms/701040943529768791,"4,79",Quáº­n 1,30,10.766666850446693,106.69075403362513,REGULAR,,GiÆ°á»ng táº§ng rá»™ng rÃ£i ~ Trung tÃ¢m thÃ nh phá»‘ SÃ i GÃ²n D1 | B1|,shared_room,34,False,,/ Ä‘Ãªm,1.0,True,True,True,True,True,True,,,,True,147.169,â‚«147.169,,,,,,,,False,False,True,,,,,,,,,,,,,,,,,,,,
34143379,https://www.airbnb.com.vn/rooms/34143379,"4,63",phÆ°á»ng 6,22,10.76277,106.6989,REGULAR,,THÃ€NH phá»‘ cÃ¡ch xa â˜… Khu táº­p thá»ƒ dá»¥c MIá»„N PHÃ CENTRAL CITY,entire_home,95,False,,/ Ä‘Ãªm,2.0,True,True,,True,True,,True,True,,,734.655,â‚«734.655,,True,True,,,,,,,,,,True,,,,,True,,,,,,,,,,,,
833683300005310481,https://www.airbnb.com.vn/rooms/833683300005310481,"4,83",Quáº­n 1,27,10.77111,106.69404,REGULAR,,Äi bá»™ Ä‘áº¿n Chá»£ Báº¿n ThÃ nh &BÃ¹i Viá»‡n+Netflix+Báº¿p,entire_home,6,False,,/ Ä‘Ãªm,2.0,True,True,True,,,,True,,True,True,,,,True,,,,,,,,,,,,True,True,,True,,,,,,,,,,,,,
757489744919081575,https://www.airbnb.com.vn/rooms/757489744919081575,"5,0",Quáº­n 2,11,10.81271,106.73072,REGULAR,,Studio lá»›n + LÃ m viá»‡c | 75 M2 - Tháº£o Äiá»n D2,entire_home,8,False,,/ Ä‘Ãªm,2.0,,True,True,True,,,True,True,,True,,,,,,,,,,,,,,,True,,True,,,,,,,,,,,,,,,
753851664690774588,https://www.airbnb.com.vn/rooms/753851664690774588,"5,0",Quáº­n 1,10,10.7595281,106.6922369,REGULAR,,"(Má»›i)#L12* PhÃ²ng riÃªng, Quáº­n 1, áº¤m cÃºng, Thang mÃ¡y",private_room,17,False,,/ Ä‘Ãªm,1.0,True,True,True,True,True,,True,True,,True,379.412,â‚«379.412,,True,True,,,,,,,,,,,,,,,,,,,,,,,,,,,
921820,https://www.airbnb.com.vn/rooms/921820,"4,59",Ho Chi Minh City,28,10.74969,106.68933,REGULAR,,ngÃ´i nhÃ  ngá»t ngÃ o ngÃ´i nhÃ ,private_room,118,False,,/ Ä‘Ãªm,2.0,True,True,True,True,True,,,,,,340.996,â‚«340.996,,True,,False,True,12,True,False,False,,,,True,,,,,,,,,,,,,,,,,
796320481074534327,https://www.airbnb.com.vn/rooms/796320481074534327,"4,87",TÃ¢n BÃ¬nh,16,10.8124622,106.6685909,REGULAR,,Studio w báº¿p bÃªn cáº¡nh SÃ¢n bay,private_room,45,False,,/ Ä‘Ãªm,2.0,True,True,True,True,True,,True,,,True,570.589,â‚«570.589,,True,,,,,,False,,,,,,,,,,,,,,,,True,,,,,,
848896771976182796,https://www.airbnb.com.vn/rooms/848896771976182796,"4,25",Quáº­n 1,7,10.763445882905621,106.68526254594326,REGULAR,,cÄƒn há»™ hiá»‡n Ä‘áº¡i Q1 sÃ¡t BÃ¹i Viá»‡n,private_room,4,False,,/ Ä‘Ãªm,2.0,True,True,,,True,,True,,,True,365.177,â‚«365.177,,True,,True,True,7,True,False,False,,,,,,True,,,,,,,,,,,,,,,
851700861429111976,https://www.airbnb.com.vn/rooms/851700861429111976,"4,71",Quáº­n 3,27,10.786206,106.683984,REGULAR,,House by the River#2.1#private W.C#balcony,private_room,7,False,,/ Ä‘Ãªm,2.0,,True,True,True,True,,True,,True,,,,True,,,True,True,6,True,False,False,,,,,,,,,,,,,,,,,,,,,
867956341037364820,https://www.airbnb.com.vn/rooms/867956341037364820,"4,75",Quáº­n 1,13,10.76356,106.69549,REGULAR,,[Free Pickup] Away From Home Near Bui Vien D1,entire_home,4,False,,/ Ä‘Ãªm,3.0,,True,True,True,,,True,,,,,,,True,True,,,,,,,,,,,True,,,,,,,,,,,,,,,,
878818836936320175,https://www.airbnb.com.vn/rooms/878818836936320175,,Quáº­n 4,14,10.76175,106.69969,REGULAR,,CÄƒn há»™ Rivergate Gáº§n Trung tÃ¢m,entire_home,,False,,/ Ä‘Ãªm,2.0,True,True,True,,True,,True,,,True,,,,True,,,,,,False,,,,,,,,,,True,,True,,,,,,,,,,
867784674082224680,https://www.airbnb.com.vn/rooms/867784674082224680,,NhÃ  BÃ¨,17,10.70846,106.70998,REGULAR,,Dragon Parc 1| 2 single beds,private_room,1,False,,/ Ä‘Ãªm,2.0,True,True,True,True,,True,,,,True,,,True,,,False,True,6,True,False,False,,,,,,,,,,,,,,,,,,,,,
33594947,https://www.airbnb.com.vn/rooms/33594947,"4,85",Quáº­n 4,30,10.7552,106.68815,REGULAR,,GGHome #12 - Free Netflix - Ben Thanh BÃ¹i Viá»‡n,entire_home,60,False,,/ Ä‘Ãªm,2.0,True,True,,,True,True,True,,True,,781.506,â‚«781.506,True,True,True,,,,,,,,,,,,,,,True,,,,,,,,,,,,
29248700,https://www.airbnb.com.vn/rooms/29248700,"4,78",Quáº­n 1,25,10.78998,106.69315,REGULAR,,Quáº­n 1 tá»a láº¡c táº¡i New Modern and Cozy Apt,hotel_room,55,False,,/ Ä‘Ãªm,2.0,True,True,,True,True,True,True,,True,,722.682,â‚«722.682,,True,True,,,,,False,,,,,,,,,,,,,,,,,,,,,,
22707242,https://www.airbnb.com.vn/rooms/22707242,"4,78",PhÆ°á»ng Cáº§u Ã”ng LÃ£nh,19,10.76595,106.69639,REGULAR,,Gia Ä‘Ã¬nh báº£n xá»© cá»§a Linh,private_room,59,False,,/ Ä‘Ãªm,2.0,True,True,,True,True,,True,,,,267.664,â‚«267.664,,True,,False,True,5,True,False,False,,,,,True,,,,,,,,,,,,,,,,
633545844136984574,https://www.airbnb.com.vn/rooms/633545844136984574,"4,98",Quáº­n 4,30,10.76198673248291,106.69928741455078,REGULAR,,#2 Studio River view/Pool in Center - May Stays,entire_home,45,False,,/ Ä‘Ãªm,2.0,True,True,,,True,,True,,True,,876.482,â‚«876.482,,True,True,,,,,,,,,,,True,,,,True,,True,,,,,,,,,,
650607989848918153,https://www.airbnb.com.vn/rooms/650607989848918153,"4,55",Quáº­n 1,30,10.7655435,106.6908018,REGULAR,,bá»“n táº¯m rá»™ng rÃ£i cÄƒn há»™ @ D1 BÃ¹i Viá»‡n - á» vÃ un 08,entire_home,31,False,,/ Ä‘Ãªm,4.0,True,True,True,,True,,True,,,,,,,True,True,,,,,False,False,,,,,,,,,,,,,True,,,,,,,,
19613036,https://www.airbnb.com.vn/rooms/19613036,,BÃ¬nh ChÃ¡nh,12,10.68905,106.58641,REGULAR,,Sweet Home at Binh Chanh,entire_home,,False,,/ Ä‘Ãªm,4.0,True,True,,True,True,True,True,,,,728.779,â‚«728.779,,True,,,,,,False,False,,,,True,,,,,,,,,,,,,,,,,
860546895268637971,https://www.airbnb.com.vn/rooms/860546895268637971,,Quáº­n 1,22,10.7743462,106.7003992,REGULAR,,Â²â´Ê±Cozy Light Room@300m to BenThanh/free Netflix,entire_home,,False,,/ Ä‘Ãªm,2.0,True,True,True,,,,True,True,,True,,,,True,,,,,,False,False,,,,True,,,,,,,,,,,,,,,,,
859791072580361488,https://www.airbnb.com.vn/rooms/859791072580361488,"4,78",TÃ¢n BÃ¬nh,30,10.8146875,106.6674375,REGULAR,,SÃ¢n bay Justay - PhÃ²ng tiÃªu chuáº©n,private_room,9,False,,/ Ä‘Ãªm,2.0,,True,,,,,True,,,True,437.036,â‚«437.036,,True,,,,,,,False,,,,,,,,,,,,,,,,,,,,,
44069058,https://www.airbnb.com.vn/rooms/44069058,"4,8",Quáº­n 3,21,10.78619,106.69237,REGULAR,,studio Ä‘Ã¡ng mÆ¡ Æ°á»›c vá»›i NETFLIX MIá»„N PHÃ,entire_home,85,False,,/ Ä‘Ãªm,2.0,,True,,True,,,True,,,True,781.819,â‚«781.819,,True,,,,,,False,False,,,,,True,True,,True,,,,,,,,,,,,,
49101478,https://www.airbnb.com.vn/rooms/49101478,"4,78",Quáº­n 2,21,10.80738,106.73127,REGULAR,,"CÄƒn há»™ 01 giÆ°á»ng Ä‘áº¹p, Ä‘áº§y Ä‘á»§ ná»™i tháº¥t á»Ÿ Tháº£o Äiá»n",entire_home,32,False,,/ Ä‘Ãªm,2.0,True,True,,True,True,,True,,,,810.236,â‚«810.236,,True,True,,,,,False,,,,True,,,,,,,,,,True,,,,,,,,
39742156,https://www.airbnb.com.vn/rooms/39742156,"4,96",phÆ°á»ng 11,30,10.79352,106.67664,REGULAR,,"Im láº·ng Homestay betw. 2 CBD, 10 phÃºt Ä‘áº¿n sÃ¢n bay TSN",private_room,55,False,,/ Ä‘Ãªm,2.0,,True,,True,,,True,True,True,,,,,True,,True,True,4,True,False,False,,,,,True,,,,,,,,,,,,,,,,
35811559,https://www.airbnb.com.vn/rooms/35811559,"4,83",Quáº­n 1,30,10.76436,106.69651,REGULAR,,Nina's home 1@Bui Vien@ Ben Thanh market,private_room,46,False,,/ Ä‘Ãªm,2.0,True,True,True,True,True,True,,,,,434.789,â‚«434.789,,True,,True,True,4,,False,False,,,,,,,,,,,,,,False,,,,,,,
710736966970666016,https://www.airbnb.com.vn/rooms/710736966970666016,"4,92",Quáº­n 1,19,10.77258,106.69092,REGULAR,,Má»™t studio nhá» á»Ÿ Quáº­n 1 gáº§n CÃ´ng viÃªn Tao ÄÃ n,private_room,12,False,,/ Ä‘Ãªm,2.0,True,True,,True,,,,,,True,483.131,â‚«483.131,True,True,True,True,True,8,True,False,False,,,,,,,,,,,,,,,,,,,,,
40072568,https://www.airbnb.com.vn/rooms/40072568,"4,24",Quáº­n 1,16,10.7922,106.69663,REGULAR,,Lovely Rustic Saigon Attic in a Hidden Garden - T2,entire_home,37,False,,/ Ä‘Ãªm,2.0,True,True,True,,,,True,True,,True,615.094,â‚«615.094,,,,,,,,False,False,,,,,True,True,,,,,,,,,,,,,,,
34999651,https://www.airbnb.com.vn/rooms/34999651,"4,73",Quáº­n 1,30,10.76712,106.69031,REGULAR,,PhÃ²ng Ä‘áº¹p trÃªn phá»‘ Ä‘i bá»™ BÃ¹i Viá»‡n,private_room,74,False,,/ Ä‘Ãªm,2.0,True,True,,,,,True,,,True,442.177,â‚«442.177,,True,,False,True,4,True,,,,,,,True,,,,,,,,,,,,,,,,
573526539687025340,https://www.airbnb.com.vn/rooms/573526539687025340,"4,75",PhÃº Nhuáº­n,7,10.79507,106.67759,REGULAR,,CÄƒn há»™ 1 phÃ²ng ngá»§ thÃ¢n thiá»‡n vá»›i gia Ä‘Ã¬nh cÃ³ bá»“n táº¯m á»Ÿ PhÃº Nhuáº­n,entire_home,12,False,,/ Ä‘Ãªm,2.0,True,True,True,,,,True,,True,,588.850,â‚«588.850,True,True,True,,,,,,,,,,,True,True,,,,,,,,,,,,,,,
734452501771189734,https://www.airbnb.com.vn/rooms/734452501771189734,"4,5",Quáº­n 7,30,10.730287938410182,106.70745480805635,REGULAR,,CÄƒn há»™ dá»‹ch vá»¥ 1 giÆ°á»ng R áº¥m cÃºng/ PhÃº Má»¹ HÆ°ng D7,entire_home,6,False,,/ Ä‘Ãªm,2.0,True,True,True,True,True,True,,,,,,,True,True,True,,,,,,,,,,True,,,,,,,,,,,,,,,,,
775128608665086556,https://www.airbnb.com.vn/rooms/775128608665086556,"4,92",Quáº­n 4,30,10.7618234,106.7073856,REGULAR,,HAPPY Home,private_room,26,False,,/ Ä‘Ãªm,2.0,,True,True,,,,True,True,,,321.187,â‚«321.187,True,,True,True,True,5,True,False,,True,,,,,,,,,,,,,,,,,,,,
889452596930891685,https://www.airbnb.com.vn/rooms/889452596930891685,,Quáº­n 1,16,10.77687,106.69825,REGULAR,,GiÃ¡ ráº» trung tÃ¢m p402,private_room,,False,,/ Ä‘Ãªm,2.0,True,True,True,True,True,True,,,,True,430.508,â‚«430.508,,True,,,,,,,,,,True,,,,,,,True,,,,,,,,,,,
846670436138394963,https://www.airbnb.com.vn/rooms/846670436138394963,"5,0",Quáº­n 3,26,10.7871,106.68687,REGULAR,,"PhÃ²ng áº¥m cÃºng ngay trung tÃ¢m thÃ nh phá»‘, báº¿p nhá»",private_room,15,False,,/ Ä‘Ãªm,2.0,True,True,True,True,,,,,,True,917.506,â‚«917.506,,,,True,True,2,True,False,False,True,,,True,,,,,,,,,,,,,,,,,
876503399172245260,https://www.airbnb.com.vn/rooms/876503399172245260,,GÃ² Váº¥p,13,10.832074595654964,106.6640121367706,REGULAR,,VANIA HOUSE 12- cozy studio near the airport,entire_home,,False,,/ Ä‘Ãªm,2.0,True,True,True,True,True,,True,,,True,529.506,â‚«529.506,,,,,,,,False,False,,,,,True,,,,,,,,,,,,,,,,
887547503557327310,https://www.airbnb.com.vn/rooms/887547503557327310,,Quáº­n 1,13,10.76354,106.69598,REGULAR,,[Free Pickup] - Central Studio Near Ben Thanh,entire_home,,False,,/ Ä‘Ãªm,3.0,True,True,True,,True,,True,,True,,515.180,â‚«515.180,,True,True,,,,,,,,,,,True,True,,,,,,,,,,,,,,,
881108665970378041,https://www.airbnb.com.vn/rooms/881108665970378041,,BÃ¬nh Tháº¡nh,8,10.790675939232091,106.71776723116636,REGULAR,,Beautiful house,entire_home,,False,,/ Ä‘Ãªm,2.0,True,True,True,True,True,,True,,,True,,,,True,,,,,,,,,,,,,,,,True,,True,,,,,,,,,,
711402853473362521,https://www.airbnb.com.vn/rooms/711402853473362521,"5,0",Quáº­n 4,27,10.76933,106.704,REGULAR,,"CÄƒn há»™ khu thÆ°Æ¡ng máº¡i trung tÃ¢m gáº§n PHÃ’NG Táº¬P THá»‚ Dá»¤C, Há»’ BÆ I MIá»„N PHÃ cá»§a ThÃ¡p TÃ i chÃ­nh",entire_home,19,False,,/ Ä‘Ãªm,2.0,True,True,,,True,,True,,,,920.883,â‚«920.883,True,True,True,,,,,,,,,,,True,True,,,True,,,,,,,,,,,,
870943487728346438,https://www.airbnb.com.vn/rooms/870943487728346438,"5,0",Quáº­n 1,30,10.7747441,106.7010053,REGULAR,,Cozy Corner w Balcony | 400m to Ben Thanh Market,entire_home,8,False,,/ Ä‘Ãªm,4.0,True,True,True,,True,,True,,,True,872.377,â‚«872.377,,True,,,,,,False,False,True,,,,,,,,,,,,,,,,,,,,
21877402,https://www.airbnb.com.vn/rooms/21877402,"4,91",Ho Chi Minh City,26,10.80375,106.66131,REGULAR,,Tranquil Studio near Airport in Bustling Area,entire_home,170,False,,/ Ä‘Ãªm,3.0,True,True,True,True,True,True,,,,True,731.783,â‚«731.783,,True,True,,,,,,,True,,,,,,,,,,,,,,,,,,,,
22535436,https://www.airbnb.com.vn/rooms/22535436,"4,58",,11,10.79631,106.72082,REGULAR,,PhÃ²ng RiÃªng trong CÄƒn há»™ chung cÆ° gáº§n Landmark 81,private_room,72,False,,/ Ä‘Ãªm,2.0,True,True,True,True,,,,,,,434.753,â‚«434.753,,True,True,False,True,5,True,,,,,True,,,,,,True,True,,,,,,,,,,,
780829975628896613,https://www.airbnb.com.vn/rooms/780829975628896613,"5,0",TÃ¢n BÃ¬nh,27,10.8065156,106.6665042,REGULAR,,,entire_home,7,False,,/ Ä‘Ãªm,3.0,True,True,True,,True,,True,,,True,,,,True,,,,,,,,True,,,True,,,,,True,,,,,,,,,,,,
886891492011098914,https://www.airbnb.com.vn/rooms/886891492011098914,,TÃ¢n BÃ¬nh,14,10.8072158,106.667506,REGULAR,,Welcome To NTH HOUSE,private_room,1,False,,/ Ä‘Ãªm,2.0,True,True,True,True,True,True,,,,True,432.506,â‚«432.506,,True,,False,True,,True,,,,,,True,,,,,,,,,,,,,,,,,
839427647082664838,https://www.airbnb.com.vn/rooms/839427647082664838,,Quáº­n 3,22,10.78714,106.67233,REGULAR,,KhÃ¡ch sáº¡n BNB 305,private_room,,False,,/ Ä‘Ãªm,2.0,,True,True,True,,,True,,True,True,294.891,â‚«294.891,,True,True,,,,,False,False,,,,,,,,,,,,,,,,,,,,,
42790784,https://www.airbnb.com.vn/rooms/42790784,"4,43",Quáº­n 7,5,10.73541,106.71041,REGULAR,,BAN CÃ”NG RIÃŠNG 1 - CÄ‚N Há»˜ SECC3,private_room,21,False,,/ Ä‘Ãªm,2.0,True,True,True,True,True,True,True,,,,798.824,â‚«798.824,,True,,,,,,False,,,,True,,,,,,,,,,,,,,,,,,
872875896755763542,https://www.airbnb.com.vn/rooms/872875896755763542,,Quáº­n 3,7,10.77833,106.69013,REGULAR,,Balcony studio in Saigon central,private_room,1,False,,/ Ä‘Ãªm,2.0,True,True,,,True,,True,True,,True,493.101,â‚«493.101,,True,,True,True,4,True,False,False,,,,,,,,,,,,,,,,,,,,,
659655833357342143,https://www.airbnb.com.vn/rooms/659655833357342143,"5,0",Quáº­n 4,24,10.76586,106.70465,REGULAR,,Saigon centre with Pool Gym for Expat,entire_home,5,False,,/ Ä‘Ãªm,2.0,True,True,True,,,,,,,,,,True,True,True,,,,,False,,,,True,,,,,,True,,True,,,,,,,,,,
36660161,https://www.airbnb.com.vn/rooms/36660161,"4,89",Quáº­n 1,21,10.76979,106.70374,REGULAR,,Cozy central Apt -5mins to Ben Thanh Market.,entire_home,152,False,,/ Ä‘Ãªm,3.0,True,True,True,,True,,True,,,True,727.326,â‚«727.326,,True,True,,,,,,,True,,,,,,,,,,True,,,,,,,,,,
806067566660435544,https://www.airbnb.com.vn/rooms/806067566660435544,"4,89",Quáº­n 3,7,10.77674,106.68788,REGULAR,,Studio sang trá»ng ngay trung tÃ¢m SÃ i GÃ²n sá»‘ 1,private_room,18,False,,/ Ä‘Ãªm,2.0,True,True,True,,True,,True,,,,458.753,â‚«458.753,,True,,,,,,False,False,,,,,,,,,,,,,,,,,,,,,
34025455,https://www.airbnb.com.vn/rooms/34025455,"4,44",Ho Chi Minh City,26,10.76168,106.68833,REGULAR,,PhÃ²ng Hoa Há»“ng | SÃ¡ng vÃ  áº¥m cÃºng | Quáº­n 1,private_room,27,False,,/ Ä‘Ãªm,2.0,True,True,,True,True,True,True,True,,,455.019,â‚«455.019,,True,True,,,,,,False,,,,,,,,,,,,,,,,,,,,,
39514799,https://www.airbnb.com.vn/rooms/39514799,"4,33",BÃ¬nh ChÃ¡nh,16,10.7347,106.68894,REGULAR,,Chá»‰ 5000 VND tá»« sÃ¢n bay Ä‘áº¿n trung tÃ¢m vÃ  MIA,entire_home,3,False,,/ Ä‘Ãªm,2.0,True,True,,True,True,True,True,,,,570.530,â‚«570.530,,True,True,,,,,False,,,,,,,,,,True,,,,,,,,,,,,
892857815882440432,https://www.airbnb.com.vn/rooms/892857815882440432,,Quáº­n 2,28,10.81005,106.73514,REGULAR,,Sen Boutique House - Super Studio 28m2,private_room,,False,,/ Ä‘Ãªm,2.0,True,True,True,,True,True,True,,True,True,,,,True,True,,,,,,,,,,,,,,,,,,,,,,,,,,,
889456307135481366,https://www.airbnb.com.vn/rooms/889456307135481366,,Quáº­n 1,8,10.772437279530298,106.69425617790985,REGULAR,,PhÃ²ng riÃªng  láº§u 2 ngay Quáº­n 1,private_room,,False,,/ Ä‘Ãªm,2.0,,True,True,True,True,,True,,,,315.177,â‚«315.177,,True,,,,,,False,False,,,,,True,,,,,,,,,,,,,,,,
891922356362842196,https://www.airbnb.com.vn/rooms/891922356362842196,,BÃ¬nh Tháº¡nh,6,10.78763,106.71677,REGULAR,,River View 1BR luxury apartment,entire_home,,False,,/ Ä‘Ãªm,2.0,True,True,True,,,,,,,True,,,,True,True,,,,,False,,,,,,,,,,True,,True,,,,,,,,,,
43492362,https://www.airbnb.com.vn/rooms/43492362,"5,0",Quáº­n 9,30,10.83929,106.83083,REGULAR,,NhÃ  thÃ´ng minh vá»›i táº§m nhÃ¬n ra há»“ bÆ¡i vÃ  Ä‘áº§y Ä‘á»§ tiá»‡n nghi,entire_home,16,False,,/ Ä‘Ãªm,2.0,True,True,True,True,,,,,,,560.048,â‚«560.048,True,,,,,,,False,,,,,True,,,,,True,,True,,,,,,,,,,
22821016,https://www.airbnb.com.vn/rooms/22821016,"4,88",Quáº­n 4,30,10.76179,106.69913,REGULAR,,Chá»£ Báº¿n ThÃ nh cá»­a sÃ´ng Herla Central SÃ i GÃ²n,entire_home,116,False,,/ Ä‘Ãªm,3.0,True,True,,,True,,True,,True,,,,True,True,True,,,,,False,,,,,,,,,,True,,,,,,,,,,,,
875023022195980665,https://www.airbnb.com.vn/rooms/875023022195980665,,Quáº­n 3,13,10.768940319663109,106.68404645952454,REGULAR,,D3 Downtown Private @Kitchen Studio 30sqm #2,entire_home,,False,,/ Ä‘Ãªm,2.0,True,True,True,True,True,True,True,,,True,787.412,â‚«787.412,,True,True,,,,,,,,,,,,,,,,,,,,,,,,,,,
829305964916796855,https://www.airbnb.com.vn/rooms/829305964916796855,"4,94",Quáº­n 1,11,10.78847,106.70094,REGULAR,,NhÃ  báº¿p an ninh 2,private_room,16,False,,/ Ä‘Ãªm,2.0,True,True,True,True,,,True,,,,796.542,â‚«796.542,,True,,True,True,10,True,False,False,,,,True,,,,,,,,,,,,,,,,,
611437481330837690,https://www.airbnb.com.vn/rooms/611437481330837690,"4,56",Quáº­n 1,17,10.77031,106.69964,REGULAR,,"924 NgÃ´i nhÃ  háº¡nh phÃºc á»Ÿ trung tÃ¢m SaiGon, quáº­n 1",entire_home,18,False,,/ Ä‘Ãªm,4.0,True,True,True,,True,,True,,,,,,,True,,,,,,False,False,,,,True,True,,,,,,,,,,,,,,,,
881464144020612106,https://www.airbnb.com.vn/rooms/881464144020612106,,Quáº­n 1,14,10.7669896,106.6870446,REGULAR,,Cosy Room in D1 - standard 3,private_room,1,False,,/ Ä‘Ãªm,2.0,True,True,True,,True,,True,,,True,,,,True,,False,True,,True,False,False,,,,,,,,,,,,,,,,,,,,,
578462687990030474,https://www.airbnb.com.vn/rooms/578462687990030474,"4,47",Báº¿n NghÃ©,7,10.77886,106.70454,REGULAR,,CÄƒn há»™ dá»‹ch vá»¥ tiá»‡n Ã­ch táº¡i khu phá»‘ Nháº­t sáº§m uáº¥t.,private_room,17,False,,/ Ä‘Ãªm,2.0,True,True,True,,True,,True,,,True,559.177,â‚«559.177,,True,,,,,,False,,,,,,,,,,,,,,,,,,,,,,
44401639,https://www.airbnb.com.vn/rooms/44401639,"4,79",Quáº­n 3,19,10.78702,106.69308,REGULAR,,â™› NETFLIX â™› MIá»„N PHÃ thanh lá»‹ch 1br @central D3 â™›,entire_home,47,False,,/ Ä‘Ãªm,2.0,,True,,True,,,True,,,True,700.286,â‚«700.286,,True,,,,,,False,False,,,,,True,True,,True,,,,,,,,,,,,,
888826921621802987,https://www.airbnb.com.vn/rooms/888826921621802987,,phÆ°á»ng 3,16,10.8008693,106.6838752,REGULAR,,"Apartment Phan Xich Long, PN",private_room,,False,,/ Ä‘Ãªm,2.0,True,True,True,True,True,,,,,True,,,,True,,,,,,False,False,,,True,,,,,,,,,,,,,,,,,,
649146077291656413,https://www.airbnb.com.vn/rooms/649146077291656413,"4,63",Quáº­n 1,15,10.78863,106.69075,REGULAR,,PhÃ²ng cao cáº¥p,private_room,8,False,,/ Ä‘Ãªm,2.0,True,True,,True,,,True,,,,508.542,â‚«508.542,,True,True,False,False,6,,,,,,,,True,,,,,,,,,False,,True,,,,,
45403815,https://www.airbnb.com.vn/rooms/45403815,"4,81",Pháº¡m NgÅ© LÃ£o,9,10.76716,106.6951,REGULAR,,NhÃ  vá»‡ sinh riÃªng SoloTraveller Wifi AC @walkingstreet,private_room,26,False,,/ Ä‘Ãªm,1.0,True,True,,True,True,,True,True,True,,279.672,â‚«279.672,,,,False,True,3,True,False,False,,,,,,,,,,,,,,,,,,,,,
674939907022271557,https://www.airbnb.com.vn/rooms/674939907022271557,"4,86",Quáº­n 1,22,10.7629235,106.6944424,REGULAR,,CÄƒn há»™ ban cÃ´ngâœ¨ sang trá»ngâœ¨ Soho vá»›i táº§m nhÃ¬n ra thÃ nh phá»‘ @D1,entire_home,21,False,,/ Ä‘Ãªm,2.0,True,True,True,,True,,True,True,,,,,,True,True,,,,,,,True,,,,,,,,,,True,,,,,,,,,,
779352538793207092,https://www.airbnb.com.vn/rooms/779352538793207092,"4,9",Quáº­n 4,25,10.76365,106.6976,REGULAR,,*BIG PROMO* Infinity Edge Pool Apartment-FREE Pool,entire_home,21,False,,/ Ä‘Ãªm,2.0,True,True,True,,True,,,,,,879.608,â‚«879.608,True,True,True,,,,,False,,,,,,,,,,True,,True,,,,,,,,,,
23796371,https://www.airbnb.com.vn/rooms/23796371,"4,74",Quáº­n 4,30,10.76648,106.70393,REGULAR,,GGHome #11 - Netflix miá»…n phÃ­ gáº§n Báº¿n ThÃ nh,entire_home,141,False,,/ Ä‘Ãªm,2.0,True,True,,,True,,True,,True,,839.165,â‚«839.165,True,True,True,,,,,,,,,,,True,True,,,,,,,,,,,,,,,
835896867150640618,https://www.airbnb.com.vn/rooms/835896867150640618,,PhÃº Nhuáº­n,8,10.793141423804261,106.67548656463623,REGULAR,,PhÃ²ng mini táº¡i PhÃº Nhuáº­n,private_room,2,False,,/ Ä‘Ãªm,1.0,,True,,True,True,,True,,True,True,307.916,â‚«307.916,,,,False,True,10,True,False,False,,,,,True,,,,,,,,,,,,,,,,
29226987,https://www.airbnb.com.vn/rooms/29226987,"4,67",Quáº­n 1,20,10.78937,106.69382,REGULAR,,Landmark! Elegant 1BR Apt With Fast Wi-fi In D1,entire_home,21,False,,/ Ä‘Ãªm,2.0,True,True,True,True,,,True,True,,,650.395,â‚«650.395,True,True,True,,,,,,,,,True,,,,,,,,,,,,,,,,,,
44059444,https://www.airbnb.com.vn/rooms/44059444,"4,9",Quáº­n 3,22,10.78725,106.69345,REGULAR,,CÄƒn há»™ boutique 1 giÆ°á»ng @central,entire_home,84,False,,/ Ä‘Ãªm,2.0,,True,,True,,,True,,,True,989.782,â‚«989.782,,True,,,,,,False,False,,,,,True,True,,True,,,,,,,,,,,,,
893007491204314253,https://www.airbnb.com.vn/rooms/893007491204314253,,Nguyá»…n CÆ° Trinh,8,10.76106707482827,106.68301685081646,REGULAR,,JinJoo Home - PhÃ²ng studio Quáº­n 1,private_room,,False,,/ Ä‘Ãªm,2.0,True,True,True,True,True,,,,,True,513.530,â‚«513.530,,,True,,,,,False,False,,,True,,,,,,,,,,,,,,,,,,
790403141651304942,https://www.airbnb.com.vn/rooms/790403141651304942,"4,83",Quáº­n 4,30,10.7622,106.69804,REGULAR,,Free Pool&Netflix - Center SaiGon - Near Bui Vien,entire_home,6,False,,/ Ä‘Ãªm,2.0,True,True,True,True,True,,,,,,,,,True,True,,,,,,,True,,,,,,,,True,,True,,,,,,,,,,
656932456032719635,https://www.airbnb.com.vn/rooms/656932456032719635,"4,86",Quáº­n 1,21,10.7704406,106.6930021,REGULAR,,Äi bá»™ Ä‘áº¿n Chá»£ Báº¿n ThÃ nh &BÃ¹i Viá»‡n+Netflix+Báº¿p,entire_home,7,False,,/ Ä‘Ãªm,2.0,True,True,True,,,,True,,True,True,,,,True,True,,,,,,,,,,,True,True,,,,,,,,,,,,,,,
31980318,https://www.airbnb.com.vn/rooms/31980318,"4,72",Ho Chi Minh,28,10.76944,106.68951,REGULAR,,â™ªGREEN DREAMS â™ª Ban cÃ´ngâ™ªBÃ¹i Viá»‡nâ™ªBenThanhMarket#D1,private_room,71,False,,/ Ä‘Ãªm,3.0,True,True,,True,True,True,True,True,,True,358.667,â‚«358.667,,,,False,True,4,True,,,,,,,,,,,,,,,,,,True,,,,,
882930664095665504,https://www.airbnb.com.vn/rooms/882930664095665504,,BÃ¬nh ChÃ¡nh,10,10.77653,106.70098,REGULAR,,Peaceful room in a Cozy House,private_room,,False,,/ Ä‘Ãªm,4.0,True,True,True,True,,,,,,True,317.639,â‚«317.639,,True,,False,True,,True,False,False,,,,,,,,,,,True,,,,,,,,,,
41140193,https://www.airbnb.com.vn/rooms/41140193,"5,0",PhÃº Nhuáº­n,23,10.80956,106.67282,REGULAR,,Nice Stay - Orchard Parkview - OP-05.20,entire_home,7,False,,/ Ä‘Ãªm,2.0,True,True,True,True,True,,,,,,750.894,â‚«750.894,,True,True,,,,,False,,,,,,,,,,True,,True,,,,,,,,,,
40741901,https://www.airbnb.com.vn/rooms/40741901,"4,8",Quáº­n 2,28,10.810384750366211,106.73457336425781,REPRESENTATIVE,,Sen Boutique House - Deluxe Studio 35m2,private_room,10,False,,/ Ä‘Ãªm,2.0,True,True,True,,True,True,True,,True,,754.676,â‚«754.676,,True,True,,,,,,,,,,,,,,,,,,,,,,,,,,,
891546782835027384,https://www.airbnb.com.vn/rooms/891546782835027384,,BÃ¬nh Tháº¡nh,13,10.79403,106.72138,REGULAR,,Landmark Plus - Vinhome - 48.11,entire_home,,False,,/ Ä‘Ãªm,2.0,True,True,,True,True,,True,,,,,,,True,,,,,,False,,,,True,,,,,,True,,,,,,,,,,,,
22557861,https://www.airbnb.com.vn/rooms/22557861,"4,56",Báº¿n NghÃ©,9,10.78328,106.70465,REGULAR,,Studio Nháº­t Báº£n táº¡i Trung TÃ¢m HÃ²a BÃ¬nh Tp HCM,entire_home,66,False,,/ Ä‘Ãªm,2.0,True,True,,True,,,True,,True,,411.909,â‚«411.909,,True,,,,,,,,,,,,True,True,True,True,,,,,,,,,,,,,
24064189,https://www.airbnb.com.vn/rooms/24064189,"5,0",Quáº­n 1,19,10.77121,106.70348,REGULAR,,[20%OFF]40sqm studio near BEN THANH market,entire_home,9,False,,/ Ä‘Ãªm,4.0,True,True,True,,,,True,,,True,577.106,â‚«577.106,,True,,,,,,False,False,,,,,True,True,,,,,,,,,,,,,,,
634675799468722618,https://www.airbnb.com.vn/rooms/634675799468722618,"4,68",Quáº­n 7,30,10.714945,106.742142,REGULAR,,Sky 89 cho thuÃª cÄƒn há»™ nguyÃªn cÄƒn 1 phÃ²ng ngá»§ ğŸ“º+Netflix,entire_home,40,False,,/ Ä‘Ãªm,3.0,True,True,True,,True,,,,,,887.836,â‚«887.836,,True,True,,,,,,,,,,,,,,,True,True,True,,,,,,,,,,
45168504,https://www.airbnb.com.vn/rooms/45168504,"4,2",Quáº­n 1,21,10.79092,106.6981,REGULAR,,áº¨n sÃ¢n thÆ°á»£ng xanh lá»¥c nhÃ¬n ra HoÃ ng Ä‘áº¿ Jade - T3,entire_home,55,False,,/ Ä‘Ãªm,2.0,True,True,True,,True,,True,True,,,649.558,â‚«649.558,True,,,,,,,False,False,,,,,True,,,,,,,,,,,,,,,,
15094634,https://www.airbnb.com.vn/rooms/15094634,"4,83",Ho Chi Minh City,21,10.77099,106.69044,REGULAR,,Studio trung tÃ¢m vÃ  rá»™ng rÃ£i vá»›i ban cÃ´ng vÃ  cá»­a sá»•,private_room,63,False,,/ Ä‘Ãªm,2.0,True,True,True,True,True,,,,,True,,,,True,,True,True,7,,False,False,,,,,,,,,,,,,,False,,,,,,,
565844396487114951,https://www.airbnb.com.vn/rooms/565844396487114951,"4,73",Quáº­n 3,14,10.78856,106.67857,REGULAR,,CÄƒn há»™ studio áº¥m cÃºng táº¡i quáº­n 3- Äi bá»™ Ä‘áº¿n má»i nÆ¡i,private_room,11,False,,/ Ä‘Ãªm,2.0,True,True,True,True,True,True,True,,,,570.589,â‚«570.589,,True,,,,,,False,,,,,,,,,,,,True,,,,,,,,,,
35621633,https://www.airbnb.com.vn/rooms/35621633,"4,95",Go Vap District,14,10.83302,106.66365,REGULAR,,VANIA HOUSE 6- Go Vap-near Hanh Thong Tay market,entire_home,44,False,,/ Ä‘Ãªm,2.0,True,True,,True,True,,True,,,,566.024,â‚«566.024,,,,,,,,False,False,,,,,True,True,,True,,,,,,,,,,,,,
639476347448551139,https://www.airbnb.com.vn/rooms/639476347448551139,"4,54",Quáº­n 1,24,10.77203,106.68899,REGULAR,,CÄƒn há»™ dá»… thÆ°Æ¡ng gáº§n cÃ´ng viÃªn vá»›i bÃ£i Ä‘áº­u xe trong khuÃ´n viÃªn,private_room,13,False,,/ Ä‘Ãªm,3.0,True,True,True,True,True,,,,,True,615.635,â‚«615.635,True,True,True,,,,,,,True,,,,,,,,,,,,,,,,,,,,
752557175539738719,https://www.airbnb.com.vn/rooms/752557175539738719,"4,5",PhÃº Thuáº­n,30,10.71506,106.74138,REGULAR,,Condo River panorama lake view Pool on Rooftop,entire_home,14,False,,/ Ä‘Ãªm,5.0,True,True,True,,,,,,,,955.530,â‚«955.530,True,True,,,,,,,,,,,True,,,,,True,,True,,,,,,,,True,,
882551311782754809,https://www.airbnb.com.vn/rooms/882551311782754809,,PhÃº Nhuáº­n,30,10.8096603,106.6742998,REGULAR,,"29Full service Apartment w Swimming Pool, Gym Free",entire_home,,False,,/ Ä‘Ãªm,4.0,True,True,True,,True,True,True,,,,615.542,â‚«615.542,True,True,,,,,,,,True,,,,,,,,True,,,,,,,,,,,,
592862792768978570,https://www.airbnb.com.vn/rooms/592862792768978570,"4,52",Quáº­n 1,12,10.76507,106.69358,REGULAR,,Trung tÃ¢m Studio Ä‘Ã¡ng yÃªu á»Ÿ HCM vá»›i nhiá»u Ä‘á»“ Äƒn nhanh hÆ¡n,entire_home,27,False,,/ Ä‘Ãªm,2.0,True,True,True,,,,,,,True,513.890,â‚«513.890,True,True,,,,,,False,False,,,,True,,,,,,,True,,,,,,,,,,
49282243,https://www.airbnb.com.vn/rooms/49282243,"4,75",Quáº­n 2,28,10.81333,106.72945,REGULAR,,PhÃ²ng yÃªn tÄ©nh vá»›i chá»§ nhÃ  thÃ¢n thiá»‡n vÃ  táº§m nhÃ¬n Ä‘Ã¡ng yÃªu,private_room,4,False,,/ Ä‘Ãªm,2.0,True,True,,,True,True,True,,,,399.412,â‚«399.412,,True,True,False,True,2,,False,,,,True,,,,,,,,,,,False,,,,,,,
39655578,https://www.airbnb.com.vn/rooms/39655578,"4,78",Quáº­n 1,14,10.76664,106.68446,REGULAR,,PhÃ²ng  áº¥m cÃºng vá»›i ban cÃ´ng cáº¡nh chá»£ thá»±c pháº©m,private_room,151,False,,/ Ä‘Ãªm,2.0,True,True,,True,True,True,True,,True,,531.950,â‚«531.950,,True,,False,True,4,True,,,,,,,,,,,,,,,,,,,,,,,True
633681320142897337,https://www.airbnb.com.vn/rooms/633681320142897337,"4,61",Quáº­n 1,27,10.77178,106.68953,REGULAR,,CÄƒn há»™ hiá»‡n Ä‘áº¡i vá»›i thiáº¿t káº¿ tráº¯ng sang trá»ng,private_room,41,False,,/ Ä‘Ãªm,2.0,True,True,True,True,True,True,,,,True,508.542,â‚«508.542,True,True,True,,,,,,,,,,,,,,,,,,,,,,,,,,,
774388211430321952,https://www.airbnb.com.vn/rooms/774388211430321952,"4,93",,26,10.756624,106.686705,REGULAR,,"! Last sale in May! 201 PhÃ²ng xinh, sáº¡ch, yÃªn tÄ©nh",private_room,28,False,,/ Ä‘Ãªm,2.0,True,True,True,True,,,,,,True,520.377,â‚«520.377,,True,,True,True,5,True,False,False,True,,,,,,,,,,,,,,,,,,,,
