room_id,url,rating,city,contextualPicturesCount,lat,long,listingObjType,pdpUrlType,name,roomTypeCategory,reviewCount,canInstantBook,weeklyPriceFactor,structuredStayDisplayPrice,price,price_full,maxGuestCapacity,SYSTEM_FLOWER,SYSTEM_COOKING_BASICS,SYSTEM_WI_FI,SYSTEM_WORKSPACE,SYSTEM_MAPS_CAR_RENTAL,SYSTEM_EV_CHARGER,SYSTEM_SURVEILLANCE,SYSTEM_NO_DETECTOR_CO2,SYSTEM_NO_DETECTOR_SMOKE,isSuperHost,isVerified,yearHosting,SYSTEM_LOCK_ON_DOOR,SYSTEM_VIEW_MOUNTAIN,SYSTEM_PETS,SYSTEM_SNOWFLAKE,SYSTEM_FIREPIT,SYSTEM_SMOKING_ALLOWED,SYSTEM_PATIO_BALCONY,SYSTEM_FIREPLACE,SYSTEM_VIEW_OCEAN,SYSTEM_NO_LOCK_ON_DOOR,SYSTEM_WASHER,SYSTEM_JACUZZI,SYSTEM_VIEW_CITY,SYSTEM_POOL,SYSTEM_SAUNA,SYSTEM_LUGGAGE_DROP,SYSTEM_TV,SYSTEM_BATHTUB,SYSTEM_HAIRDRYER,SYSTEM_BREAKFAST,SYSTEM_DRYER,SYSTEM_REFRIGERATOR,SYSTEM_CABLE,SYSTEM_ELEVATOR,SYSTEM_GYM,SYSTEM_HIGH_CHAIR,SYSTEM_CALENDAR,SYSTEM_MICROWAVE
642277847828113962,https://www.airbnb.com.vn/rooms/642277847828113962,"4,87",Thành phố Lào Cai,30,22.29950297788944,103.91425843947702,REGULAR,,Bungalow riêng ở Sapa/Mountain & Ricefield,entire_home,79,False,,/ đêm,749.420,₫749.420,2.0,True,True,True,True,True,True,True,False,False,,,,,,,,,,,,,,,,,,,,,,,,,,,,,,,
24017754,https://www.airbnb.com.vn/rooms/24017754,"4,96", Sa pa,15,22.33281,103.84376,REGULAR,,Phòng riêng với Mountain View ở trung tâm Sapa,private_room,128,False,,/ đêm,598.499,₫598.499,2.0,,True,True,True,True,True,,,,True,True,6,True,True,True,True,,,,,,,,,,,,,,,,,,,,,,,,
697346203694152233,https://www.airbnb.com.vn/rooms/697346203694152233,"4,88",Sa Pa,9,22.32107658822942,103.88587925784091,REGULAR,,Rockgarden homestay Bungalow,entire_home,16,False,,/ đêm,1.141,₫1.141.177,2.0,,,True,,True,,,False,False,,,,,,,True,True,True,,,,,,,,,,,,,,,,,,,,,,
874320294917363401,https://www.airbnb.com.vn/rooms/874320294917363401,,tt. Sa Pa,30,22.342413205109565,103.8459100757107,REGULAR,,Private Home in SaPa town/Mountain view,entire_home,,False,,/ đêm,,,2.0,,True,True,True,True,,,False,False,,,,,True,True,,,,True,True,,,,,,,,,,,,,,,,,,,,
13984770,https://www.airbnb.com.vn/rooms/13984770,"4,83",Sa Pa,30,22.29794,103.89273,REGULAR,,Phòng Riêng Sống cùng gia đình bản xứ Lười biếng 1,private_room,188,False,,/ đêm,,,4.0,True,True,True,True,True,,,False,False,True,True,7,,,,,,,,,True,False,,,,,,,,,,,,,,,,,,
31303431,https://www.airbnb.com.vn/rooms/31303431,"4,85",Sa Pa,30,22.300648963382624,103.89192385192058,REGULAR,,Phòng Attic Hmong - Tour đi bộ đường dài và xe máy,private_room,108,False,,/ đêm,,,2.0,True,True,True,True,True,,,False,False,True,True,4,True,True,True,,,,,,,,,,,,,,,,,,,,,,,,,
796267952384752548,https://www.airbnb.com.vn/rooms/796267952384752548,"4,96",Sa Pa,24,22.30554,103.88947,REGULAR,,Phòng dễ thương với tầm nhìn ra núi - rèm cửa phòng ngủ,private_room,24,False,,/ đêm,267.664,₫267.664,1.0,,True,True,True,True,True,,False,False,True,True,2,,True,True,,,,,,,False,,,,,,,,,,,,,,,,,,
844530019193029290,https://www.airbnb.com.vn/rooms/844530019193029290,"5,0",Thành phố Lào Cai,30,22.29215,103.92076,REGULAR,,OFF 50%| Pavihome - Căn phòng yên bình bên núi,private_room,5,False,,/ đêm,,,2.0,,True,True,True,True,,,False,False,False,True,9,True,True,True,,,,,,,,True,,,,,,,,,,,,,,,,,
658211919722962607,https://www.airbnb.com.vn/rooms/658211919722962607,"4,94",Sa Pa,30,22.30117,103.89369,REGULAR,,Phòng ấm cúng với tầm nhìn yên bình,private_room,48,False,,/ đêm,321.187,₫321.187,2.0,True,True,True,True,True,,,False,False,True,True,2,True,True,True,,,,,,,,,,,,,,,,,,,,,,,,,
642279572202036697,https://www.airbnb.com.vn/rooms/642279572202036697,"4,93",Thành phố Lào Cai,30,22.299504806782945,103.91428525879428,REGULAR,,Bungalow riêng/tầm nhìn đẹp/2 giường/giá tốt,private_room,30,False,,/ đêm,856.522,₫856.522,3.0,True,True,True,True,,True,True,False,False,,,,,,,,,,,,True,,,True,,,,,,,,,,,,,,,,
883806033417834050,https://www.airbnb.com.vn/rooms/883806033417834050,,Thành phố Lào Cai,15,22.29714,103.92678,REGULAR,,Bạn sẽ hài lòng khi đến,private_room,,False,,/ đêm,,,16.0,,True,True,True,True,,,False,False,,,,,True,,,,,,,,,,,,,,,,,,,,,,,,,,
890718508723408830,https://www.airbnb.com.vn/rooms/890718508723408830,,,9,22.2497168,103.9608091,REGULAR,,young travel home,private_room,,False,,/ đêm,,,8.0,,,,,True,,,False,False,,,,,,True,,,True,,,,,True,,True,,,,,,,,,,,,,,,
14292806,https://www.airbnb.com.vn/rooms/14292806,"4,88",Sapa,30,22.29794,103.89273,REGULAR,,Cabin lười biếng - Hãy là một người tự nhiên #03,private_room,116,False,,/ đêm,938.417,₫938.417,5.0,,True,True,True,True,,,False,,True,True,7,True,True,True,,,,,,True,,,,,,,,,,,,,,,,,,,
853133288454015413,https://www.airbnb.com.vn/rooms/853133288454015413,"5,0",tt. Sa Pa,19,22.3342616,103.8418691,REGULAR,,Mường Hoa Valley* Phòng Deluxe *Bữa sáng*Hồ bơi,private_room,6,False,,/ đêm,1.809,₫1.809.581,2.0,True,,True,,,,True,False,False,,,,,,,True,,,True,,,,,,,True,True,True,,,,,,,,,,,,
42895144,https://www.airbnb.com.vn/rooms/42895144,"4,86",Lào cai,5,22.31889,103.88707,REGULAR,,Biệt thự homestay vườn đá,entire_home,14,False,,/ đêm,2.457,₫2.457.099,6.0,True,,True,True,True,,,False,False,,,,,True,,,,,True,,,,,,,,,,True,True,,,,,,,,,,
642295501398696426,https://www.airbnb.com.vn/rooms/642295501398696426,"4,9",Thành phố Lào Cai,30,22.299502023027994,103.91425670700457,REGULAR,,Trải nghiệm mới ở Sapa/tầm nhìn ra núi/không gian ấm áp,private_room,41,False,,/ đêm,374.710,₫374.710,2.0,True,True,True,True,True,,True,False,False,,,,,,,,,,,,True,,True,,,,,,,,,,,,,,,,,
863325905981096069,https://www.airbnb.com.vn/rooms/863325905981096069,,Sa Pa,5,22.297538452601593,103.88893947568594,REGULAR,,Dragon Mountain Family,entire_home,,False,,/ đêm,695.695,₫695.695,,True,,,,,,,False,False,,,,,,,,,,,True,,,,,,,,True,,,True,True,,,,,,,,
21899948,https://www.airbnb.com.vn/rooms/21899948,"4,86",Sa Pa,30,22.3004,103.88746,REGULAR,,Bungalow #1 - Sống cùng gia đình bản xứ tại Cửa hàng Ốc sên Indigo,entire_home,198,False,,/ đêm,1.084,₫1.084.632,2.0,True,,True,,True,,,False,False,,,,,,True,,,,True,,,,True,,,,,True,,,True,,,,,,,,,
727400659701101831,https://www.airbnb.com.vn/rooms/727400659701101831,"4,88",Sa Pa,30,22.30146,103.89492,REGULAR,,Attic Room - Cozy bed with sound of stream,private_room,51,False,,/ đêm,374.710,₫374.710,2.0,,True,True,True,True,,,False,False,True,True,2,,True,True,,,,,,,False,True,,,,,,,,,,,,,,,,,
31553634,https://www.airbnb.com.vn/rooms/31553634,"5,0",Sa Pa,30,22.30379,103.89021,REGULAR,,Mường Hoa Valley View - Best view in Ta Van,private_room,6,False,,/ đêm,1.070,₫1.070.653,2.0,,True,True,,True,,,False,False,,,,,,True,,,,,True,,,True,,,,,,,,True,,True,,,,,,,
885731562428955220,https://www.airbnb.com.vn/rooms/885731562428955220,,tt. Sa Pa,23,22.29287919330199,103.92153098690983,REGULAR,,Phòng riêng ban công view núi,private_room,,False,,/ đêm,,,2.0,,,True,True,True,,True,False,False,False,True,,True,,True,,,,True,,,,True,,,,,,,,,,,,,,,,,
662141925935342606,https://www.airbnb.com.vn/rooms/662141925935342606,"4,91",Ta Van,16,22.244576088926884,103.8793071359396,REGULAR,,Hmong Homestay ở Sa Pa của Đại Đại | phòng Queens,private_room,11,False,,/ đêm,399.412,₫399.412,2.0,True,True,True,True,True,,,False,,,,,,,,,,,,True,True,,,,,,,True,,,True,,,,,,,,,
723566881358106612,https://www.airbnb.com.vn/rooms/723566881358106612,"4,83",Ta Van,30,22.304995006215382,103.88956382554368,REGULAR,,Phòng lạnh nhìn ra núi,private_room,6,False,,/ đêm,,,2.0,True,True,True,True,True,,True,False,False,,,,,True,,,,,,,True,,,,,,,,,,,,,,,,,,,
16503181,https://www.airbnb.com.vn/rooms/16503181,"5,0",Sapa,30,22.09947,103.30075,REGULAR,,Nhà của Mai - nơi không có khách du lịch khác xung quanh.,entire_home,22,False,,/ đêm,669.159,₫669.159,5.0,True,,,,,,,False,False,,,,,True,True,,True,True,True,True,,,,,,,,True,,,,,,,,,,,,
36371934,https://www.airbnb.com.vn/rooms/36371934,"4,95",Sa Pa,26,22.29788,103.90967,REGULAR,,Tận hưởng thiên nhiên Sa Pa,private_room,20,False,,/ đêm,357.814,₫357.814,2.0,True,,True,True,True,,True,False,False,False,True,4,,True,True,,,,,,,False,,,,,,,,,,,,,,,,,,
22167477,https://www.airbnb.com.vn/rooms/22167477,"4,91",Sa Pa,30,22.29894,103.88819,REGULAR,,Phòng riêng số 1 - Sống cùng gia đình bản xứ tại Cửa hàng Indigo Snail,private_room,57,False,,/ đêm,594.198,₫594.198,2.0,,,True,,True,,,False,False,True,True,5,True,,True,,,,True,,,,True,,,,,True,,,True,,,,,,,,,
775786221418464174,https://www.airbnb.com.vn/rooms/775786221418464174,"5,0",Lào Cai,30,22.315631,103.900552,REGULAR,,Chalet with Mountain view included breakfast,entire_home,4,False,,/ đêm,1.111,₫1.111.863,3.0,,True,True,True,True,,,False,False,,,,,True,True,,,,,,,,True,,,,,,,,,,,,,,,,,
33210827,https://www.airbnb.com.vn/rooms/33210827,"5,0",Sa Pa,30,22.288,103.9144,REGULAR,,The Happy Bungalow of Happiness!: D,private_room,50,False,,/ đêm,,,4.0,,True,True,,,,,False,False,False,True,4,True,True,True,,,,,,,,True,,,,,,,,,,True,,,,,,,
39246218,https://www.airbnb.com.vn/rooms/39246218,"4,89",Sapa,30,22.30158,103.88689,REGULAR,,Nhà bungalow sinh thái Cơmlam Sapa.,private_room,61,False,,/ đêm,855.883,₫855.883,2.0,,True,True,True,True,,,False,False,False,True,6,,,True,,,,,True,,False,,,,,,,,,True,,,,,,,,,
639350675007746912,https://www.airbnb.com.vn/rooms/639350675007746912,"5,0",Sa Pa,30,22.29979,103.89509,REGULAR,,La Maison | Đêm đầy sao tại phòng Attic số2,private_room,22,False,,/ đêm,706.353,₫706.353,4.0,,True,True,True,,,True,False,False,True,True,2,True,True,,,,,,,True,,,,,,,,,,,,,,,,,,,
744452167301475874,https://www.airbnb.com.vn/rooms/744452167301475874,"4,71",Sa Pa,30,22.3364553,103.8369151,REGULAR,,Bungalow Superior hunt cloud at homestay 1579 SaPa,entire_home,7,False,,/ đêm,,,5.0,,True,True,True,True,,True,False,False,,,,,True,True,,,,,,,,,,True,,,,,,,,,,,,,,,
891764564666467645,https://www.airbnb.com.vn/rooms/891764564666467645,,Sa Pa,9,22.341537529628216,103.8560339435935,REGULAR,,toàn bộ nhà,entire_home,,False,,/ đêm,,,8.0,,True,True,,True,,True,False,False,,,,,,,,True,,,,,,True,,,,,,True,,,,,,,,,,,
891760961925026814,https://www.airbnb.com.vn/rooms/891760961925026814,,tt. Sa Pa,5,22.341569166843833,103.85604232549667,REGULAR,,tiện nghi rẻ,private_room,,False,,/ đêm,,,3.0,,True,,,True,,True,False,False,,,,,,,,,,,,,,True,,,,,,,,,,,,,,,,,
709895304601933279,https://www.airbnb.com.vn/rooms/709895304601933279,"5,0",Sa Pa,21,22.303121604849636,103.88652476875613,REGULAR,,4-Ngôi nhà vui vẻ với đặc thù văn hóa giường 4,private_room,4,False,,/ đêm,,,5.0,,True,True,True,True,,True,False,False,False,True,8,,,True,,,,,,,False,,,,,,,,,,,True,,,,,,,
39346583,https://www.airbnb.com.vn/rooms/39346583,"4,67",tt. Sa Pa,30,22.30201,103.88497,REGULAR,,Nhà sinh thái Sapamlam - nghỉ dưỡng trên núi,private_room,21,False,,/ đêm,855.883,₫855.883,2.0,,True,True,,True,,True,False,False,,,,,,,,True,,,,,,,,,,,,True,,True,True,,,,,,,,
844744059438710297,https://www.airbnb.com.vn/rooms/844744059438710297,,Thành phố Lào Cai,30,22.29158,103.92204,REGULAR,,Lều camping riêng tư hướng núi,entire_home,,False,,/ đêm,320.612,₫320.612,4.0,,True,True,True,True,,,False,False,,,,,,True,True,,,,,,,True,,,,,,,,,,True,,,,,,,
648801002465006814,https://www.airbnb.com.vn/rooms/648801002465006814,"4,75",San Sả Hồ,24,22.30436,103.77742,REGULAR,,Tầm nhìn ra thung lũng Sapa/Bữa sáng miễn phí/Hồ bơi nước ấm miễn phí,private_room,8,False,,/ đêm,2.274,₫2.274.154,6.0,,,True,True,True,,,False,False,,,,,True,,True,,,,,,,,True,,True,,,,,,,,,,,,,,
12435854,https://www.airbnb.com.vn/rooms/12435854,"4,97",Sa Pa,30,22.30447,103.88951,REGULAR,,Căn gác mái Jolie với tầm nhìn ra núi,private_room,70,False,,/ đêm,428.233,₫428.233,2.0,,True,True,True,True,,,False,,True,True,2,True,True,True,,,,,,,,True,,,,,,,,,,True,,,,,,,
837390154519774183,https://www.airbnb.com.vn/rooms/837390154519774183,"5,0",Thành phố Lào Cai,30,22.292500446446866,103.92212705671179,REGULAR,,OFF 50%| Pavihome- Phòng đôi lãng mạn view núi,private_room,6,False,,/ đêm,,,2.0,,True,True,True,True,,True,False,False,,,,,True,True,,,,,,,,True,,,,,,,,,,,,,,,,,
890718501913694298,https://www.airbnb.com.vn/rooms/890718501913694298,,Thành phố Lào Cai,4,22.341841341546683,103.85615363717079,REGULAR,,phòng tiết kiệm chi phí,private_room,,False,,/ đêm,,,4.0,,True,,,,,,False,False,,,,,,,,True,,,,,,True,,,,,,,,,,,,,,,,,
853175256966798255,https://www.airbnb.com.vn/rooms/853175256966798255,,Sa Pa,22,22.3149108,103.8810653,REGULAR,,Family Bungalow*Mường Hoa Valley*Bữa sáng*Hồ bơi,private_room,,False,,/ đêm,4.233,₫4.233.767,4.0,True,,True,,,,True,False,False,,,,,,,True,,,,,,,,True,,True,True,,,True,,,,,,,,,,
714109422889927207,https://www.airbnb.com.vn/rooms/714109422889927207,"4,77",Sa Pa,15,22.33382,103.83914,REGULAR,,Liên Minh Hostel - Phòng 3 người view núi,private_room,26,False,,/ đêm,270.574,₫270.574,3.0,,True,True,True,,,,False,,,,,,True,,True,,,True,,,,True,,,,,,True,,,,,True,,,,,,
873351065467510881,https://www.airbnb.com.vn/rooms/873351065467510881,,Sa Pa,27,22.2875846844343,103.913083858788,REGULAR,,The #Happylife deluxe Bungalow!,private_room,1,False,,/ đêm,,,3.0,True,True,True,,,,,False,False,False,True,4,True,True,,,,,True,,,,True,,,,,,,,,,True,,,,,,,
593400898787053187,https://www.airbnb.com.vn/rooms/593400898787053187,"4,78",Sa Pa,25,22.304989554523697,103.889549991721,REGULAR,,Phòng đôi/2 giường đơn riêng có tầm nhìn ra vườn,private_room,9,False,,/ đêm,,,2.0,True,,True,True,True,,True,False,False,True,True,1,True,,,,,,,,True,,,,,,,,,,,,,,,,,,,
29621969,https://www.airbnb.com.vn/rooms/29621969,"5,0",Lào Cai,30,22.315631,103.900552,REGULAR,,Dreamy Home - Get away from the crowd,private_room,6,False,,/ đêm,559.391,₫559.391,2.0,,True,True,True,True,,,False,False,True,True,6,,True,True,,,,,,,False,,,,,,,,,,,,,,,,,,
795516872682332326,https://www.airbnb.com.vn/rooms/795516872682332326,"5,0",Sa Pa,23,22.3016061,103.8946848,REGULAR,,Bữa sáng ngon miễn phí,private_room,10,False,,/ đêm,268.177,₫268.177,15.0,True,True,True,,,,True,False,False,False,True,4,,True,True,,,,,,True,False,,,,,,,,,,,,,,,,,,
771491206355639047,https://www.airbnb.com.vn/rooms/771491206355639047,"5,0",Sa Pa,12,22.31984,103.88729,REGULAR,,Phòng gia đình homestay Rock garden,private_room,3,False,,/ đêm,1.335,₫1.335.177,4.0,,,True,True,True,,True,False,False,,,,,,,,,,,,,,,,,,,,,,,,,,,,,,,
26704843,https://www.airbnb.com.vn/rooms/26704843,"4,92", Sa pa,13,22.33355,103.8442,REGULAR,,Phòng riêng ở Trung tâm với chương trình Sống cùng gia đình bản xứ Mega View,private_room,37,False,,/ đêm,512.999,₫512.999,2.0,,True,True,True,True,True,,,,True,True,6,True,True,True,True,,,True,,,,,,,,,,,,,,,,,,,,,
639359705120990931,https://www.airbnb.com.vn/rooms/639359705120990931,"5,0",Sa Pa,30,22.30437,103.88672,REGULAR,,La Maison | Tất cả nhà ở Bamboo Forrest,entire_home,9,False,,/ đêm,3.624,₫3.624.590,12.0,,True,True,True,True,,True,False,False,,,,,True,,,,,,,True,,,,,,,,,,,,,,,,,,,
36371933,https://www.airbnb.com.vn/rooms/36371933,"5,0",Sa Pa,18,22.33574,103.84452,REGULAR,,Sống chậm ở Sa Pa,private_room,9,False,,/ đêm,399.412,₫399.412,2.0,,,,True,True,,True,False,False,False,True,4,True,,True,,,,,,,,True,,,,,,,,,,True,,True,,,,,
32972210,https://www.airbnb.com.vn/rooms/32972210,"4,84",Sa Pa,30,22.34017,103.84633,REGULAR,,Sapa Jungle Homestay - Dương  Xỉ Bungalow,private_room,38,False,,/ đêm,697.259,₫697.259,3.0,True,True,True,,True,,,False,,,,,,,True,,,,True,True,,,True,,,,,,,,,,True,,,,,,,
639374209720437425,https://www.airbnb.com.vn/rooms/639374209720437425,"5,0",Sa Pa,30,22.30434,103.88674,REGULAR,,La Maison | Ngôi nhà tổ gỗ ấm cúng với không gian trà,private_room,5,False,,/ đêm,679.922,₫679.922,2.0,,True,True,True,,,True,False,False,True,True,2,True,True,,,,,,,True,,,,,,,,,,,,,,,,,,,
28165076,https://www.airbnb.com.vn/rooms/28165076,"4,22",Sa Pa,30,22.32416,103.85439,REGULAR,,"Làng Mây Sapa, Biệt thự Duplex Moutain View - 01",entire_home,9,False,,/ đêm,,,4.0,True,True,True,,True,,,False,,,,,,True,,,,,True,True,,,,,,,,,True,,,,,,,,,,,
858384971893549042,https://www.airbnb.com.vn/rooms/858384971893549042,,Sa Pa,30,22.33947,103.8867,REGULAR,,Rustic H'mong  Chalet  Sau Chua Homestay,entire_home,,False,,/ đêm,,,10.0,True,True,True,True,True,,True,False,False,,,,,True,,,,,,,,,,True,,,,,,,,,,,,,,,,
734276340561857749,https://www.airbnb.com.vn/rooms/734276340561857749,,Lào Cai,30,22.315631,103.900552,REGULAR,,Vintage Cottage with Mountains View and breakfast,private_room,2,False,,/ đêm,762.836,₫762.836,5.0,True,True,True,True,True,,,False,False,True,True,6,,True,True,,,,,,,False,,,,,,,,,,,,,,,,,,
581480098379191226,https://www.airbnb.com.vn/rooms/581480098379191226,"4,91",Ta Van,27,22.29882,103.89476,REGULAR,,Chillin Room - Căn phòng bên suối,private_room,22,False,,/ đêm,,,3.0,,,True,True,True,,,False,False,False,True,1,,True,True,,,,,,True,False,True,,,,,,,,,,,,,,,,,
48688677,https://www.airbnb.com.vn/rooms/48688677,"4,99",Sapa,30,22.301679363493008,103.89434355154116,REGULAR,,Indi house - A Chill Room,private_room,103,False,,/ đêm,374.710,₫374.710,2.0,,True,True,True,True,,,False,False,True,True,2,True,True,True,,,,,,,,,True,,,,,,,,,,,,,,,,
584394626491552941,https://www.airbnb.com.vn/rooms/584394626491552941,"4,2",Sa Pa,30,22.336685,103.833168,REGULAR,,Villa 5 phòng ngủ săn mây cực đẹp Homestay 1579,entire_home,5,False,,/ đêm,,,16.0,,True,True,True,True,,True,False,False,,,,,,True,,,,,,,,True,,True,,,,,,,,,,,,,,,
643170979569140802,https://www.airbnb.com.vn/rooms/643170979569140802,"4,94",Thành phố Lào Cai,30,22.299552976799646,103.91409287865423,REGULAR,,Lều trong làng/quang cảnh núi/giá tốt,private_room,16,False,,/ đêm,374.726,₫374.726,2.0,True,True,True,True,True,,True,False,False,,,,,,,,,,,,True,,True,,,,,,,,,,,,,,,,,
629539206275759518,https://www.airbnb.com.vn/rooms/629539206275759518,"5,0",Sa Pa,30,22.30395,103.89058,REGULAR,,PHÒNG BigernameMO.Wooden giường lớn có tầm nhìn ra núi,private_room,9,False,,/ đêm,,,2.0,True,True,True,True,,,,False,False,True,True,11,,,True,,,,,,True,False,,,,,,,,,,,,,,,,,,
17798958,https://www.airbnb.com.vn/rooms/17798958,"5,0",Sa Pa,30,22.31592,103.87887,REPRESENTATIVE,,Bungalow truyền thống - Ngắm núi,hotel_room,17,False,,/ đêm,2.645,₫2.645.000,3.0,True,,True,,True,,,False,False,,,,,,True,,,,True,True,,,True,,,,,,,,,,True,,,,,,,
730573238454772682,https://www.airbnb.com.vn/rooms/730573238454772682,,Sìn Hồ,30,22.35543,103.24958,REGULAR,,Villa De La Roseraie,private_room,,False,,/ đêm,1.060,₫1.060.153,8.0,True,True,True,True,True,,True,,,False,True,,True,True,,,,,,,True,,,True,,,,,,,,,,,,,,,,
644591760750887843,https://www.airbnb.com.vn/rooms/644591760750887843,"4,58",Sa Pa,30,22.33619,103.83417,REGULAR,,Bungalow private hunt cloud at homestay 1579 SaPa,entire_home,12,False,,/ đêm,,,5.0,,True,True,True,True,,,False,False,,,,,True,True,True,,,,,,,,,,,,,,,,,,,,,,,,
855653752527053943,https://www.airbnb.com.vn/rooms/855653752527053943,,tt. Sa Pa,11,22.34082,103.85311,REGULAR,,Căn Villa 2 phòng ngủ,entire_home,,False,,/ đêm,2.510,₫2.510.589,10.0,,True,True,,True,,True,False,False,,,,,,,,True,,,,,,True,,,True,,,True,,,,,,,,,,,
28833484,https://www.airbnb.com.vn/rooms/28833484,"4,66",Bản Hồ,26,22.21644,103.95032,REGULAR,,Sống cùng gia đình bản xứ Zizi và đi bộ đường dài Sapa,private_room,107,False,,/ đêm,342.353,₫342.353,2.0,True,True,True,,True,,,False,False,,,,,,True,,,,True,,,,,,,,,,,,,True,,,,,,,,
878064083003702911,https://www.airbnb.com.vn/rooms/878064083003702911,,Thành phố Lào Cai,9,22.4812578,103.9710723,REGULAR,,BIG Lào Cai Hotel,private_room,,False,,/ đêm,,,16.0,,True,True,True,True,,,,,,,,,,True,True,,True,,,,,True,,,,,,True,,,,,,,,,,,
642285109254337222,https://www.airbnb.com.vn/rooms/642285109254337222,"5,0",Thành phố Lào Cai,30,22.29955992682035,103.91417025132809,REGULAR,,Bungalow riêng/ 2 giường/giá đặc biệt,entire_home,14,False,,/ đêm,856.514,₫856.514,4.0,,True,True,True,True,,True,False,False,,,,,True,,,,,,,True,,,True,,,,,,,,,,,,,,,,
29803561,https://www.airbnb.com.vn/rooms/29803561,"4,63",Sa Pa,9,22.33738,103.8385,REGULAR,,Khách sạn Sapa Center View | Phòng Riêng,hotel_room,41,False,,/ đêm,291.000,₫291.000,2.0,,,True,True,True,,,False,False,,,,,,True,,,True,,,,,,,,,,,True,,True,,,,,,,,,
789776761152936335,https://www.airbnb.com.vn/rooms/789776761152936335,"5,0",Sa Pa,30,22.345609197394513,103.8572546839714,REGULAR,,Én nhỏ Homestay - Sa Pa,entire_home,3,False,,/ đêm,3.380,₫3.380.590,8.0,True,True,True,True,True,,True,False,False,,,,,True,,,,,,,,,,True,,,,,,,,,,,,,,,,
20271948,https://www.airbnb.com.vn/rooms/20271948,"4,78",Sa Pa,30,22.29564053954609,103.90448302448198,REGULAR,,Joy House - Phòng Cỏ,private_room,208,False,,/ đêm,481.803,₫481.803,8.0,,True,True,,True,,,False,False,True,True,6,,,True,,,,,,True,False,True,,,,,,,,,,True,,,,,,,
24234677,https://www.airbnb.com.vn/rooms/24234677,"4,95",Sapa,30,22.29794,103.89273,REGULAR,,Ký túc xá chung Sống cùng gia đình bản xứ lười biếng #02,hotel_room,41,False,,/ đêm,262.316,₫262.316,8.0,True,True,True,True,True,,,False,False,,,,,,True,,,,True,,,,True,,,,,,,,,,,,,,,,,
41117376,https://www.airbnb.com.vn/rooms/41117376,"4,81",Sa Pa,30,22.34231,103.84752,REGULAR,,Nhà hàng Bungalow riêng ở Little Forest V2,entire_home,16,False,,/ đêm,,,4.0,,True,True,,True,,,False,,,,,,,True,,,,,True,,,True,,,,,,,,True,True,True,,,,,,,
22217539,https://www.airbnb.com.vn/rooms/22217539,"4,89",Sa Pa,26,22.29996,103.88923,REGULAR,,Bungalow #2 - Sống cùng gia đình bản xứ tại Cửa hàng Ốc sên Indigo,entire_home,169,False,,/ đêm,1.082,₫1.082.310,2.0,,,True,,True,,,False,False,,,,,,True,,,,True,,,,True,,,,,True,,,True,True,,,,,,,,
25983156,https://www.airbnb.com.vn/rooms/25983156,"4,7",tt. Sa Pa,13,22.33335560154214,103.84066922763971,REGULAR,,Hướng nhìn ra Thung lũng Phương Nam,private_room,30,False,,/ đêm,798.824,₫798.824,2.0,,,True,,,,,False,,,,,,True,,True,,,,,,,,,,,,,True,,True,True,,,,True,,,,
835704645404101509,https://www.airbnb.com.vn/rooms/835704645404101509,,Thành phố Lào Cai,22,22.29253,103.92284,REGULAR,,Pavi Home - Phòng riêng cho gia đình với tầm nhìn ra núi,private_room,1,False,,/ đêm,627.647,₫627.647,3.0,,True,True,True,True,,True,False,False,False,True,9,True,True,,,,,,,True,,,,,,,,,,,,,,,,,,,
643864536146650776,https://www.airbnb.com.vn/rooms/643864536146650776,,Thành phố Lào Cai,30,22.299523535045473,103.9141849243982,REGULAR,,Lều trong làng/tầm nhìn tuyệt đẹp/giá cả tuyệt vời,private_room,,False,,/ đêm,374.710,₫374.710,2.0,,True,True,True,True,,True,False,False,,,,,,True,,,,,,,,True,,,,,,,,,,True,,,,,,,
14293243,https://www.airbnb.com.vn/rooms/14293243,"4,84",Sapa ,30,22.29794,103.89273,REGULAR,,Phòng Riêng Sống cùng gia đình bản xứ Lười biếng 2,private_room,215,False,,/ đêm,,,4.0,True,True,True,True,True,,,False,False,True,True,7,,,True,,,,,,True,False,,,,,,,,,,,,,,,,,,
42645971,https://www.airbnb.com.vn/rooms/42645971,"5,0", Sa pa,14,22.33174,103.84353,REGULAR,,Phòng Riêng dành cho Gia đình có ban công và Chế độ xem Thành phố,private_room,4,False,,/ đêm,569.999,₫569.999,4.0,,True,True,True,True,True,,,,True,True,6,True,,True,True,,,True,,,,,,True,,,,,,,,,,,,,,,
869269667253390555,https://www.airbnb.com.vn/rooms/869269667253390555,,Sa Pa,8,22.33615526241936,103.83900435529478,REGULAR,,Double Room/King Bed w Bathtub/350m from center,entire_home,,False,,/ đêm,,,2.0,,,True,True,,,True,False,False,,,,,,,,,,True,,,,,True,,,,True,,True,True,,,,,,,,,
42645661,https://www.airbnb.com.vn/rooms/42645661,"5,0", Sa pa,17,22.3331,103.84256,REGULAR,,Phòng tập thể Sapa trung tâm có phòng tắm riêng,shared_room,11,False,,/ đêm,293.999,₫293.999,6.0,True,,True,True,True,True,,,,,,,,,True,True,,,True,True,,,,,,,,,,,,,,,,,,,,
38657605,https://www.airbnb.com.vn/rooms/38657605,"4,91",tt. Sa Pa,10,22.33454,103.83595,REGULAR,,"Ban công phòng, tầng 3 - Hướng nhìn ra núi",private_room,57,False,,/ đêm,900.000,₫900.000,2.0,,True,True,,True,,,,False,True,True,4,True,,True,True,,,,,,,True,,,,,,True,,,,True,,,,,,,
759798386649688779,https://www.airbnb.com.vn/rooms/759798386649688779,,Sa Pa,18,22.33458,103.84129,REGULAR,,Phòng quyến rũ * Nhà nghỉ thiên nhiên * Thung lũng Mường Hoa *Hồ bơi,private_room,,False,,/ đêm,2.470,₫2.470.000,2.0,,,True,,True,,,False,,,,,,,,True,,,,,,,True,,,True,,True,,,True,True,,,,,True,,,
642993218756682813,https://www.airbnb.com.vn/rooms/642993218756682813,,,30,22.30222,103.88916,REGULAR,,A Mountaint View in Desi House,private_room,2,False,,/ đêm,399.412,₫399.412,2.0,,True,True,True,,,True,False,,True,True,11,,,,,,,True,,True,False,True,,,,,,,,,,True,,,,,,,
633606833962542914,https://www.airbnb.com.vn/rooms/633606833962542914,"4,67",Sa Pa,17,22.322542,103.855026,REGULAR,,Hướng nhìn ra thung lũng Cloud Duplex Villa,entire_home,3,False,,/ đêm,2.997,₫2.997.774,4.0,,True,True,True,True,,,False,,,,,,True,True,,,,,True,,,,True,,,,,True,,,,,,,,,,,
33595697,https://www.airbnb.com.vn/rooms/33595697,"5,0",Sa Pa,30,22.3304,103.82811,REGULAR,,Tầm nhìn ra núi Bungalow-Fansipan riêng biệt,private_room,6,False,,/ đêm,,,8.0,True,,True,True,True,,,False,False,,,,,True,True,,True,,,,,,,,,,,,,,,,,,,,,,,
611910119892675850,https://www.airbnb.com.vn/rooms/611910119892675850,"5,0",Sa Pa,30,22.340225,103.846657,REGULAR,,Bungalow gia đình ở Little Forest V1,entire_home,5,False,,/ đêm,,,6.0,,True,True,True,True,,True,False,,,,,,,True,,,,,True,,,True,,,,,,,,,,True,,,,,,,
828560408612668127,https://www.airbnb.com.vn/rooms/828560408612668127,,Sử Pán,23,22.29899,103.91104,REGULAR,,The beauty of Sapa,private_room,1,False,,/ đêm,,,2.0,,,True,True,True,,True,False,False,False,True,4,,True,,,,,,,True,False,True,,,,,,,,,,,,,,,,,
42104465,https://www.airbnb.com.vn/rooms/42104465,"5,0",Y Linh Ho,30,22.31032371520996,103.86347198486328,REGULAR,,Chapa Farmstay,private_room,4,False,,/ đêm,1.186,₫1.186.824,16.0,True,,,True,True,,,False,False,False,True,3,,,,,,,True,True,,False,,,,,,True,,,,,,,,,,,,
33281729,https://www.airbnb.com.vn/rooms/33281729,"4,91",Lao Chai,30,22.29039,103.86163,REGULAR,,Mama gia homestay (sapa),private_room,11,False,,/ đêm,285.294,₫285.294,2.0,,True,True,,True,True,,False,False,True,True,4,,True,True,,,,,,,False,,,,,,,,,,,,,,,,,,
735003401559998706,https://www.airbnb.com.vn/rooms/735003401559998706,,Sa Pa,15,22.33212,103.83904,REGULAR,,Lien Minh Hostel - Phòng 3 người hướng núi,private_room,1,False,,/ đêm,456.471,₫456.471,3.0,,True,True,True,,,,False,,True,True,7,True,,,True,,,True,,,,,,,,,,True,,True,,,True,,,,,,
862571049186071735,https://www.airbnb.com.vn/rooms/862571049186071735,,Sa Pa,9,22.34634056988127,103.85790038360597,REGULAR,,Sapa Fullhouse Apartment,entire_home,,False,,/ đêm,,,8.0,True,True,True,True,True,,True,False,False,,,,,,True,,,,,,,,,,True,,,,,,,,,,,,,,,
14032955,https://www.airbnb.com.vn/rooms/14032955,"4,86",Sapa ,30,22.29794,103.89273,REGULAR,,Phòng Riêng Sống cùng gia đình bản xứ Lười biếng 3,private_room,117,False,,/ đêm,,,4.0,True,True,True,True,True,,,False,False,True,True,7,,,,,,,,,True,False,,,,,,,,,,,,,,,,,,
26048763,https://www.airbnb.com.vn/rooms/26048763,"4,89",Town,24,22.32422,103.85507,REGULAR,,Nhà sinh thái Sapa (Rút núi),entire_home,37,False,,/ đêm,,,2.0,,,True,,True,,True,False,False,,,,,,True,True,,,,,,,True,,,,,,,,,,True,,,,,True,,
874159702297661363,https://www.airbnb.com.vn/rooms/874159702297661363,,Sa Pa,30,22.331606694540874,103.83217234164476,REGULAR,,Sapa The Chill Garden & Villas,entire_home,,False,,/ đêm,1.027,₫1.027.059,4.0,,,True,True,True,,True,False,False,,,,,,True,True,,,,True,,,,,,True,,,,,,,,,,,,,,
641510128730612884,https://www.airbnb.com.vn/rooms/641510128730612884,"4,71",Thành phố Lào Cai,30,22.299487131297667,103.91434316964774,REGULAR,,Bungalow riêng/Nhà vệ sinh/ bồn tắm riêng,private_room,14,False,,/ đêm,588.850,₫588.850,2.0,True,True,True,True,True,,True,False,False,True,True,10,True,True,,,,,,,,,,,,,,,,,,,,,,,,,,
17638872,https://www.airbnb.com.vn/rooms/17638872,"4,9", Sa pa,14,22.3322,103.84331,REGULAR,,Phòng Riêng Balcony Mountain View  ở miền Trung,private_room,200,False,,/ đêm,641.249,₫641.249,2.0,,True,True,True,True,True,,,,,,,,True,True,True,,,True,,,,,,,,,,,,,,,,,,,,,
27908337,https://www.airbnb.com.vn/rooms/27908337,"4,49",TT Sapa,18,22.33304,103.83798,REGULAR,,Hướng nhìn ra núi 1 - 2 phòng đôi,private_room,92,False,,/ đêm,684.706,₫684.706,2.0,,,True,,True,,,,False,,,,,,,True,,,,,,,,,,,,True,True,,,True,,,,True,,,True,
48861298,https://www.airbnb.com.vn/rooms/48861298,"5,0",Thành phố Lào Cai,30,22.31913,103.89606,REGULAR,,Homestay ấm cúng với bungalow bằng gỗ và tầm nhìn tuyệt vời,private_room,6,False,,/ đêm,2.054,₫2.054.119,4.0,,True,,,,,True,False,,,,,,,,,,,,True,,,,,,,,,,,,,,,,,,,,
639365790762530145,https://www.airbnb.com.vn/rooms/639365790762530145,"5,0",Sa Pa,30,22.30418,103.88731,REGULAR,,La Maison | Phòng gác mái độc đáo với tầm nhìn ra tre,private_room,18,False,,/ đêm,904.918,₫904.918,2.0,,True,True,True,,,True,False,False,True,True,2,True,True,,,,,,,True,,,,,,,,,,,,,,,,,,,
668467789827815003,https://www.airbnb.com.vn/rooms/668467789827815003,,Thành phố Lào Cai,30,22.29272,103.92213,REGULAR,,Pavihome - Cả khu nhà riêng có sân vườn,entire_home,,False,,/ đêm,3.994,₫3.994.120,14.0,,True,True,True,True,,True,False,False,,,,,True,True,,,,,,,,True,,,,,,,,,,,,,,,,,
19103659,https://www.airbnb.com.vn/rooms/19103659,"4,74",Sa Pa,30,22.33316,103.84043,REGULAR,,Khách sạn Sapa Mountain - Số 035 Fansipan - TX Sa pa,private_room,77,False,,/ đêm,974.742,₫974.742,16.0,,,True,True,,,,False,False,,,,,True,,True,,,,,,,True,,,,,,True,,,,True,,,,,,,
44162876,https://www.airbnb.com.vn/rooms/44162876,,Thành phố Lai Châu,3,22.39977,103.45581,REGULAR,,Khách sạn Tây Bắc Lai Châu chuyên nghiệp Giá rẻ,private_room,,False,,/ đêm,285.294,₫285.294,16.0,,,True,,True,,,False,False,,,,,,True,True,,,,,,,True,True,,,,,True,,True,,,,,,,,,
22144249,https://www.airbnb.com.vn/rooms/22144249,"4,66",,12,22.30592,103.89503,REGULAR,,Nhà H 'mong mộc mạc Miku trên ngọn núi tuyệt đẹp,private_room,54,False,,/ đêm,401.495,₫401.495,2.0,,True,True,,True,,,False,,False,True,7,True,,True,,,,,,,,True,,,,,,,,True,True,True,,,,,,,
637845541234075459,https://www.airbnb.com.vn/rooms/637845541234075459,"5,0",Sa Pa,30,22.322333178097942,103.87010409193194,REGULAR,,Fieu House/3 phòng ngủ/tầm nhìn toàn cảnh tốt nhất ở Sapa,entire_home,3,False,,/ đêm,,,6.0,,True,True,True,True,,,False,False,,,,,True,True,,,,,,,,,,,,,,True,,,,,,,,,,,
828662163568163739,https://www.airbnb.com.vn/rooms/828662163568163739,,Sa Pa,13,22.30345,103.8927,REGULAR,,Bungalow Đôi với View Núi và Ruộng Bậc Thang,private_room,,False,,/ đêm,1.025,₫1.025.918,2.0,True,,True,True,True,,True,False,False,,,,,,,,,,,,True,,,True,,,,,,,,,,,,,,,,
20715305,https://www.airbnb.com.vn/rooms/20715305,"4,79",Sa Pa,30,22.29564053954609,103.90448302448198,REGULAR,,Joy House - Phòng nấm,private_room,107,False,,/ đêm,,,8.0,,True,True,,True,,,False,False,True,True,6,,,True,,,,,,True,False,True,,,,,,,,,,True,,,,,,,
33110640,https://www.airbnb.com.vn/rooms/33110640,"4,84",Sapa,30,22.29572,103.89324,REGULAR,,Indigo Batik House - Tu room,private_room,64,False,,/ đêm,481.803,₫481.803,12.0,,True,True,,True,,,False,False,True,True,6,,,True,,,,,,True,False,True,,,,,,,,,,True,,,,,,,
35354852,https://www.airbnb.com.vn/rooms/35354852,"4,71",Sa Pa,23,22.3367,103.84447,REGULAR,,★Mây & thung lũng View A★ Nhà gỗ - SAPA TUYỆT VỜI,private_room,14,False,,/ đêm,3.546,₫3.546.423,6.0,True,True,True,,True,,,,False,False,True,4,,,,,,,True,True,,False,True,,,,,True,,,,,,,,,,,,
708324849962141161,https://www.airbnb.com.vn/rooms/708324849962141161,,Sa Pa,17,22.33511908082266,103.8384336233139,REGULAR,,Căn hộ riêng cho nhóm 8 - 10 khách tại trung tâm Sapa,entire_home,,False,,/ đêm,2.702,₫2.702.021,8.0,,True,True,,,,,False,False,,,,,,,,,,,,,,,,,True,,,,,,,,,,,,,,
675268856261554077,https://www.airbnb.com.vn/rooms/675268856261554077,,Sa Pa,30,22.302847393123198,103.89450486749409,REGULAR,,River mountain view homestay-hiking-trekking tuor,private_room,,False,,/ đêm,347.972,₫347.972,2.0,True,True,True,True,True,,,False,False,,,,,True,True,,,,,,True,,,,,,,,,,,,,,,,,,,
870593103571066803,https://www.airbnb.com.vn/rooms/870593103571066803,,tt. Sa Pa,7,22.336162312645673,103.83900428703306,REGULAR,,Double Room w balcony/ 350m from center,entire_home,,False,,/ đêm,,,2.0,,,True,,,,True,False,False,,,,,True,,,,,True,,,,,,,,,True,,,True,,,,,,,,True,
22200080,https://www.airbnb.com.vn/rooms/22200080,"4,85",Sa Pa,14,22.28787,103.92639,REGULAR,,Phòng gia đình Sapa 's Soul với khung cảnh ruộng lúa,private_room,84,False,,/ đêm,776.000,₫776.000,4.0,,,True,,True,,,False,False,False,True,6,True,,True,,,,True,True,,,True,,,,,,,,,,True,,,,,,,
640168748835649789,https://www.airbnb.com.vn/rooms/640168748835649789,"4,6",Sa Pa,30,22.32969,103.84615,REGULAR,,Studio 1 phòng ngủ có bếp,private_room,5,False,,/ đêm,1.141,₫1.141.177,4.0,,True,True,,True,,True,False,False,False,True,10,,,,True,,,,,,False,,True,,,,,True,,,,,,,,,,,
817101513747616866,https://www.airbnb.com.vn/rooms/817101513747616866,,tt. Sa Pa,30,22.335546143461727,103.83457783146022,REGULAR,,Bungalow studio hunt cloud homestay 1579 SaPa,entire_home,,False,,/ đêm,,,4.0,True,,True,,True,,True,False,False,,,,,True,True,,,,True,,,,,,,,,,,,,,,,,,,,,
862948083126540598,https://www.airbnb.com.vn/rooms/862948083126540598,,Sa Pa,30,22.30367,103.89559,REGULAR,,river Mountain View_Âm thanh phòng ngủ tập thể hỗn hợp của Sông,shared_room,,False,,/ đêm,,,2.0,,True,True,True,True,,,False,False,,,,,True,True,,,,,,True,,,,,,,,,,,,,,,,,,,
23496919,https://www.airbnb.com.vn/rooms/23496919,"4,74",Sapa,30,22.32837,103.83394,REGULAR,,Sống cùng gia đình bản xứ Chien De,private_room,42,False,,/ đêm,376.588,₫376.588,16.0,,True,True,True,True,,,False,,False,True,6,,True,True,,,,,,,False,True,,,,,,True,,,,,,,,,,,
853907091638024117,https://www.airbnb.com.vn/rooms/853907091638024117,,Sa Pa,19,22.305559533527017,103.89317113906145,REGULAR,,Ngôi nhà nghệ sĩ giữa Tả Van,entire_home,,False,,/ đêm,,,16.0,True,True,True,True,True,,True,False,False,,,,,True,,,,,,,True,,,,,,,,,,,,,,,,,,,
33110250,https://www.airbnb.com.vn/rooms/33110250,"4,85",Sapa,30,22.29572,103.89324,REGULAR,,Nhà Indigo Batik - Phòng Chu,private_room,52,False,,/ đêm,481.803,₫481.803,12.0,,True,True,,True,,,False,False,True,True,6,,,True,,,,,,True,False,True,,,,,,,,,,True,,,,,,,
30055681,https://www.airbnb.com.vn/rooms/30055681,"4,75",Sa Pa,9,22.33699,103.84867,REGULAR,,Greenland - Phòng 4: LILY,hotel_room,36,False,,/ đêm,573.977,₫573.977,2.0,,,True,,True,,True,False,,,,,,,,True,,,,,,,True,,,,,True,True,,,,True,,,True,,,,
709899470142015338,https://www.airbnb.com.vn/rooms/709899470142015338,,Ta Van,22,22.303069915050834,103.88662376875608,REGULAR,,3-Ngôi nhà vui vẻ với đặc thù văn hóa xinh xắn 2,private_room,2,False,,/ đêm,410.824,₫410.824,3.0,,True,True,True,True,,True,False,False,False,True,8,,,True,,,,,,,False,,,,,,,,,,,True,,,,,,,
755598180563169665,https://www.airbnb.com.vn/rooms/755598180563169665,"5,0",Sa Pa,30,22.302845,103.8945048,REGULAR,,River Mountain View homestay - phòng thư giãn tại Sapa,private_room,3,False,,/ đêm,374.710,₫374.710,2.0,True,True,True,True,True,,,False,False,False,True,6,True,True,,,,,,,True,,,,,,,,,,,,,,,,,,,
29245298,https://www.airbnb.com.vn/rooms/29245298,"4,82",Sapa ,30,22.29794,103.89273,REGULAR,,Cabin Lười biếng - Be One With Natural #01,private_room,22,False,,/ đêm,939.215,₫939.215,5.0,True,True,True,True,True,,,,,True,True,7,True,,True,,,,True,,,,True,,,,,,,,,,,,,,,,,
10236597,https://www.airbnb.com.vn/rooms/10236597,"4,59",tt. Sa Pa,30,22.33799,103.84539,REGULAR,,Nhà nghỉ Ba lô Sa Pa,private_room,118,False,,/ đêm,361.340,₫361.340,6.0,True,True,True,,True,,,False,,,,,,,True,,,,True,,,,True,,,,,,,,True,,True,,,,,,,
871616636315829148,https://www.airbnb.com.vn/rooms/871616636315829148,,San Sả Hồ,30,22.331797877355697,103.83212171494961,REGULAR,,Sapa The Chill Garden & Villas,entire_home,,False,,/ đêm,1.027,₫1.027.059,4.0,,,True,True,True,,True,False,False,,,,,,True,True,,,,True,,,,,,True,,,,,,,,,,,,,,
581527465995002752,https://www.airbnb.com.vn/rooms/581527465995002752,"4,43",Ta Van,30,22.29927,103.89357,REGULAR,,Dream Room - Căn phòng mộng mơ bên núi,private_room,7,False,,/ đêm,517.765,₫517.765,2.0,,,True,True,True,,,False,False,False,True,1,True,,True,,True,,,,,,,,,,,True,,,True,,,,,,,,,
870736237007441619,https://www.airbnb.com.vn/rooms/870736237007441619,,Sa Pa,14,22.248274219998343,103.89594454318285,REGULAR,,Bungalow riêng tư rộng có bể bơi,private_room,,False,,/ đêm,,,4.0,,True,True,,True,,,False,False,,,,,,,,True,True,,,,,,,,,,,True,,,,,,,,,,,
632257923618482396,https://www.airbnb.com.vn/rooms/632257923618482396,"4,8",Sa Pa,5,22.340322,103.847229,REGULAR,,Cây Bungalow,private_room,5,False,,/ đêm,970.000,₫970.000,2.0,,,True,True,True,,True,False,False,,,,,,,,,,,,,,True,,,,,,,,,,,,,,,,,
883220481413412082,https://www.airbnb.com.vn/rooms/883220481413412082,,Lào Cai,14,22.30639,103.90806,REGULAR,,Homestay that feels like family,private_room,,False,,/ đêm,,,2.0,,True,True,,True,,,False,False,False,True,,True,,,,,,True,,,,True,,,,,,True,,,,,True,,,,,,
19722659,https://www.airbnb.com.vn/rooms/19722659,"4,78",tt. Sa Pa,30,22.30539,103.89949,REGULAR,,Tour Trekking & Homestay Tự do,private_room,27,False,,/ đêm,,,16.0,True,True,True,,True,,,False,False,False,True,6,,,True,,,,True,,,False,,,,,,,True,,,,,,,,,,,
723086378880406504,https://www.airbnb.com.vn/rooms/723086378880406504,,Ta Van,30,22.305023527362685,103.88955207992643,REGULAR,,Sapa Riverside-Deluxe Bungalow w Mountain View,private_room,,False,,/ đêm,714.186,₫714.186,2.0,True,True,True,True,,,True,False,False,True,True,,True,True,,,,,,,True,,,,,,,,,,,,,,,,,,,
13269869,https://www.airbnb.com.vn/rooms/13269869,"4,81",tt. Sa Pa,30,22.33606,103.84179,REGULAR,,Sống cùng gia đình bản xứ người Hmong địa phương,private_room,168,False,,/ đêm,294.401,₫294.401,8.0,,True,True,,True,,,False,False,False,True,7,True,,True,,,,True,,,,True,True,,,,,,,,,,,,,,,,
739465675490140731,https://www.airbnb.com.vn/rooms/739465675490140731,,Sa Pa,30,22.29957,103.89511,REGULAR,,La Maison | Nhà đầy đủ với tầm nhìn ra núi và thung lũng,entire_home,,False,,/ đêm,4.183,₫4.183.767,15.0,,True,True,True,,,,False,False,,,,,True,True,,,,,,,,True,,,,,,,,,,True,,,,,,,
22216925,https://www.airbnb.com.vn/rooms/22216925,"4,89",Sa Pa,26,22.29837,103.8877,REGULAR,,Phòng riêng số 2 - Sống cùng gia đình bản xứ tại Cửa hàng Ốc sên Indigo,private_room,54,False,,/ đêm,677.790,₫677.790,2.0,,,True,,True,,,False,False,True,True,5,True,,True,,,,,True,,,True,,,,,True,,,True,,,,,,,,,
46735357,https://www.airbnb.com.vn/rooms/46735357,"4,36",Sa Pa,11,22.32969,103.83661,REGULAR,,Bungalow với tầm nhìn tuyệt đẹp ra Sa Pa,entire_home,14,False,,/ đêm,,,4.0,,True,True,,True,,,False,False,,,,,,,,,True,,True,,,,,,,,,,,True,True,,,,,,,,
850456206905091483,https://www.airbnb.com.vn/rooms/850456206905091483,,Sa Pa,30,22.3029106,103.8898802,REGULAR,,A Mountaint View in Desi House,private_room,2,False,,/ đêm,365.177,₫365.177,2.0,,True,True,True,,,True,False,,True,True,11,,,,,,,True,,True,False,True,,,,,,,,,,True,,,,,,,
21637265,https://www.airbnb.com.vn/rooms/21637265,"4,8",Sapa,30,22.29794,103.89273,REGULAR,,Gia đình lười biếng Phòng Riêng 4,private_room,15,False,,/ đêm,497.847,₫497.847,4.0,True,True,True,True,True,,,False,False,True,True,7,,,,,,,,,True,False,,,,,,,,,,,,,,,,,,
693843266280673900,https://www.airbnb.com.vn/rooms/693843266280673900,"4,67",Lao Chai,15,22.28665,103.86131,REGULAR,,Bungalow*Nature Lodge* Hồ bơi vô cực *Phòng tập thể dục*củi,private_room,3,False,,/ đêm,4.044,₫4.044.286,2.0,,,True,True,True,,,False,,,,,,,,True,,,,True,,,,True,,True,,True,,True,,,,,,,,,,
24550717,https://www.airbnb.com.vn/rooms/24550717,"4,67",Sa Pa,22,22.30808,103.87753,REGULAR,,Sapa May Hmong Homestay #2,private_room,3,False,,/ đêm,347.972,₫347.972,2.0,,,True,,True,,,False,False,False,True,5,True,,,,,,True,True,,,True,,,,,,,,,True,True,,,,,,,
874163044660744638,https://www.airbnb.com.vn/rooms/874163044660744638,,Sa Pa,30,22.331965960948104,103.83206237107515,REGULAR,,Sapa The Chill Garden & Villas,entire_home,,False,,/ đêm,,,4.0,,,True,True,True,,True,False,False,,,,,,True,True,,,,True,,,,,,True,,,,,,,,,,,,,,
787190032314275187,https://www.airbnb.com.vn/rooms/787190032314275187,,Thành phố Lào Cai,18,22.2874523,103.8622065,REGULAR,,Bungalow gia đình * Nhà nghỉ thiên nhiên *2 phòng ngủ*Hồ bơi*Lò sưởi,private_room,,False,,/ đêm,4.811,₫4.811.071,4.0,,,True,True,True,,,False,,,,,,,,True,,,True,True,,,,True,,True,,,,True,,,,,,,,,,
879972666248012360,https://www.airbnb.com.vn/rooms/879972666248012360,,Sa Pa,12,22.3276573,103.8465159,REGULAR,,Royal Orbit Hotel,private_room,,False,,/ đêm,479.294,₫479.294,15.0,,,True,,True,,True,False,,,,,,True,True,True,,True,,,,,,,,,,,True,,,,,,,,,,,
20628894,https://www.airbnb.com.vn/rooms/20628894,"4,83",Sapa,24,22.29794,103.89273,REGULAR,,Cabin lười biếng - Hãy là một người tự nhiên #02,private_room,30,False,,/ đêm,938.417,₫938.417,5.0,True,True,True,True,True,,,,,,,,,True,True,,,,,,True,,True,,,,,,,,,,True,,,,,,,
581554432815880989,https://www.airbnb.com.vn/rooms/581554432815880989,"5,0",Ta Van,16,22.29903,103.89536,REGULAR,,Dream Room - Căn phòng mộng mơ bên suối,private_room,10,False,,/ đêm,630.673,₫630.673,2.0,,,True,True,True,,,False,False,,,,,,True,,True,,,,,,,,,,,True,,,True,,,,,,,,,
887351890186881453,https://www.airbnb.com.vn/rooms/887351890186881453,,Thành phố Lào Cai,15,22.30079,103.89457,REGULAR,,H'nee House Grand,private_room,,False,,/ đêm,,,4.0,,,True,True,True,,True,False,False,,,,,,,,,,,True,,,True,,,,,,,,,,,,,,,,,
694750885487282625,https://www.airbnb.com.vn/rooms/694750885487282625,"4,4",Sa Pa,23,22.30395,103.88905,REGULAR,,2-Ngôi nhà vui vẻ với đặc thù văn hóa,private_room,5,False,,/ đêm,399.412,₫399.412,3.0,,True,True,True,True,,True,False,False,False,True,8,,True,,,,,,,,False,,,,,,,,,,,,,,,,,,
31552508,https://www.airbnb.com.vn/rooms/31552508,"5,0",Sa Pa,30,22.30060932259538,103.89197885710354,REGULAR,,Phòng trong vườn - Tour đi bộ đường dài và xe máy,private_room,15,False,,/ đêm,428.233,₫428.233,2.0,,True,True,True,True,,,False,False,True,True,4,,,True,,,,True,,,False,True,,,,,,,,,,,,,,,,,
853153405373488857,https://www.airbnb.com.vn/rooms/853153405373488857,,Sa Pa,21,22.3149108,103.8810653,REGULAR,,Bungalow in nature Lodge*Muong Hoa valley*Bb*Pool,private_room,,False,,/ đêm,3.252,₫3.252.354,2.0,,,True,,True,,True,False,False,,,,,,,True,,,,,,,,True,,True,True,,,True,,,,,,,,,,
822907479465080505,https://www.airbnb.com.vn/rooms/822907479465080505,,Sa Pa,13,22.3357113,103.8389586,REGULAR,,Tây Bac Sky Homestay,private_room,,False,,/ đêm,,,2.0,True,,True,True,True,,True,False,False,,,,,True,,,,,,,,,,True,,,,,,True,,,,,,,,,,
20714287,https://www.airbnb.com.vn/rooms/20714287,"4,82",Sapa,30,22.29572,103.89324,REGULAR,,Joy House - Peach cabin,private_room,66,False,,/ đêm,,,4.0,,True,True,,True,,,False,False,,,,,,True,,,,True,,True,,True,,,,,,,,,,True,,,,,,,
851938037806573193,https://www.airbnb.com.vn/rooms/851938037806573193,,Thành phố Lào Cai,17,22.3194416,103.8969993,REGULAR,,Place Where You Feel Like Home,private_room,,False,,/ đêm,285.294,₫285.294,2.0,,True,True,,True,,,False,False,False,True,,True,,,,,,True,,,,True,,,,,,True,,,,,True,,,,,,
47544746,https://www.airbnb.com.vn/rooms/47544746,"4,83",Sa Pa,30,22.33231,103.84124,REGULAR,,Khách sạn Sapa Mountain - Số 035 Fansipan - TX Sa pa,private_room,12,False,,/ đêm,974.742,₫974.742,16.0,True,,True,True,,,True,False,False,,,,,True,True,,,,,,,,True,,,,,,True,,,,,,,,,,,
877011622178352541,https://www.airbnb.com.vn/rooms/877011622178352541,,Sin Suối Hồ,30,22.4823,103.51799,REGULAR,,Căn nhà yên bình của người Mông,shared_room,,False,,/ đêm,,,12.0,True,True,True,True,True,,,False,False,,,,,True,,,True,,,,,,True,,,,,,,,,,,,,,,,,
755656892897021908,https://www.airbnb.com.vn/rooms/755656892897021908,,Sa Pa,30,22.30249,103.89367,REGULAR,,River Mountain View homestay - Phòng thư giãn và ấm cúng,private_room,,False,,/ đêm,,,2.0,,True,True,True,True,,,False,False,,,,,,True,,,,,,True,,True,,True,,,,,,,,,,,,,,,
874164631774448275,https://www.airbnb.com.vn/rooms/874164631774448275,,San Sả Hồ,30,22.3318576851367,103.83204527199268,REGULAR,,Sapa The Chill Garden & Villas,entire_home,,False,,/ đêm,,,2.0,,,True,True,True,,True,False,False,,,,,,,True,,,True,True,,,,,,True,,,,,,,,,,,,,,
24152310,https://www.airbnb.com.vn/rooms/24152310,"5,0",Sapa,30,22.29794,103.89273,REGULAR,,Ký túc xá chung Sống cùng gia đình bản xứ lười biếng #01,shared_room,8,False,,/ đêm,267.664,₫267.664,8.0,True,True,True,True,True,,,False,False,,,,,True,True,,,,,,,,True,,,,,,,,,,,,,,,,,
46472415,https://www.airbnb.com.vn/rooms/46472415,"4,8",Sa Pa,14,22.33057,103.83608,REGULAR,,Nơi lớn với tầm nhìn ra Sa Pa đẹp nhất bên cạnh Mèo,entire_home,5,False,,/ đêm,,,6.0,,True,True,True,True,,,False,False,,,,,,,,,True,,True,,,,,,,,,,,True,True,,,,,,,,
21917014,https://www.airbnb.com.vn/rooms/21917014,"4,97",Sa Pa,28,22.29901,103.88922,REGULAR,,Ký túc xá chung - Sống cùng gia đình bản xứ tại Cửa hàng Ốc Indigo,shared_room,35,False,,/ đêm,308.427,₫308.427,8.0,True,,True,,True,,,False,False,,,,,,True,,,,True,,,,True,,,,,True,,,True,,,,,,,,,
17175990,https://www.airbnb.com.vn/rooms/17175990,"5,0",Sa Pa,30,22.31472,103.87962,REPRESENTATIVE,,Bungalow lãng mạn - Ngắm núi,hotel_room,13,False,,/ đêm,3.565,₫3.565.000,3.0,,True,True,,True,,,False,False,,,,,,True,,,,,True,,,True,,,,,True,,,,,True,,,,,,,
756080542942393810,https://www.airbnb.com.vn/rooms/756080542942393810,"4,9",Sa Pa,10,22.33485,103.83941,REGULAR,,"Ban công phòng, tầng 3 - Hướng nhìn ra núi",private_room,10,False,,/ đêm,1.029,₫1.029.000,2.0,,True,True,True,True,,,False,False,,,,,,True,,,,,,,,True,,True,,,,,,,,True,,,,,,,
750484828732639310,https://www.airbnb.com.vn/rooms/750484828732639310,,Ta Van,17,22.24419,103.88072,REGULAR,,Talacà homestay - ngôi nhà ấm áp và vui vẻ!,private_room,,False,,/ đêm,730.353,₫730.353,2.0,,True,True,True,,,True,False,False,False,True,,True,,,,,,,,,,True,True,,,,,,,,,,,,,,,,
637883766718159831,https://www.airbnb.com.vn/rooms/637883766718159831,"4,94",Sa Pa,30,22.30132,103.89466,REGULAR,,La Maison | Đêm đầy sao tại phòng Attic #1,private_room,18,False,,/ đêm,668.378,₫668.378,4.0,,True,True,True,True,,True,False,False,,,,,True,,,,,,,True,,,,,,,,,,,,,,,,,,,
39246743,https://www.airbnb.com.vn/rooms/39246743,"4,89",Sapa,30,22.30209,103.88544,REGULAR,,Ta van Cơmlam eco bungalow- mountain  Retreat.,private_room,9,False,,/ đêm,855.883,₫855.883,2.0,,True,True,True,True,,,False,False,False,True,6,,,True,,,,,True,,False,,,,,,,,,,,True,,,,,,,
877241769700076774,https://www.airbnb.com.vn/rooms/877241769700076774,,Sa Pa,6,22.3291008,103.8457501,REGULAR,,family room with moutain view,private_room,,False,,/ đêm,,,4.0,,True,True,True,True,,,False,,,,,,True,True,,,,,,True,,,,,,,,True,,,,,,,,,,,
733705372584799641,https://www.airbnb.com.vn/rooms/733705372584799641,,Sa Pa,15,22.33203,103.84093,REGULAR,,Liên Minh Hostel- Phòng gia đình  view núi,private_room,,False,,/ đêm,399.412,₫399.412,3.0,,True,True,True,,,,False,,,,,,True,,True,,,True,,,,True,,,,,,True,,,,,True,,,,,,
715817309643743274,https://www.airbnb.com.vn/rooms/715817309643743274,"5,0",Sa Pa,30,22.3332621,103.8405995,REGULAR,,Khách sạn Sapa Mountain - Số 035 Fansipan - TX Sa pa,private_room,4,False,,/ đêm,918.859,₫918.859,16.0,True,,True,True,,,True,False,False,,,,,,,,,,,,,,True,,,,,,True,,,,True,,,,,,,
41247802,https://www.airbnb.com.vn/rooms/41247802,,Thành phố Lào Cai,21,22.28591,103.93035,REGULAR,,Phòng dành cho gia đình - Homestay sapa của tôi,private_room,,False,,/ đêm,254.282,₫254.282,3.0,True,True,True,True,True,,,False,False,False,True,,True,,True,,,,,,,,True,,,,,,,,,,,,,,,,,
41942923,https://www.airbnb.com.vn/rooms/41942923,,Sa Pa,13,22.31339,103.86028,REGULAR,,Nấm trên đỉnh núi với chế độ xem toàn cảnh,private_room,,False,,/ đêm,,,2.0,,,True,,,,,,,,,,,,True,,,True,,,,,,,,,,,,,,True,,,,,,,,
639368818567976082,https://www.airbnb.com.vn/rooms/639368818567976082,"5,0",Sa Pa,30,22.30396,103.88548,REGULAR,,La Maison | Phòng gỗ gia đình ở rừng tre,private_room,7,False,,/ đêm,1.328,₫1.328.001,5.0,,True,True,True,,,True,False,False,True,True,2,True,True,,,,,,,True,,,,,,,,,,,,,,,,,,,
45306898,https://www.airbnb.com.vn/rooms/45306898,"4,33",Sa Pa,30,22.33587,103.83544,REGULAR,,Biệt thự với tầm nhìn ra núi - 3 phòng ngủ,entire_home,3,False,,/ đêm,2.510,₫2.510.588,8.0,True,True,True,True,True,,,False,False,,,,,,True,,,,,,,,,,,,,,True,,,,,,,,,,,
878776964328788459,https://www.airbnb.com.vn/rooms/878776964328788459,,Lao Chai,8,22.33581434463568,103.84134266688157,REGULAR,,Local Guide Homestay & Trekking,private_room,,False,,/ đêm,,,15.0,,True,True,,,True,,False,False,False,True,,True,True,,,,,,,True,,True,,,,,,,,,,True,,,,,,,
36845427,https://www.airbnb.com.vn/rooms/36845427,,SaPa,30,22.31464,103.8804,REPRESENTATIVE,,Bungalow Nhà nghỉ thôn dã sang trọng,private_room,,False,,/ đêm,2.645,₫2.645.000,2.0,,,True,,True,,,False,,,,,,,True,,,,,True,,,True,True,,,,True,,,True,,True,,,,,,,
736829779159207573,https://www.airbnb.com.vn/rooms/736829779159207573,,Ta Van,22,22.24561,103.88057,REGULAR,,"Chỗ ở bungalow Hmong, Sa Pa của Đại Bàng | Phòng Bungalow",private_room,,False,,/ đêm,855.883,₫855.883,2.0,True,True,True,True,True,,,False,,,,,,,,,,,,True,True,,,,,,,True,,,True,,,,,,,,,
593462230736367417,https://www.airbnb.com.vn/rooms/593462230736367417,"4,25",Ta Van,30,22.30388,103.8878,REGULAR,,Sapa Riverside - Gia đình Bungalow w phòng tắm riêng,private_room,4,False,,/ đêm,1.089,₫1.089.436,3.0,True,,True,True,True,,True,False,False,,,,,,True,,,,,,True,,,,,,,,,,,,,,,,,,,
887390912561586496,https://www.airbnb.com.vn/rooms/887390912561586496,,tt. Sa Pa,11,22.3382356,103.8321263,REGULAR,,Green Homestay Sapa-Nhà sàn đơn,private_room,,False,,/ đêm,,,4.0,,True,True,True,True,,True,,,,,,,,True,,,,,,True,,,,True,,,,True,,,,,,,,,,,
883777836459542708,https://www.airbnb.com.vn/rooms/883777836459542708,,Sa Pa,12,22.2989,103.89546,REGULAR,,H'nee Bungalow,private_room,,False,,/ đêm,,,2.0,,,True,,True,,True,False,False,,,,,,True,,,True,,,,,,,,,,,,,,,,,,,,,,
830216006273639636,https://www.airbnb.com.vn/rooms/830216006273639636,,Sa Pa,20,22.33199,103.84033,REGULAR,,La House Sapa Mountain view,entire_home,,False,,/ đêm,,,2.0,,,True,,True,,True,False,False,,,,,,True,True,,,,,,,,True,,,,True,,True,,,,,,,,,,
27563428,https://www.airbnb.com.vn/rooms/27563428,"4,79",Sa Pa,9,22.33681,103.84818,REGULAR,,Greenland - Phòng 2: HOA TULIP,hotel_room,29,False,,/ đêm,573.977,₫573.977,4.0,,,True,,True,,True,False,,,,,,,,True,,,,,,,True,,,,,True,True,,,,True,,,True,,,,
40295267,https://www.airbnb.com.vn/rooms/40295267,"5,0",Sa Pa,25,22.3007,103.884,REGULAR,,Sống cùng gia đình bản xứ Su Linh Hmong,private_room,8,False,,/ đêm,268.177,₫268.177,12.0,True,True,True,,True,,,False,False,False,True,3,,,,,,,True,True,,False,,,,,,,True,,,,,,,,,,,
834731149796961584,https://www.airbnb.com.vn/rooms/834731149796961584,,Thành phố Lào Cai,19,22.5009986,103.9713072,REGULAR,,Nhà Nguyên Căn 3 Tầng,entire_home,,False,,/ đêm,1.103,₫1.103.124,8.0,,True,True,True,True,,True,False,False,,,,,,,True,,,True,,,,,,,,,,True,,,,,,,,,,,
47146614,https://www.airbnb.com.vn/rooms/47146614,,红河哈尼族彝族自治州,29,22.506872,103.966316,REGULAR,,"Khách sạn gần trung tâm, giáp cửa khẩu Việt Trung",private_room,,False,,/ đêm,798.824,₫798.824,2.0,,,True,True,True,,,False,False,False,True,,,True,,,,,,,True,False,,True,,True,,,,,,,,,,,,,,
37988078,https://www.airbnb.com.vn/rooms/37988078,"4,63",Sa Pa,14,22.33695,103.83847,REGULAR,,Sống cùng gia đình bản xứ ở Trung tâm Sapa,private_room,40,False,,/ đêm,,,2.0,,,True,,True,,,False,False,,,,,,True,,,,,,,,,,,,,True,True,,True,,True,,,,,,,True
38628792,https://www.airbnb.com.vn/rooms/38628792,"4,46",TT Sapa,3,22.33266,103.83836,REGULAR,,"Phòng đôi nhìn ra núi, phòng tắm chung",hotel_room,26,False,,/ đêm,456.471,₫456.471,2.0,,,True,,True,,,False,False,,,,,,,True,,,,,,,,,,,,,True,,True,True,,True,,True,,,,
850271719243758872,https://www.airbnb.com.vn/rooms/850271719243758872,,Sa Pa,30,22.30044,103.89484,REGULAR,,Một căn phòng nhìn ra hồ ở Desi House,private_room,,False,,/ đêm,365.177,₫365.177,2.0,,True,True,True,,,True,False,False,True,True,,,,True,,,,,,True,False,True,,,,,,,,,,,,,,,,,
815199090315536649,https://www.airbnb.com.vn/rooms/815199090315536649,,Sa Pa,15,22.33661,103.84016,REGULAR,,Family Room ViP - Phòng Gia Đình,private_room,,False,,/ đêm,,,4.0,,,True,True,True,,,False,False,,,,,,,True,True,,,,,,True,True,,,,,True,,,,,,,,,,,
16898550,https://www.airbnb.com.vn/rooms/16898550,"4,41",tt. Sa Pa,30,22.33822,103.84414,REGULAR,,Nhà trọ Dang Khoa Garden,private_room,42,False,,/ đêm,559.177,₫559.177,8.0,True,True,True,True,True,,,,,,,,,,,True,,,,,True,,True,,,,,,True,,,,True,,,,,,,
887934636571566508,https://www.airbnb.com.vn/rooms/887934636571566508,,tt. Sa Pa,30,22.33686,103.85279,REGULAR,,Sunny HomeStay Sapa,private_room,,False,,/ đêm,,,16.0,,True,True,True,,,True,False,False,,,,,,,True,True,,,,,,,,,,,,True,,,,,,,,,,,
792879903274158278,https://www.airbnb.com.vn/rooms/792879903274158278,,Sa Pa,30,22.30217,103.89491,REGULAR,,River Mountain View home- Âm thanh ký túc xá trên sông,shared_room,,False,,/ đêm,,,2.0,True,True,True,True,True,,,False,False,,,,,True,True,,,,,,True,,,,,,,,,,,,,,,,,,,
836626734740452406,https://www.airbnb.com.vn/rooms/836626734740452406,,Thành phố Lào Cai,9,22.4977218,103.9696179,REGULAR,,Lào Cai*Center*Phong cách* Điều khiển phòng thông minh *BB Incl,private_room,,False,,/ đêm,1.150,₫1.150.000,4.0,,True,True,True,,,,False,,,,,,,,True,,,,,,,True,,,,,True,True,,,,True,,,True,,,,
874156427651488227,https://www.airbnb.com.vn/rooms/874156427651488227,,Sa Pa,30,22.33173944057824,103.8320791348815,REGULAR,,Sapa The Chill Garden & villas,entire_home,,False,,/ đêm,,,4.0,,,True,True,True,,True,False,False,,,,,,True,True,,,,True,,,,,,True,,,,,,,,,,,,,,
34023769,https://www.airbnb.com.vn/rooms/34023769,,Sa Pa,30,22.30898,103.86012,REGULAR,,nhà tre thật,private_room,,False,,/ đêm,262.665,₫262.665,4.0,,True,,,True,,,False,False,False,False,,True,,True,,,True,,,,,True,,,,,,,,True,,True,,,,,,,
38444793,https://www.airbnb.com.vn/rooms/38444793,,Ban Ho,25,22.21637,103.9495,REGULAR,,[Phòng lớn] Lily Family Mountain View,private_room,,False,,/ đêm,240.878,₫240.878,10.0,,True,True,,True,,,False,False,,,,,,True,,,,,True,,,True,,,,,,,,True,,True,,,,,,,
818358109581686130,https://www.airbnb.com.vn/rooms/818358109581686130,,Sa Pa,14,22.33524146292478,103.83930317329408,REGULAR,,Beautiful Sapa Hotel,private_room,,False,,/ đêm,895.487,₫895.487,2.0,True,,True,True,True,,True,False,,,,,,,,True,,,,,,,,,True,,,,True,,,,,True,,,,,,
35012612,https://www.airbnb.com.vn/rooms/35012612,"4,78",TT Sapa,15,22.33304,103.83798,REGULAR,,phòng ngắm cảnh núi bốn gian,private_room,18,False,,/ đêm,912.942,₫912.942,3.0,,,True,,True,,,False,False,,,,,,True,True,,,,,,,,,,,,True,True,,True,,,,,True,,,,
26057922,https://www.airbnb.com.vn/rooms/26057922,"4,73",tt. Sa Pa,13,22.33297,103.84145,REGULAR,,Phòng ấm cúng với 2 giường đôi (Bởi Phương Nam),private_room,11,False,,/ đêm,1.047,₫1.047.600,4.0,True,,True,,,,,False,False,,,,,True,,True,,,,,,,,,,,,,True,,True,,True,,,True,,,,
34428399,https://www.airbnb.com.vn/rooms/34428399,"4,75",Thành phố Lào Cai,22,22.29378,103.91647,REGULAR,,Khu biệt thự và Spa Sapa Eco - Mountain Retreat,private_room,4,False,,/ đêm,2.191,₫2.191.060,6.0,,,True,,True,,,False,,,,,,,True,True,,,,,,,True,,,,,,,,True,True,True,,,True,,,,
824899335105175360,https://www.airbnb.com.vn/rooms/824899335105175360,,Sa Pa,10,22.30052133845876,103.89255385859374,REGULAR,,Bungalow đôi view núi ruộng bậc thang,private_room,,False,,/ đêm,1.025,₫1.025.918,2.0,,,True,True,True,,True,False,False,,,,,True,,,,,,,True,,,True,,,,,,,,,,,,,,,,
816630154400968748,https://www.airbnb.com.vn/rooms/816630154400968748,,Sa Pa,30,22.3423,103.88686,REGULAR,,"Nhà gỗ trên núi Sauchua, tầng 2",private_room,,False,,/ đêm,699.455,₫699.455,4.0,,True,True,True,True,,,False,False,,,,,,,,True,,,,,,,,,,,,,,,,,,,,,,,
24562301,https://www.airbnb.com.vn/rooms/24562301,"4,5",Tả Van,30,22.2451,103.8796,REGULAR,,"Opal House, Tả Van, Sa Pa-Home có tầm nhìn (-30%)",private_room,4,False,,/ đêm,3.150,₫3.150.100,14.0,True,True,True,True,,,,False,False,,,,,True,,,,,,,,,,,,,,,,,True,True,,True,,,,,,
714662825115515191,https://www.airbnb.com.vn/rooms/714662825115515191,,Sa Pa,28,22.33372,103.83963,REGULAR,,Liên Minh Hostel & Homestay- Phòng  1 giường đôi,entire_home,,False,,/ đêm,285.294,₫285.294,2.0,,True,True,True,,,,,,,,,,,,True,,,,,,,True,,,,,,True,,,,,,,,,,,
883216168290992977,https://www.airbnb.com.vn/rooms/883216168290992977,,Lào Cai,17,22.30593,103.90821,REGULAR,,Homestay with a family feel,private_room,,False,,/ đêm,,,2.0,,True,True,,True,,,False,False,False,True,,True,,,,,,True,,,,True,,,,,,True,,,,,True,,,,,,
38830755,https://www.airbnb.com.vn/rooms/38830755,,Sa Pa,16,22.30051,103.89631,REGULAR,,"Nhà gỗ phòng riêng, view sông Mường Hoa,",private_room,2,False,,/ đêm,285.294,₫285.294,2.0,,True,True,,,,True,False,False,False,True,5,True,,True,,,,,,,,True,,,,,,,,,,,,,,,,,
41531357,https://www.airbnb.com.vn/rooms/41531357,,Sa Pa,21,22.29936,103.89422,REGULAR,,Po Mu house share room,shared_room,,False,,/ đêm,133.832,₫133.832,1.0,,,True,,True,,,False,False,,,,,,,,,,,,,,True,,,,,,,,True,True,,,,,,,,
20057594,https://www.airbnb.com.vn/rooms/20057594,"4,95",Sapa,30,22.29794,103.89273,REGULAR,,Phòng Nhạc sĩ Lười biếng - Home Away From Home,private_room,20,False,,/ đêm,,,4.0,True,True,True,True,True,,,False,False,True,True,7,,,True,,,,,,,False,,,,,,,,,,,,,,,,,,
858327818472098508,https://www.airbnb.com.vn/rooms/858327818472098508,,Sa Pa,9,22.33990468128827,103.84085941534427,REGULAR,,Eco Villa Sapa,private_room,,False,,/ đêm,,,4.0,,True,True,True,True,,True,False,,False,True,,,,,True,,,,,,False,,True,,,,,True,,,,,,,,,,,
35822267,https://www.airbnb.com.vn/rooms/35822267,"5,0",Sa Pa,30,22.34129,103.84818,REGULAR,,Sống cùng gia đình bản xứ trong rừng Sapa - Đỗ Quyên Bungalow,private_room,9,False,,/ đêm,921.500,₫921.500,3.0,,True,True,,True,,,False,,,,,,,True,,,,,True,,,True,,,,,,,,True,True,True,,,,,,,
22217314,https://www.airbnb.com.vn/rooms/22217314,"4,92",Sa Pa,23,22.30065,103.88775,REGULAR,,Phòng riêng số 3 - Sống cùng gia đình bản xứ tại Cửa hàng Indigo Snail,private_room,24,False,,/ đêm,644.344,₫644.344,2.0,,,True,,True,,,False,False,True,True,5,True,,True,,,,,,,,True,,,,,True,,,True,True,,,,,,,,
10418112,https://www.airbnb.com.vn/rooms/10418112,"4,7",tt. Sa Pa,27,22.329,103.85028,REGULAR,,Sapa Hmong Family Homestay,private_room,142,False,,/ đêm,455.019,₫455.019,6.0,,,True,,True,,,False,,False,True,7,True,,True,,,,,,,,True,,,,,,,,True,True,,,,,,,,
48894918,https://www.airbnb.com.vn/rooms/48894918,,Sa Pa,18,22.33436,103.83979,REPRESENTATIVE,,Phòng phòng cho gia đình | Lacasa Sapa Hotel,private_room,,False,,/ đêm,1.600,₫1.600.800,5.0,,,True,True,True,,,,,,,,,,,True,,,,,,,True,,,,,True,True,True,,,True,,,,,True,,
35387367,https://www.airbnb.com.vn/rooms/35387367,,Sa Pa,30,22.29901,103.91155,REGULAR,,Làm đẹp Sa Pa,private_room,,False,,/ đêm,347.972,₫347.972,2.0,,True,True,True,True,,,False,False,False,True,,True,,True,,,,,,,,True,,,,,,,,,,True,,,,,,,
804703752925255156,https://www.airbnb.com.vn/rooms/804703752925255156,,Sa Pa,17,22.35159,103.85612,REGULAR,,Nơi ở tuyệt vời với khônggian dân tộc truyền thống,private_room,,False,,/ đêm,1.255,₫1.255.295,2.0,True,,True,,True,,True,False,,,,,,True,,True,True,,,,,,,,,,,True,,,True,,,,,,,,,
722359129662448098,https://www.airbnb.com.vn/rooms/722359129662448098,,tt. Sa Pa,12,22.34717,103.85526,REGULAR,,"Địa điểm cắm trại, nghỉ dưỡng,trải nghiệm Sapa",entire_home,,False,,/ đêm,303.346,₫303.346,2.0,,True,True,,True,,True,False,False,,,,,,True,True,True,,,,,,True,,,,,,,,,,,,,,,,,
733600770741648520,https://www.airbnb.com.vn/rooms/733600770741648520,"5,0",Sa Pa,28,22.3328827,103.8399371,REGULAR,,Liên Minh Hostel  - Phòng 1 giường đơn bình dân,private_room,3,False,,/ đêm,285.294,₫285.294,2.0,,True,True,True,,,,,,,,,,,,True,,,,,,,,,,,,,True,,,,,,,,,,,
715822236309995034,https://www.airbnb.com.vn/rooms/715822236309995034,"4,67",Sa Pa,30,22.3339,103.84116,REGULAR,,Khách sạn Sapa Mountain - Số 035 Fansipan - TX Sa pa,private_room,3,False,,/ đêm,975.918,₫975.918,16.0,True,,True,True,,,True,False,False,,,,,,,,,,,,,,True,,,,,,True,,,,True,,,,,,,
40692634,https://www.airbnb.com.vn/rooms/40692634,"5,0",Sa Pa,8,22.32399,103.84561,REGULAR,,Trạm Mountain View - Phòng cao cấp - 2 khách,private_room,3,False,,/ đêm,450.000,₫450.000,2.0,,,True,,True,,,False,False,,,,,,,True,,,,,,,,,,,,,True,,True,,,,,,,,,
15426154,https://www.airbnb.com.vn/rooms/15426154,"4,39",tt. Sa Pa,30,22.32738,103.8486,REGULAR,,Sapa Miku Đỉnh đồi phong cách WoW Hmong,private_room,49,False,,/ đêm,401.495,₫401.495,2.0,,True,True,,True,,,False,False,False,True,7,True,,True,,,,,,,,True,,,,,,True,,,,True,,,,,,,
845463683444226907,https://www.airbnb.com.vn/rooms/845463683444226907,,Sa Pa,10,22.257783768884025,103.8891401141882,REGULAR,,Homestay - Nhà hàng - Cà phê,private_room,,False,,/ đêm,570.589,₫570.589,4.0,,True,True,True,True,,True,False,False,,,,,,True,,,,True,,True,,,,,,,,,,,,,,,,,,,
733752806947974443,https://www.airbnb.com.vn/rooms/733752806947974443,,Sa Pa,20,22.33173,103.83938,REGULAR,,Liên Minh Hostel - Phòng 1 giường đôi bình dân,private_room,,False,,/ đêm,285.294,₫285.294,2.0,,True,True,True,,,,,,True,True,,True,,,True,,,,,,,True,,,,,,True,,,,,True,,,,,,
41728535,https://www.airbnb.com.vn/rooms/41728535,"4,71",Sa Pa,30,22.34093,103.84608,REGULAR,,Private Bungalow in Little Forest V3,entire_home,17,False,,/ đêm,1.312,₫1.312.354,4.0,,True,True,,True,,,False,,,,,,,True,,,,,True,,,True,,,,,,,,True,True,True,,,,,,,
30495943,https://www.airbnb.com.vn/rooms/30495943,"4,79",Bản Hồ,30,22.21669,103.94818,REGULAR,,Nhà Lily Family với tầm nhìn ra núi,private_room,45,False,,/ đêm,240.878,₫240.878,2.0,,,True,,,,,False,False,,,,,,True,,,,,True,,,True,,,,,,,,True,True,True,,,,,,,
824836419639092183,https://www.airbnb.com.vn/rooms/824836419639092183,,Sa Pa,15,22.30204,103.8932,REGULAR,,"Lều Glamping với View Núi, Ruộng Bậc Thang",private_room,,False,,/ đêm,1.140,₫1.140.036,4.0,True,,True,True,,,True,False,False,,,,,,,,,,True,,,,,,,,,True,,,True,,,,,,,True,,
598750120200779017,https://www.airbnb.com.vn/rooms/598750120200779017,"5,0",Sa Pa,28,22.33962,103.84063,REPRESENTATIVE,,Sapa Capsule Hotel -Sống thật chất - Ở thật vui,private_room,3,False,,/ đêm,,,1.0,,True,True,True,True,,True,False,,,,,,True,True,,,,,,,,,,,,,,True,,,,,,,,,,,
41469367,https://www.airbnb.com.vn/rooms/41469367,,Sa Pa,29,22.30723,103.87255,REGULAR,,Homestay Thanh Bình Và Độc Đáo Của Người Mông,private_room,,False,,/ đêm,268.177,₫268.177,16.0,True,True,True,,True,,,False,False,False,True,,,,,,,,True,,,False,,,,,,True,,,True,,,,,,,,,
581499381460094308,https://www.airbnb.com.vn/rooms/581499381460094308,"4,25",Ta Van,29,22.29918,103.89422,REGULAR,,Layla Room - Căn nhà thơ mộng cạnh suối,private_room,4,False,,/ đêm,,,3.0,,True,True,True,True,,,False,False,False,True,1,True,True,True,,,,,,True,,,,,,,,,,,,,,,,,,,
21034877,https://www.airbnb.com.vn/rooms/21034877,"3,33",tt. Sa Pa,13,22.31399,103.87673,REGULAR,,Phòng đôi Sapa Mama Bau Summit Lodge Hmong,private_room,3,False,,/ đêm,256.968,₫256.968,2.0,,True,True,,True,,,False,False,False,True,7,True,,True,,,,,True,,,True,,,,,,,,True,,,,,,,,,
593448914897815487,https://www.airbnb.com.vn/rooms/593448914897815487,,Ta Van,20,22.30436,103.88852,REGULAR,,4 phòng ngủ hấp dẫn ở tầng 2 của Sapa Riverside,private_room,,False,,/ đêm,2.111,₫2.111.177,10.0,,True,True,True,True,,True,False,False,,,,,True,,,,,,,True,,,,,,,,,,,,,,,,,,,
620150662762840598,https://www.airbnb.com.vn/rooms/620150662762840598,,Sa Pa,3,22.33547,103.84309,REGULAR,,Phòng đôi nhìn ra núi chia sẻ phòng bar,shared_room,,False,,/ đêm,568.993,₫568.993,2.0,,,True,,True,,True,False,False,,,,,True,,True,,,,,,,,,,,,True,True,,,,,,,True,,,,
30450760,https://www.airbnb.com.vn/rooms/30450760,"4,88",Sapa,30,22.29572,103.89324,REGULAR,,Nhà Indigo Batik - Phòng thông (phòng tắm riêng),private_room,42,False,,/ đêm,,,2.0,,True,True,,True,,,False,False,True,True,6,True,,True,,,,,,True,,True,,,,,,,,,,True,,,,,,,
813541531891087722,https://www.airbnb.com.vn/rooms/813541531891087722,,Sa Pa,24,22.34341,103.88705,REGULAR,,Nhà gỗ nhìn ra núi Sau Chua - nhìn thung lũng đào,private_room,,False,,/ đêm,743.788,₫743.788,2.0,,True,,True,True,,,False,False,,,,,,,,True,,,True,,,,,,,,,,,,,,,,,,,,
877725195848476242,https://www.airbnb.com.vn/rooms/877725195848476242,,Sin Suối Hồ,7,22.48108,103.51864,REGULAR,,Căn nhà bản địa người Mông Hoa,shared_room,,False,,/ đêm,,,1.0,,True,True,True,True,,,False,False,,,,,,,,True,,,,,,True,,,,,,,,,,,,,,,,,
823442445360429042,https://www.airbnb.com.vn/rooms/823442445360429042,,Thành phố Lào Cai,19,22.298784285058638,103.91066225164052,REGULAR,,Phòng riêng/giá tốt/tầm nhìn ra núi,private_room,,False,,/ đêm,272.741,₫272.741,2.0,True,,True,,,,,False,False,,,,,True,True,,,,True,,,,,,,,,True,,,True,True,,,,,,,,
21035228,https://www.airbnb.com.vn/rooms/21035228,,tt. Sa Pa,6,22.31319,103.87629,REGULAR,,Mama Bau big group Sapa trekking homestay,private_room,2,False,,/ đêm,294.401,₫294.401,2.0,,,True,,True,,,False,False,False,True,7,True,,True,,,,,True,,,True,,,,,,,,True,True,,,,,,,,
754961660875569789,https://www.airbnb.com.vn/rooms/754961660875569789,,Sa Pa,30,22.30373,103.88698,REGULAR,,Khách sạn cao nhất bản ôm trọn view Tả Van - Sa Pa,private_room,,False,,/ đêm,,,4.0,,,True,True,True,,True,,,,,,,,,True,True,,,,,,True,True,,,,,True,,,,,,,,,,,
39846197,https://www.airbnb.com.vn/rooms/39846197,,Thành phố Lào Cai,30,22.26378,103.96579,REGULAR,,bungalow nông thôn,private_room,1,False,,/ đêm,374.710,₫374.710,2.0,,True,True,True,True,,,False,False,False,True,4,,True,True,,,,,,,False,,,,,,,,,,,,,,,,,,
24192858,https://www.airbnb.com.vn/rooms/24192858,"4,7",tt. Sa Pa,9,22.33699,103.84867,REGULAR,,Greenland - Phòng 8: JASMINE,hotel_room,30,False,,/ đêm,573.977,₫573.977,2.0,,,True,,True,,True,False,,,,,,,,True,,,,,,,True,,,,,True,True,,,,True,,,True,,,,
23947696,https://www.airbnb.com.vn/rooms/23947696,"5,0",tt. Sa Pa,12,22.34655,103.85546,REPRESENTATIVE,,Chỗ nghỉ phục vụ bữa sáng Sapa Garden - Phòng đôi chính,private_room,5,False,,/ đêm,985.091,₫985.091,2.0,,True,True,,True,,,False,False,,,,,,,True,,,True,,,,True,,,,,,True,,,,True,,,,,,,
806162630766951757,https://www.airbnb.com.vn/rooms/806162630766951757,,Sa Pa,30,22.29862123766559,103.8940894780487,REGULAR,,La Maison | Phòng ngủ tập thể chung #02 @ Mountaineer house,shared_room,,False,,/ đêm,337.388,₫337.388,3.0,,True,True,,True,,,False,False,,,,,True,,,,,True,,True,,True,,,,,,,,,,,,,,,,,
41490773,https://www.airbnb.com.vn/rooms/41490773,,Ta Van,30,22.30156,103.89407,REGULAR,,Phòng Riêng | Ở cùng gia đình bản xứ bộ tộc hmong THỰC THỤ,private_room,,False,,/ đêm,455.019,₫455.019,2.0,,True,True,,True,,,False,False,False,True,,True,,True,,,,,True,,,True,,,,,,,,True,,,,,,,,,
779581754925454494,https://www.airbnb.com.vn/rooms/779581754925454494,,Sa Pa,30,22.3332324,103.8406375,REGULAR,,Núi Sapa-035 Fansipan,private_room,,False,,/ đêm,918.859,₫918.859,16.0,True,,True,True,,,True,False,False,,,,,,True,,,,,,,,True,,,,,,True,,,,,,,,,,,
47164984,https://www.airbnb.com.vn/rooms/47164984,"5,0",Ta Van,19,22.30021,103.89222,REGULAR,,Nhà sinh thái Mận - Bungalow với tầm nhìn moutain,private_room,10,False,,/ đêm,1.369,₫1.369.641,5.0,,True,True,True,True,,,False,False,False,True,2,,,True,,,,,,,False,True,,,,,,,,True,,,,,,,,,
887405464974780485,https://www.airbnb.com.vn/rooms/887405464974780485,,Sa Pa,8,22.3364043,103.8365628,REGULAR,,Green Homestay Sapa - Phòng Đôi,private_room,,False,,/ đêm,,,4.0,True,True,True,True,True,,True,,,,,,,True,,,,,,,True,,,True,,,,,True,,,,,,,,,,,
859812257416166989,https://www.airbnb.com.vn/rooms/859812257416166989,,tt. Sa Pa,11,22.332330199121362,103.84105665012358,REGULAR,,SapaTripleroom with garden view,private_room,,False,,/ đêm,674.563,₫674.563,3.0,,True,True,,True,,True,False,False,,,,,,True,,,,,,,,True,True,,True,,,,,,,,,,,,,,
