room_id,url,rating,city,contextualPicturesCount,lat,long,listingObjType,pdpUrlType,name,roomTypeCategory,reviewCount,isSuperHost,isVerified,yearHosting,canInstantBook,weeklyPriceFactor,structuredStayDisplayPrice,maxGuestCapacity,SYSTEM_LOCK_ON_DOOR,SYSTEM_FLOWER,SYSTEM_WI_FI,SYSTEM_WORKSPACE,SYSTEM_MAPS_CAR_RENTAL,SYSTEM_POOL,SYSTEM_JACUZZI,SYSTEM_PETS,SYSTEM_SNOWFLAKE,SYSTEM_SURVEILLANCE,price,price_full,SYSTEM_TV,SYSTEM_MICROWAVE,SYSTEM_BREAKFAST,SYSTEM_SMOKING_ALLOWED,SYSTEM_NO_LOCK_ON_DOOR,SYSTEM_VIEW_MOUNTAIN,SYSTEM_COOKING_BASICS,SYSTEM_WASHER,SYSTEM_NO_DETECTOR_CO2,SYSTEM_NO_DETECTOR_SMOKE,SYSTEM_VIEW_OCEAN,SYSTEM_PATIO_BALCONY,SYSTEM_LUGGAGE_DROP,SYSTEM_ELEVATOR,SYSTEM_HAIRDRYER,SYSTEM_EV_CHARGER,SYSTEM_DRYER,SYSTEM_BATHTUB,SYSTEM_FIREPIT,SYSTEM_FIREPLACE,SYSTEM_REFRIGERATOR,SYSTEM_VIEW_CITY,SYSTEM_MAPS_RESORT,SYSTEM_BOAT_SAIL,SYSTEM_SAUNA,SYSTEM_BEACH,SYSTEM_SKI
742622306357457020,https://www.airbnb.com.vn/rooms/742622306357457020,"4,97",Ninh Xuân,13,20.24431,105.92529,REGULAR,,Bungalow tại Trang An,private_room,34,True,True,9,False,,/ đêm,2,True,True,True,True,True,True,True,True,True,True,,,,,,,,,,,,,,,,,,,,,,,,,,,,,
33296223,https://www.airbnb.com.vn/rooms/33296223,"4,86",Ninh Bình,30,20.26493,105.94218,REGULAR,,Sống cùng gia đình bản xứ - Phòng đôi có ban công,private_room,28,True,True,4,False,,/ đêm,2,,,True,,True,,,True,True,,365.177,₫365.177,True,True,True,True,False,,,,,,,,,,,,,,,,,,,,,,
862778622028740408,https://www.airbnb.com.vn/rooms/862778622028740408,"5,0",Ninh Xuân,15,20.25848,105.9737,REGULAR,,Nhà gỗ hướng núi,private_room,4,True,True,9,False,,/ đêm,2,True,,True,True,True,True,True,True,True,True,,,,,,,,True,,,,,,,,,,,,,,,,,,,,,
870923884722320454,https://www.airbnb.com.vn/rooms/870923884722320454,,Ninh Xuân,16,20.245288412329025,105.92602539807558,REGULAR,,Phòng 4 người nhìn ra núi,private_room,,False,True,,False,,/ đêm,2,True,,True,True,True,True,,,True,,,,,,,,,,True,True,False,False,,,,,,,,,,,,,,,,,
39803953,https://www.airbnb.com.vn/rooms/39803953,"4,95",Hoa Lư,30,20.246,105.93603,REGULAR,,River-MountainView (2paxs)_NinhBinhValleMontanaHome,private_room,41,,,,False,,/ đêm,2,,True,True,,True,True,,,True,,471.306,₫471.306,,,,,,,,,False,False,True,True,True,,,,,,,,,,,,,,
875100969852766344,https://www.airbnb.com.vn/rooms/875100969852766344,,Thành phố Ninh Bình,30,20.26411,105.96757,REGULAR,,Beautiful balcony-central room,private_room,,,,,False,,/ đêm,2,,,True,True,True,,,,True,True,,,True,,,,,,True,,False,,True,,,True,,,,,,,,,,,,,
22776338,https://www.airbnb.com.vn/rooms/22776338,"4,6",,7,20.22774,105.93382,REGULAR,,Bungalow on the moutain,entire_home,25,,,,False,,/ đêm,2,,,True,True,True,True,,,True,,667.589,₫667.589,,,,,,True,,,False,False,,True,,,,,,,,,,,,,,,
25172648,https://www.airbnb.com.vn/rooms/25172648,"4,61",Ninh Hải,25,20.2197,105.93227,REGULAR,,"Sống cùng gia đình bản xứ Amira, Phòng đôi với tầm nhìn ra vườn",private_room,71,False,True,5,False,,/ đêm,2,True,,True,,True,,,,True,,353.765,₫353.765,,,,True,,,,,False,False,,,,,True,,,,,,,,,,,,
804265246683403719,https://www.airbnb.com.vn/rooms/804265246683403719,"4,63",Hoa Lư,24,20.21939,105.93176,REGULAR,,-10% homestay+ bữa sáng miễn phí,private_room,8,False,True,3,False,,/ đêm,2,True,,True,,True,True,,True,True,True,381.631,₫381.631,,,,,,True,,,False,False,,,,,,,,,,,,,,,,,
34078704,https://www.airbnb.com.vn/rooms/34078704,"4,89",,30,20.23719,105.93982,REGULAR,,Làng Ninh Bình 1990 Homestay & Bữa sáng,hotel_room,19,,,,False,,/ đêm,2,,,True,True,True,,,True,True,,267.664,₫267.664,,,,,,,True,True,,,,,,,,True,True,True,,,,,,,,,
887998754811565087,https://www.airbnb.com.vn/rooms/887998754811565087,,Ninh Xuân,30,20.25327,105.9338,REGULAR,,TrangAn Passion Homestay Ninh Binh,entire_home,,,,,False,,/ đêm,2,,,True,,True,True,,,True,,,,True,,,,,True,,,False,False,True,,,,,,,,True,,,,,,,,
41309775,https://www.airbnb.com.vn/rooms/41309775,"5,0",,30,20.24625,105.93246,REGULAR,,Homestay bên sườn núi Ninh Bình - Có bữa sáng,private_room,38,True,True,5,False,,/ đêm,2,True,,True,,True,,,,True,,,,,,True,,,,,,False,False,,,,,True,,,,,True,,,,,,,
858571468576215713,https://www.airbnb.com.vn/rooms/858571468576215713,,Ninh Hải,5,20.219829867399117,105.93927880432037,REGULAR,,Phòng đôi có tầm nhìn ra núi,private_room,,False,False,,False,,/ đêm,2,True,,True,True,True,True,,,True,True,,,,,,,,,,,False,False,,,,,True,,,,,,,,,,,,
23623743,https://www.airbnb.com.vn/rooms/23623743,"4,94",,23,20.2152,105.92899,REGULAR,,Nội trợ tuyệt vời - Nhà cọ Tam Cốc - Phòng sinh đôi,private_room,53,True,True,5,False,,/ đêm,2,,,,,,,,,True,,,,,,True,,False,,,,False,False,,,,,True,,,,,,,,,,,,
38954023,https://www.airbnb.com.vn/rooms/38954023,"4,88",Ninh Bình,30,20.26385,105.95123,REGULAR,,Sống cùng gia đình bản xứ quý giá Tràng An,private_room,51,True,True,4,False,,/ đêm,3,True,True,True,True,True,,,,,True,,,,,,,,,True,,False,,True,,,,,,,,,,,,,,,,
873050276920199445,https://www.airbnb.com.vn/rooms/873050276920199445,,Thành phố Ninh Bình,13,20.2497702,105.9776501,REGULAR,,Room with pool view in tam coc,private_room,,,,,False,,/ đêm,2,,,True,,,True,,True,True,,456.471,₫456.471,,,,True,,,,,False,False,,,,,,,,,,,,,,,,,
38074845,https://www.airbnb.com.vn/rooms/38074845,"4,76",Ninh Bình,27,20.24541,105.93608,REGULAR,,Phòng King Sống cùng gia đình bản xứ sang trọng 1: WIFi nhanh,private_room,21,False,True,4,False,,/ đêm,2,True,,True,,True,,,True,,True,,,,,,,,True,True,True,False,False,,,,,,,,,,,,,,,,,
26877478,https://www.airbnb.com.vn/rooms/26877478,"4,95",Hoa Lư,30,20.24496,105.93375,REGULAR,,Homestay bên sườn núi Ninh Bình - Có bữa sáng,private_room,212,,,,False,,/ đêm,2,,True,True,,True,,,,True,,535.327,₫535.327,,,,,,,,,False,False,,True,,,True,,,,,True,True,,,,,,
720182241418513027,https://www.airbnb.com.vn/rooms/720182241418513027,"4,85",Ninh Xuân,15,20.24347196240488,105.92644208413084,REGULAR,,Nhà gỗ tại Trang An,private_room,13,True,True,9,False,,/ đêm,2,True,True,True,True,True,True,,,,True,,,,,,,,,,,False,False,True,,,,,,,,,,,,,,,,
39570968,https://www.airbnb.com.vn/rooms/39570968,"4,98",Ninh Bình,30,20.24664015886701,105.93531363774487,REGULAR,,Superiorwithbreakfast-NinhBinhValleMontanahomestay,private_room,55,,,,False,,/ đêm,2,,,True,True,True,True,,,True,,471.306,₫471.306,,,,,,,True,True,False,False,True,,,,,,,,,,,,,,,,
53472178,https://www.airbnb.com.vn/rooms/53472178,"4,84",Ninh Xuân,30,20.24382,105.92684,REGULAR,,Bungalow đôi,private_room,31,True,True,1,False,,/ đêm,2,True,,True,True,True,,True,,,,924.353,₫924.353,True,,,,,True,,,False,False,,,,,,True,,,,,,,,,,,
38206975,https://www.airbnb.com.vn/rooms/38206975,"4,67",Ninh Bình,27,20.24949,105.97521,REGULAR,,Phòng đôi cho gia đình bản xứ sang trọng m2: WIFI miễn phí,private_room,9,False,True,4,False,,/ đêm,2,True,,True,True,True,,,True,,True,,,,,,,,,True,True,False,False,,,,,,,,,,,,,,,,,
26891526,https://www.airbnb.com.vn/rooms/26891526,"4,95",Ninh Bình,30,20.26451,105.92898,REGULAR,,Gia đình bản xứ Yên Bình,entire_home,94,,,,False,,/ đêm,5,,True,True,,True,,,,True,,1.027,₫1.027.059,True,,,,,,True,True,False,False,,,,,True,,,,,,,,,,,,
864248797385876879,https://www.airbnb.com.vn/rooms/864248797385876879,,Thành phố Ninh Bình,6,20.2431,105.97509,REGULAR,,Double room near Ninh Binh Train Station,private_room,,,,,False,,/ đêm,2,,,True,True,,,,,True,,,,True,,,,,,,,,,,,,,,,,,,,,,,,,,
31889325,https://www.airbnb.com.vn/rooms/31889325,"4,83",Tỉnh Ninh Bình,14,20.21649,105.93853,REGULAR,,Tam Cốc - Phòng có ban công và nhà vệ sinh bên ngoài,private_room,6,True,True,4,False,,/ đêm,2,,,True,,True,,,True,True,,292.712,₫292.712,,,,,False,,True,True,False,False,,,,,,,True,,,,,,,,,,
44261169,https://www.airbnb.com.vn/rooms/44261169,,Hoa Lư,30,20.23959,105.93262,REGULAR,,Bungalow Tràng An ven hồ,private_room,1,False,True,6,False,,/ đêm,16,,,True,True,True,True,,True,True,True,1.141,₫1.141.177,,,,,False,,True,,,,True,,,,,,,,,,,,,,,,
31404385,https://www.airbnb.com.vn/rooms/31404385,"4,88",Ninh Bình,30,20.2655,105.94266,REGULAR,,Sống cùng gia đình bản xứ của anh trai Ninh Bình,entire_home,42,,,,False,,/ đêm,16,,True,True,True,True,,True,True,,True,330.941,₫330.941,True,,,,,True,True,,,,,,,,,,,,,,,,,,,,
36281871,https://www.airbnb.com.vn/rooms/36281871,"4,78",Ninh Bình,30,20.24205,105.97379,REGULAR,,Khách sạn Cozy Son là sự lựa chọn lý tưởng của bạn,private_room,27,,,,False,,/ đêm,16,,,True,,True,,,True,True,True,336.647,₫336.647,True,,,,,,True,True,False,,,,,,,,True,,,,,,,,,,
877401403359529555,https://www.airbnb.com.vn/rooms/877401403359529555,,Thành phố Ninh Bình,30,20.26245,105.96584,REGULAR,,Cozy central room in the city,private_room,,,,,False,,/ đêm,2,,,True,True,True,,,,True,True,,,,,,,,,True,,False,,True,True,,True,,,,,,,,,,,,,
39348682,https://www.airbnb.com.vn/rooms/39348682,"4,86",Hoa Lư,30,20.2173,105.92922,REGULAR,,Biệt thự Tam Cốc Amanda,private_room,28,True,True,4,False,,/ đêm,16,,True,True,,True,True,,True,,,399.412,₫399.412,True,,,,False,True,True,,,False,,,,,,,,,,,,,,,,,
33007596,https://www.airbnb.com.vn/rooms/33007596,"4,99",Hoa Lư,18,20.24383,105.93713,REGULAR,,Hà Lan Homestay - Phòng đôi với bữa sáng miễn phí,hotel_room,114,,,,False,,/ đêm,2,,,True,,True,,,,True,,434.523,₫434.523,,,True,,,,,,False,False,,,,,True,,,,,,,,,,,,
763613745479437363,https://www.airbnb.com.vn/rooms/763613745479437363,"4,85",Ninh Xuân,13,20.246379941059626,105.93785662204027,REGULAR,,Phòng3 người có ban công hướng núi,private_room,13,False,True,5,False,,/ đêm,3,True,True,True,True,True,,,,,True,,,,,,,,True,True,,False,False,,,,,,,,,,,,,,,,,
788939607486493485,https://www.airbnb.com.vn/rooms/788939607486493485,"5,0",Ninh Xuân,29,20.245853470454723,105.93211340527954,REGULAR,,The View Point - Phòng Deluxe với tầm nhìn ra núi,private_room,4,False,True,2,False,,/ đêm,2,True,,True,True,True,True,,True,,,924.353,₫924.353,True,,,,,,True,,False,False,,,,,,,,,,,,,,,,,
24237640,https://www.airbnb.com.vn/rooms/24237640,"4,95",,30,20.24629,105.93386,REGULAR,,"Phòng ngắm hồ bơi với bữa sáng, xe đạp và hồ bơi miễn phí",hotel_room,122,,,,False,,/ đêm,4,,True,True,,True,True,,True,True,,,,,,,,,,,True,,,True,True,,,,,True,,,,,,,,,,
40962606,https://www.airbnb.com.vn/rooms/40962606,"4,92",Hoa Lư,10,20.21531,105.93653,REGULAR,,Nhà sinh thái Tamcoc - Phòng Basil,private_room,12,True,True,4,False,,/ đêm,2,,True,True,True,True,,,True,True,,336.647,₫336.647,,,,,False,,True,,False,False,,,,,,,,,,,,,,,,,
650330682687394532,https://www.airbnb.com.vn/rooms/650330682687394532,"4,79",Ninh Hải,26,20.2178,105.93509,REGULAR,,Vườn và Hồ bơi Phòng Duyên Dáng - Thuyền TamCoc gần đó,private_room,19,True,True,5,False,,/ đêm,2,True,True,True,,True,True,,,True,,483.530,₫483.530,,,,,,,,True,False,False,,,,,,,True,,,,,,,,,,
36662774,https://www.airbnb.com.vn/rooms/36662774,"4,97",Ninh Bình,30,20.27671,105.93717,REGULAR,,Sống cùng gia đình bản xứ Tre Xanh,entire_home,36,,,,False,,/ đêm,7,,True,True,True,True,,True,,True,,308.118,₫308.118,True,,,,,True,,True,,,,,,,,,,True,,,,,,,,,
37921846,https://www.airbnb.com.vn/rooms/37921846,"5,0",Ninh Bình,10,20.21622,105.93869,REGULAR,,TRUNG tâm TAMCOC - Phòng đôi sang trọng với giường King,private_room,7,True,True,4,False,,/ đêm,2,,,True,,True,,,True,True,,330.941,₫330.941,,,,,False,,True,True,False,False,,,,,,,True,,,,,,,,,,
25267792,https://www.airbnb.com.vn/rooms/25267792,"4,62",Hoa Lư,24,20.21823,105.9344,REGULAR,,"Sống cùng gia đình bản xứ Amira, phòng SINH đôi với tầm nhìn ra vườn",private_room,13,False,True,5,False,,/ đêm,2,True,,True,,True,,,,True,,365.177,₫365.177,,,,,,,,,False,False,,,,,True,,,,,,,,,,,,
33711169,https://www.airbnb.com.vn/rooms/33711169,"4,94",,30,20.263978958129883,105.95145416259766,REGULAR,,Trang An Precious Homestay,private_room,17,True,True,4,False,,/ đêm,2,True,,True,True,True,,,True,,,400.553,₫400.553,,,,,,,True,True,False,False,,,,,,,True,,,,,,,,,,
42745572,https://www.airbnb.com.vn/rooms/42745572,"4,85",Hoa Lư,17,20.21596,105.93842,REGULAR,,Tam Cốc Serene Bungalow (vườn và hồ bơi xanh),entire_home,34,,,,False,,/ đêm,2,,,True,,True,True,,True,True,,536.353,₫536.353,,,,,,,,True,False,,True,True,,,,,True,,,,,,,,,,
29254098,https://www.airbnb.com.vn/rooms/29254098,"4,72",Hoa Lư District,25,20.2157,105.93647,REGULAR,,Vườn hai phòng hai giường đơn và hồ bơi - thuyền TamCoc gần đó,private_room,36,,,,False,,/ đêm,2,,True,True,,,True,,,True,,482.683,₫482.683,,,True,,,,,True,False,False,,,True,,True,,,,,,,,,,,,
796080805297807765,https://www.airbnb.com.vn/rooms/796080805297807765,"4,8",Ninh Xuân,22,20.2390625,105.9349375,REGULAR,,Cổng gỗ Ninh Bình - phòng ngủ cỡ King,private_room,5,,,,False,,/ đêm,2,,True,True,True,True,True,,,,True,1.673,₫1.673.009,,,,,,,True,,False,False,,,,,,,,,,,,,,,,,
763624507604593462,https://www.airbnb.com.vn/rooms/763624507604593462,,Ninh Bình,30,20.25126,105.97498,REGULAR,,"Giường tầng, tầm nhìn ra vườn, bữa sáng miễn phí cho 1 người",shared_room,,,,,False,,/ đêm,1,,True,True,True,True,,,True,True,True,,,,,,,,,,,False,False,True,,,,,,,,,,,,,,,,
38884264,https://www.airbnb.com.vn/rooms/38884264,"4,93",,19,20.24476,105.93676,REGULAR,,Mountain View Room with free breakfast,private_room,14,,,,False,,/ đêm,2,,,True,,True,,,,True,,524.867,₫524.867,,,True,,,,True,,False,False,,True,,,True,,,,,,,,,,,,
41309323,https://www.airbnb.com.vn/rooms/41309323,"4,97",Hoa Lư,30,20.24671,105.93365,REGULAR,,Homestay bên sườn núi Ninh Bình - Có bữa sáng,private_room,62,,,,False,,/ đêm,2,,True,True,,True,True,,,True,,535.327,₫535.327,,,,,,,,,False,False,,True,,,True,,,,,True,,,,,,,
33354391,https://www.airbnb.com.vn/rooms/33354391,"5,0",Ninh Bình,30,20.263940811157227,105.95125579833984,REGULAR,,Nhà Gỗ Cổ-Hai phòng gỗ cạnh nhau hướng ra vườn,entire_home,4,,,,False,,/ đêm,6,,True,True,True,True,,,True,,,883.271,₫883.271,,,,,,,True,,False,False,True,,,,,,,,,,,,,,,,
41388047,https://www.airbnb.com.vn/rooms/41388047,"4,76",Hoa Lư,19,20.21746,105.93772,REGULAR,,Giường đôi Tam Cốc - Ngắm vườn & Bữa sáng miễn phí,private_room,17,,,,False,,/ đêm,2,,True,True,,True,,,,True,,570.589,₫570.589,,,,,,True,,,False,False,,,,,True,,True,,,,,,,,,,
31200483,https://www.airbnb.com.vn/rooms/31200483,"4,68",Ninh Bình,30,20.263891220092773,105.95138549804688,REGULAR,,TRANG AN PRECIOUS HOMESTAY,entire_home,25,,,,False,,/ đêm,8,,True,True,True,True,,,True,,,1.288,₫1.288.959,,,,,,,True,,False,False,True,,,,,,,,,,,,,,,,
36832151,https://www.airbnb.com.vn/rooms/36832151,"4,86",,30,20.27667,105.9372,REGULAR,,Homestay Tre Xanh - Phòng giường cỡ King có phòng tắm riêng,private_room,7,True,True,4,False,,/ đêm,2,True,True,True,True,True,,,,True,,308.118,₫308.118,,,,,,True,True,True,,,,,,,,,,True,,,,,,,,,
851715170617281326,https://www.airbnb.com.vn/rooms/851715170617281326,,Ninh Hải,30,20.21616,105.93621,REGULAR,,Hanahnas Hotel với tầm nhìn thứ hai.,private_room,,,,,False,,/ đêm,2,,,True,True,True,,,,True,True,268.202,₫268.202,,,,,,,True,True,False,False,,True,,,,,,,,,,,,,,,
36892799,https://www.airbnb.com.vn/rooms/36892799,"4,33",Hoa Lư,7,20.21664,105.93671,REGULAR,,Phòng đẹp ngắm núi.,private_room,15,False,True,4,False,,/ đêm,2,True,,True,True,True,,,,True,,347.972,₫347.972,,,,,,,True,,False,,True,,,,,,,,,,,True,,,,,
888043805485035656,https://www.airbnb.com.vn/rooms/888043805485035656,,Sơn Trạch,20,20.39231,106.40216,REGULAR,,Stunning container home,private_room,,,,,False,,/ đêm,2,,,True,True,True,,,True,,True,,,,,,,,,True,True,False,False,,,,,,,True,,,,,,,,,,
15158961,https://www.airbnb.com.vn/rooms/15158961,"4,43",Ninh Bình,7,20.22726058959961,105.93325805664062,REGULAR,,Chezbeo Homestay #10- Phòng trăng mật,entire_home,47,,,,False,,/ đêm,2,,,True,,True,,,True,True,,722.682,₫722.682,,,,,,True,,True,False,False,True,True,,,,,,,,,,,,,,,
632009464893710003,https://www.airbnb.com.vn/rooms/632009464893710003,,Ninh Bình,30,20.23751,105.94057,REGULAR,,Làng Ninh Bình 1990 Homestay & Bữa sáng,private_room,,,,,False,,/ đêm,2,,,True,True,True,,,True,,,270.570,₫270.570,True,,,,,,True,True,False,False,,,,,,True,,,,,,,,,,,
33261234,https://www.airbnb.com.vn/rooms/33261234,"5,0",Ninh Bình,23,20.26435,105.94101,REGULAR,,Gia đình bản xứ của anh trai Ninh Bình - Phòng đôi,private_room,4,True,True,4,False,,/ đêm,2,,,True,,True,,,True,True,,308.118,₫308.118,True,,True,True,False,,,,,,,,,,True,,,,,,,,,,,,
31474367,https://www.airbnb.com.vn/rooms/31474367,"4,99",Tỉnh Ninh Bình,15,20.2159,105.93816,REGULAR,,SỐNG CÙNG GIA ĐÌNH BẢN xứ CENTER TAM COC - Phòng đôi có ban công,private_room,97,True,True,4,False,,/ đêm,2,True,,True,,True,,,True,True,,342.353,₫342.353,,,,,,,True,True,False,False,,,,,,,True,,,,,,,,,,
23199769,https://www.airbnb.com.vn/rooms/23199769,"4,96",,30,20.24594,105.93183,REGULAR,,Homestay bên sườn núi Ninh Bình - Có bữa sáng,private_room,140,,,,False,,/ đêm,2,,True,True,,True,,,,True,,535.327,₫535.327,,,True,,,,,,False,False,,True,,,True,,,,,,True,,,,,,
47259609,https://www.airbnb.com.vn/rooms/47259609,"5,0",Hoa Lư,12,20.21201,105.93553,REGULAR,,phòng đôi,entire_home,7,,,,False,,/ đêm,2,,,True,True,True,,,True,True,,608.818,₫608.818,,,,,,,True,True,False,False,,,,,,,True,,,,,,,,,,
30247468,https://www.airbnb.com.vn/rooms/30247468,"4,93",Hoa Lư,25,20.21481,105.93489,REGULAR,,Bungalow double w/ view vườn 5 phút đến Tam Cốc#2,private_room,92,True,True,5,False,,/ đêm,2,True,,True,True,True,,,,True,,642.373,₫642.373,,,True,True,,,,,False,False,,,,,True,,,,,,,,,,,,
39804142,https://www.airbnb.com.vn/rooms/39804142,"4,95",Ninh Bình,30,20.24659,105.93525,REGULAR,,Freshair-Fishing(2paxs)_NinhBinhValleMontanaHome,private_room,19,True,True,4,False,,/ đêm,2,True,,True,True,True,True,,,,,467.379,₫467.379,,,,,,True,,,False,False,True,,,,,,,,,,,,,,,,
26866147,https://www.airbnb.com.vn/rooms/26866147,"4,95",Hoa Lư,30,20.24519,105.93293,REGULAR,,Ninh Bình Mountain Side Homestay - Xe đạp miễn phí,private_room,87,True,True,5,False,,/ đêm,4,True,True,True,,True,,,,True,,535.327,₫535.327,,,,,,,,,False,False,,,,,True,,,,,True,True,,,,,,
869133918664793750,https://www.airbnb.com.vn/rooms/869133918664793750,,Ninh Xuân,16,20.24881996760543,105.93234468251467,REGULAR,,Tràng An Np homestay,private_room,,False,True,,False,,/ đêm,2,True,,True,True,True,True,,,True,True,,,,,,,,,True,,False,False,,,,,,,,,,,,,,,,,
887204308456288679,https://www.airbnb.com.vn/rooms/887204308456288679,,Trường Yên,6,20.2567326800566,105.92439797213856,REGULAR,,Tràng An Ecologe Ninh Bình,private_room,,,,,False,,/ đêm,10,,,True,,True,True,True,True,True,True,,,,,,True,,,,,False,False,,,,,,,,,,,,,,,,,
31473811,https://www.airbnb.com.vn/rooms/31473811,"4,88",Tỉnh Ninh Bình,17,20.21644,105.93856,REGULAR,,TRUNG tâm TAMCOC -Deluxe Phòng đôi với Garden View,private_room,33,True,True,4,False,,/ đêm,2,,,True,,True,,,True,True,,342.353,₫342.353,,,,,False,,True,True,False,False,,,,,,,True,,,,,,,,,,
45583230,https://www.airbnb.com.vn/rooms/45583230,"4,82",Thành phố Ninh Bình,30,20.21739,105.94955,REGULAR,,Phòng đôi - gần tam cocain - bữa sáng miễn phí,entire_home,11,,,,False,,/ đêm,16,,,True,True,True,True,,True,,,741.765,₫741.765,,,,,,True,True,True,False,False,,,,,,,,,,,,,,,,,
22455564,https://www.airbnb.com.vn/rooms/22455564,"4,92",,30,20.24612,105.93309,REGULAR,,"Phòng view núi gần Tràng An, Free bể bơi & ăn sáng",private_room,98,,,,False,,/ đêm,3,,True,True,True,True,True,,True,,,,,,,,,,,,True,,,True,,,,,,True,,,,,,,,,,
33007151,https://www.airbnb.com.vn/rooms/33007151,"4,97",Hoa Lư,21,20.24329,105.93704,REGULAR,,Family Room with Mountain View Free Breakfast,private_room,72,,,,False,,/ đêm,3,,,True,,True,,,,True,,536.927,₫536.927,,,True,,,,,,False,False,,,,,True,,,,,,True,,,,,,
709670918636467294,https://www.airbnb.com.vn/rooms/709670918636467294,"4,82",Ninh Xuân,20,20.2349121,105.9402457,REGULAR,,Cổng gỗ Ninh Bình - phòng ngủ cỡ King,private_room,22,,,,False,,/ đêm,2,,True,True,True,True,True,True,,,,1.666,₫1.666.301,,,,,,,True,,False,False,True,,,,,,,,,,,,,,,,
21761449,https://www.airbnb.com.vn/rooms/21761449,"4,87",Thành phố Ninh Bình,30,20.21743,105.95216,REGULAR,,Sống cùng người bản xứ mới,private_room,15,False,True,5,False,,/ đêm,9,,True,True,True,True,,,True,,True,,,,,,,False,,True,,,,True,,,,,,,,,,,,,,,,
842469953407857346,https://www.airbnb.com.vn/rooms/842469953407857346,,Ninh Xuân,14,20.247403622061928,105.93410896878662,REGULAR,,Bugalow tại Ninh Binh,private_room,,,,,False,,/ đêm,2,,True,True,True,True,True,True,True,True,True,,,,,,,,,,,,,,,,,,,,,,True,,,,,,,
24297454,https://www.airbnb.com.vn/rooms/24297454,"4,87",,19,20.22105,105.93883,REGULAR,,"Zuli ZenHome, hướng nhìn ra núi ở Tam Cốc #1",private_room,39,,,,False,,/ đêm,2,,,True,,True,,,True,True,,481.803,₫481.803,,,,True,,,True,,False,False,,True,,,True,,,,,,,,,,,,
877354344384694389,https://www.airbnb.com.vn/rooms/877354344384694389,,Thành phố Ninh Bình,30,20.26344,105.96731,REGULAR,,Cozy lovely room in the center,private_room,,False,True,,False,,/ đêm,2,True,,True,True,True,,,,,True,,,True,,,,,,True,,False,,True,,,True,,,,,,,,,,,,,
53472392,https://www.airbnb.com.vn/rooms/53472392,"4,88",Ninh Bình,30,20.25019,105.97502,REGULAR,,Gia đình Bungalow có bồn tắm,private_room,16,,,,False,,/ đêm,4,,,True,True,True,,True,True,,,1.202,₫1.202.801,True,,,,,True,,,False,False,,,,,,,,,,,,,True,,,,
32967243,https://www.airbnb.com.vn/rooms/32967243,"4,97",Hoa Lư,21,20.24439,105.93724,REGULAR,,Mountain View Room with Free Breakfast,private_room,76,,,,False,,/ đêm,2,,,True,,True,,,,True,,537.420,₫537.420,,,True,,,,,,False,False,,True,,,True,,,,,,,,,,,,
22878974,https://www.airbnb.com.vn/rooms/22878974,"4,91",,30,20.2152,105.92899,REGULAR,,Sống cùng gia đình bản xứ tuyệt vời - Nhà cọ Tam Cốc,private_room,128,,,,False,,/ đêm,2,,True,True,,True,,,,True,,602.541,₫602.541,,,,,,,,True,False,False,,,True,,,,True,,,True,,,,,,,
39718330,https://www.airbnb.com.vn/rooms/39718330,"5,0",Hoa Lư,30,20.2456,105.9358,REGULAR,,Gia đình (4paxs-bữa sáng)-NinhBinhValleMontanaHome,private_room,3,True,True,4,False,,/ đêm,4,True,True,True,,True,True,,,True,,741.765,₫741.765,,,,,,,,,False,False,True,True,,,,,,,,,,,,,,,
38206821,https://www.airbnb.com.vn/rooms/38206821,"3,86",Ninh Bình,27,20.24946,105.97395,REGULAR,,Phòng đôi Sống cùng gia đình bản xứ sang trọng 1: WIFI miễn phí,private_room,7,False,True,4,False,,/ đêm,2,True,,True,,True,,,True,,True,,,,,,,,,True,True,False,False,,,,,,,True,,,,,,,,,,
788066030410832017,https://www.airbnb.com.vn/rooms/788066030410832017,,Ninh Giang,21,20.31032016701033,105.93477273396864,REGULAR,,Bungalow,private_room,,,,,False,,/ đêm,4,,True,True,True,True,True,,,,True,970.000,₫970.000,True,,,,,,True,,False,False,,,,,,,,,,,,,,,,,
860655986656256158,https://www.airbnb.com.vn/rooms/860655986656256158,,Ninh Bình,19,20.24617,105.93468,REGULAR,,Kong's Homestay- Free Breakfast,private_room,,,,,False,,/ đêm,2,,,True,True,True,True,,,True,True,,,,,,,,,True,True,False,False,,,,,,,,,,,,,,,,,
18512859,https://www.airbnb.com.vn/rooms/18512859,"4,88",hoa lư,30,20.24552,105.93327,REGULAR,,Phòng riêng gần Tràng An  & Hang Múa có bể bơi,hotel_room,210,,,,False,,/ đêm,2,,,True,True,True,True,,True,True,,,,,,,,,,,True,,,True,True,,,,,True,,,,,,,,,,
53849139,https://www.airbnb.com.vn/rooms/53849139,"4,63",Ninh Xuân,30,20.246,105.92496,REGULAR,,Bungalow có 2 phòng ngủ,private_room,8,,,,False,,/ đêm,6,,,True,,True,,,,True,True,1.460,₫1.460.707,,,,,,True,,,False,False,,True,,,True,,,,True,,,,,,,,
23445094,https://www.airbnb.com.vn/rooms/23445094,"4,95",,30,20.24671,105.93249,REGULAR,,PHÒNG ngắm núi với xe đạp VÀ hồ bơi miễn phí bữa sáng,private_room,61,,,,False,,/ đêm,3,,True,True,,True,True,,True,True,,,,,,,,,,,True,,,True,,,,,,True,,,,,,,,,,
42373025,https://www.airbnb.com.vn/rooms/42373025,"4,7",Thành phố Ninh Bình,30,20.24161,105.97498,REGULAR,,Sống cùng gia đình bản xứ tại Vườn Tràng An,private_room,10,,,,False,,/ đêm,2,,True,True,,True,,True,True,True,,399.412,₫399.412,,,,,,True,True,True,,,,True,,,,,,,,,,,,,,,
35403920,https://www.airbnb.com.vn/rooms/35403920,,Ninh Thắng,30,20.21853,105.94841,REGULAR,,Gấp đôi sang trọng với chế độ xem vườn,private_room,,,,,False,,/ đêm,2,,,True,,True,True,True,,True,,456.471,₫456.471,True,,,,,,True,True,,,,,,,,,True,,,True,,,,,,,
801886739044015627,https://www.airbnb.com.vn/rooms/801886739044015627,,Ninh Xuân,21,20.23874,105.93392,REGULAR,,Cổng gỗ - Biệt thự Hygge cho đại gia đình,private_room,,,,,False,,/ đêm,6,,True,True,True,True,True,True,,,,3.645,₫3.645.746,,,,,,,True,,False,False,True,,,,,,,,,,,,,,,,
839492363847085376,https://www.airbnb.com.vn/rooms/839492363847085376,,Ninh Hải,25,20.21872,105.93435,REGULAR,,Sunny Room Garden & Pool - Thuyền TamCoc gần đó,private_room,,,,,False,,/ đêm,2,,True,True,,,True,,,True,,483.530,₫483.530,,,True,,,,,True,False,False,,,True,,True,,,,,,,,,,,,
845949499798075355,https://www.airbnb.com.vn/rooms/845949499798075355,,Thành phố Ninh Bình,5,20.24044,105.96755,REGULAR,,Phòng nhỏ có ban công riêng,private_room,,,,,False,,/ đêm,2,,,True,,True,,,,True,True,351.189,₫351.189,,,,,,,,,False,False,,True,,,,,,,,,,,,,,,
723424238611800373,https://www.airbnb.com.vn/rooms/723424238611800373,,Thành phố Nam Định,9,20.4319711,106.1792747,REGULAR,,Nhà phố truyền thống ở Nam Định,private_room,,False,True,,False,,/ đêm,2,,,True,True,,,,,True,,487.407,₫487.407,True,,,,False,,True,True,,False,,,True,,True,,,,,,,,,,,,
39801510,https://www.airbnb.com.vn/rooms/39801510,,Hoa Lư,30,20.2466,105.93523,REGULAR,,Fishing-stay(2 paxs) -NinhBinhValleMontanaHomestay,private_room,1,True,True,4,False,,/ đêm,2,True,True,True,,True,True,,,True,,,,,,,,,,,,False,False,True,True,,,,,,,,,,,,,,,
25173358,https://www.airbnb.com.vn/rooms/25173358,"4,71",Hoa Lư,23,20.21772,105.93246,REGULAR,,"Sống cùng gia đình bản xứ Amira, Phòng dành cho gia đình có tầm nhìn ra vườn",private_room,17,False,True,5,False,,/ đêm,3,True,,True,,True,,,,True,,,,,,,True,,,,,False,False,,,True,,True,,,,,,,,,,,,
881336054544803267,https://www.airbnb.com.vn/rooms/881336054544803267,,Thành phố Ninh Bình,30,20.264,105.96711,REGULAR,,Panorama room in the city center,private_room,,,,,False,,/ đêm,2,,,True,True,True,,,,True,True,,,True,,,,,,True,,False,,True,,,True,,,,,,,,,,,,,
27531592,https://www.airbnb.com.vn/rooms/27531592,"4,77",Hoa Lư,30,20.25264,105.92522,REGULAR,,Bungalow Trung tâm Tràng An,private_room,43,False,True,6,False,,/ đêm,14,,,True,True,True,True,,True,True,,741.765,₫741.765,,,,,False,,True,,,,True,True,,,,,,,,,,,,,,,
40275041,https://www.airbnb.com.vn/rooms/40275041,"4,33",H. Hoa Lư,26,20.21537,105.93645,REGULAR,,Tam Coc Ninh Bình Vietnam - Tam Coc Cozy Homestay,private_room,3,False,True,3,False,,/ đêm,16,,,True,,True,,,True,True,,,,,,,,False,,True,True,False,False,,,,,,,True,,,,,,,,,,
860656254037075150,https://www.airbnb.com.vn/rooms/860656254037075150,,Ninh Bình,10,20.246698590507823,105.9337642416358,REGULAR,,Mountain View - Bữa sáng miễn phí,private_room,2,False,True,2,False,,/ đêm,2,True,,True,True,True,True,True,,,True,570.589,₫570.589,,,,,,True,,True,False,,,,,,,,,,,,,,,,,,
845949931018527565,https://www.airbnb.com.vn/rooms/845949931018527565,"4,33",Thành phố Ninh Bình,8,20.239703243485792,105.96872683614492,REGULAR,,Diep 's House - Double City View,private_room,3,False,False,4,False,,/ đêm,2,True,,True,,True,,,,True,True,285.294,₫285.294,,,,,,,,,False,False,,,,,,,,,,,,,,,,,
35394528,https://www.airbnb.com.vn/rooms/35394528,,Ninh Bình,30,20.25157,105.97417,REGULAR,,Phòng dành cho gia đình,private_room,,,,,False,,/ đêm,4,,,True,,True,True,True,True,True,,399.412,₫399.412,,,,,,,True,True,,,,,,,,True,True,,,,,,,,,,
881095947237692275,https://www.airbnb.com.vn/rooms/881095947237692275,,Hoa Lư,6,20.24733785074131,105.97932,REGULAR,,Deluxe Double Room with balcony 205,private_room,,False,True,,False,,/ đêm,2,True,True,True,True,True,True,,,,,,,True,,,,,,True,True,,,,,,,,,True,,,,,,,,,,
43334672,https://www.airbnb.com.vn/rooms/43334672,,Thành phố Nam Định,7,20.43549,106.15603,REGULAR,,Khách sạn Malisa Deluxe,private_room,,,,,False,,/ đêm,2,,,True,,True,,,,True,,570.589,₫570.589,True,,,,,,,True,False,,,,,,True,,True,,,True,True,,,,,,
24085998,https://www.airbnb.com.vn/rooms/24085998,"3,67",,30,20.21843,105.93354,REGULAR,,Sống cùng gia đình bản xứ Amira - Phòng đơn,private_room,3,False,True,5,False,,/ đêm,1,True,,True,,True,,,True,True,,,,,,,,,,,,False,False,,,True,,True,,True,,,,,,,,,,
39901515,https://www.airbnb.com.vn/rooms/39901515,,Ninh Bình,12,20.23012,105.93636,REGULAR,,Đó là thiên nhiên thực sự,private_room,,,,,False,,/ đêm,4,,,True,,True,,,True,,True,,,,,True,True,,,,,False,False,,,,,True,,,,,,,,,,,,
53385817,https://www.airbnb.com.vn/rooms/53385817,"5,0",Hoa Lư,30,20.247,105.93384,REGULAR,,gia đình bungalow,private_room,5,,,,False,,/ đêm,4,,,True,True,True,,True,,,,1.160,₫1.160.197,True,,,,,True,,True,False,False,,,,,,True,,,,,,,,,,,
32022962,https://www.airbnb.com.vn/rooms/32022962,"4,65",Hoa Lư District,13,20.21407,105.93731,REGULAR,,Nhà sinh thái Tamcoc - Coriander house,private_room,20,True,True,4,False,,/ đêm,2,True,True,True,,True,,,True,True,,365.177,₫365.177,,,,,,,True,,False,False,,True,,,,,,,,,,,,,,,
876233926005036204,https://www.airbnb.com.vn/rooms/876233926005036204,,Thành phố Ninh Bình,6,20.25031,105.9624,REGULAR,,Aroma homestay Ninh Bình,private_room,,,,,False,,/ đêm,10,,True,True,True,True,,,,,True,,,True,,,,,,True,,False,False,True,,,,,,,,,,,,,,,,
761701494621106095,https://www.airbnb.com.vn/rooms/761701494621106095,,Ninh Xuân,13,20.24526,105.92516,REGULAR,,Phòng đôi có tầm nhìn ra vườn,private_room,,,,,False,,/ đêm,2,,True,True,True,True,True,,True,,True,513.530,₫513.530,,,,,,,True,,False,False,,,,,,,,,,,,,,,,,
839483166751314064,https://www.airbnb.com.vn/rooms/839483166751314064,,Ninh Hải,24,20.2195,105.9342,REGULAR,,2 Phòng 3 người - Vườn & Hồ bơi - Thuyền TamCoc gần đó,private_room,,,,,False,,/ đêm,6,,True,True,,True,True,,,True,,1.362,₫1.362.236,,,,,,,,True,False,False,,,,,True,,True,,,,,,,,,,
785689584855354112,https://www.airbnb.com.vn/rooms/785689584855354112,,Nam Định,14,20.42004,106.13623,REGULAR,,Ngôi nhà lớn với khu vườn xinh đẹp,entire_home,,,,,False,,/ đêm,5,,True,True,True,True,,,,True,,1.075,₫1.075.530,True,,,,,,True,True,,,,True,,,,,,,,,True,,,,,,
15165947,https://www.airbnb.com.vn/rooms/15165947,"4,78",Ninh Bình,4,20.22588,105.93827,REGULAR,,Chezbeo Homestay #6 - Phòng bên Núi,entire_home,9,,,,False,,/ đêm,2,,,True,,True,,,True,True,,741.765,₫741.765,,,,,,True,,True,False,False,True,True,,,,,,,,,,,,,,,
30257687,https://www.airbnb.com.vn/rooms/30257687,"5,0",Tỉnh Ninh Bình,20,20.2139,105.93541,REGULAR,,Bungalow double w/ garden view 5 phút đến Tam Cốc #3,private_room,34,True,True,5,False,,/ đêm,2,True,,True,True,True,,,,True,,642.373,₫642.373,,,True,True,,,,,False,False,,,,,True,,,,,,,,,,,,
846295670873702168,https://www.airbnb.com.vn/rooms/846295670873702168,,Ninh Xuân,30,20.25233,105.93103,REGULAR,,căn phòng bằng gỗ tre 2 giường,private_room,,False,True,,False,,/ đêm,4,True,,True,True,True,True,,,True,True,660.118,₫660.118,,,,,,,,,,False,,,,,,,,,True,,,,,,,,
765797563174657357,https://www.airbnb.com.vn/rooms/765797563174657357,,Hoa Lư,19,20.216005844577193,105.93803344790338,REGULAR,,Homestay Full House Tam Cốc,private_room,,,,,False,,/ đêm,2,,True,True,True,True,True,,,,True,,,,,,,,,True,,False,False,True,,,,,,,,,,,,,,,,
830204677256386077,https://www.airbnb.com.vn/rooms/830204677256386077,,Thành phố Ninh Bình,7,20.2423634,105.9739073,REGULAR,,Phòng đơn gần Ga Ninh Bình,private_room,,,,,False,,/ đêm,1,,True,True,True,,,,,True,,267.577,₫267.577,True,,,,,,,,False,False,,True,,,,,,,,,True,True,,,,,
31085311,https://www.airbnb.com.vn/rooms/31085311,"4,33",Ninh Bình,30,20.2685,105.94855,REGULAR,,Trang An Precious Homestay,private_room,6,True,True,4,False,,/ đêm,2,True,True,True,True,True,True,,,,,364.606,₫364.606,,,,,,,True,,False,False,,,,,,,,,,,,,,,,,
43375548,https://www.airbnb.com.vn/rooms/43375548,,Ninh Bình,13,20.250614166259766,105.97445678710938,REGULAR,,Phòng gia đình 3 với tầm nhìn ra vườn/hồ bơi,private_room,1,False,True,3,False,,/ đêm,4,True,,True,,True,True,,True,True,,798.824,₫798.824,True,,,,,,True,,,,True,,,,,,True,,,,,,,,,,
879171464835359577,https://www.airbnb.com.vn/rooms/879171464835359577,,Thành phố Ninh Bình,30,20.26365,105.96629,REGULAR,,Deluxe room in the city center,private_room,,,,,False,,/ đêm,2,,,True,True,True,,,,True,True,,,,,,,,,True,,False,,True,True,,True,,,,,,,,,,,,,
761375018710056172,https://www.airbnb.com.vn/rooms/761375018710056172,,Ninh Xuân,11,20.23906,105.93483,REGULAR,,Phòng đôi có bữa sáng miễn phí,private_room,,,,,False,,/ đêm,2,,True,True,True,True,True,,True,,True,513.530,₫513.530,,,,,,,True,,False,False,,,,,,,,,,,,,,,,,
28795978,https://www.airbnb.com.vn/rooms/28795978,"4,96",,30,20.24603,105.93194,REGULAR,,(p2) Tầm nhìn ra hồ bơi và xe đạp miễn phí,private_room,25,True,False,5,False,,/ đêm,2,True,,True,True,True,True,,True,True,,629.930,₫629.930,True,,,,,,,,False,False,,,,,,,,,,,,,,,,,
867125259459643616,https://www.airbnb.com.vn/rooms/867125259459643616,,Thành phố Ninh Bình,7,20.2423634,105.9739073,REGULAR,,Twin room in Ninh Binh city,private_room,,,,,False,,/ đêm,2,,,True,True,True,,,,True,True,,,True,,,,,,,,False,False,,,,,,,,,,,,True,,,,,
698181368495449880,https://www.airbnb.com.vn/rooms/698181368495449880,,Hoa Lư,5,20.216050834437777,105.93785528093576,REGULAR,,Nhà phố vui tươi có chỗ đỗ xe miễn phí tại nơi ở,private_room,2,False,True,4,False,,/ đêm,2,True,,True,True,True,,,,True,,320.899,₫320.899,,,,,,,True,,False,,,,,,,,,,,,,,,,,,
23199164,https://www.airbnb.com.vn/rooms/23199164,"5,0",,30,20.24423,105.93212,REGULAR,,Homestay bên sườn núi Ninh Bình - Bữa sáng miễn phí,private_room,30,True,True,5,False,,/ đêm,4,True,,True,,True,,,,True,,535.327,₫535.327,,,True,,,,,,False,,,,,,True,,,,,,,,,,,,
803182670504976857,https://www.airbnb.com.vn/rooms/803182670504976857,,Ninh Thắng,30,20.215046555155926,105.95199972065427,REGULAR,,yên tâm và hài lòng.,entire_home,,,,,False,,/ đêm,16,,,True,True,True,True,,True,,True,,,,,,,,True,True,,False,False,,,,,,,,,,,,,,,,,
23444338,https://www.airbnb.com.vn/rooms/23444338,"4,87",,23,20.24596,105.93309,REGULAR,,2 phòng ngắm hồ bơi & ăn sáng & xe đạp MIỄN PHÍ,hotel_room,39,,,,False,,/ đêm,8,,True,True,,True,True,,True,True,,2.054,₫2.054.119,,,,,,,,True,,,True,True,,,,,True,,,,,,,,,,
688788170052991136,https://www.airbnb.com.vn/rooms/688788170052991136,,Hoa Lư,30,20.214984262671557,105.93544665724039,REGULAR,,Khách sạn Hanahnas với tầm nhìn ra các con phố trên tầng hai.,private_room,,,,,False,,/ đêm,2,,,True,True,True,,,,,True,,,,,,,,,True,True,False,False,,,,,,,,,,,,True,,True,,,
40685272,https://www.airbnb.com.vn/rooms/40685272,"4,82",Ninh Bình,18,20.24639892578125,105.95801544189453,REGULAR,,Phòng Queen 1 với tầm nhìn ra vườn/hồ bơi,private_room,11,False,True,3,False,,/ đêm,2,True,,True,,True,True,,,True,,627.647,₫627.647,True,,,,,,True,,,,True,True,,,,,True,,,,,,,,,,
623739535071488660,https://www.airbnb.com.vn/rooms/623739535071488660,,Hoa Lư,28,20.21544,105.93819,REGULAR,,Phòng giường đôi nhìn ra vườn,private_room,,False,True,,False,,/ đêm,2,True,,True,,,,,,True,,342.353,₫342.353,,,,,,,True,True,False,False,,,,,,,,,,,,,,,,,
873063806574752449,https://www.airbnb.com.vn/rooms/873063806574752449,,Thành phố Ninh Bình,10,20.21532,105.9379,REGULAR,,Tam Coc lovely - double room,private_room,,,,,False,,/ đêm,2,,,True,,,True,,True,True,,,,,,,True,,,,,False,False,,,,,,,,,,,,,,,,,
880679448820891402,https://www.airbnb.com.vn/rooms/880679448820891402,,Hoa Lư,5,20.24733785074131,105.97932,REGULAR,,Lys Homestay -Deluxe Double Room with balcony view,private_room,,,,,False,,/ đêm,2,,True,True,True,True,True,,,,True,,,True,,,,,,True,,False,False,,,,,,,,,,,,,,,,,
17930922,https://www.airbnb.com.vn/rooms/17930922,"4,69",Hoa Lu,30,20.21962,105.93682,REGULAR,,Phòng Riêng +BnB tại Làng Cổ Việt,private_room,71,False,True,6,False,,/ đêm,2,True,True,True,,True,,,True,True,,669.159,₫669.159,,,,,,,True,True,False,False,,,,,,,,,,,,,,,,,
888118628464099772,https://www.airbnb.com.vn/rooms/888118628464099772,,Thành phố Ninh Bình,5,20.26097,105.97034,REGULAR,,Điểm đến của du khách du lịch,private_room,,,,,False,,/ đêm,4,,,True,True,True,,,,True,True,,,True,,,,,,True,,False,False,,,,,,,,,,,,,,,,,
24238028,https://www.airbnb.com.vn/rooms/24238028,"4,67",,30,20.2456,105.93332,REGULAR,,02 phòng ngắm núi với bữa sáng & xe ĐẠP MIỄN PHÍ,private_room,3,,,,False,,/ đêm,6,,True,True,,True,True,,,,True,,,,,,,,True,True,,False,False,True,,,,,,,,,,,,,,,,
27483776,https://www.airbnb.com.vn/rooms/27483776,"4,97",Hoa Lư,30,20.24472,105.93323,REGULAR,,Ninh Bình Mountain Side Homestay - Xe đạp miễn phí,private_room,31,,,,False,,/ đêm,4,,,True,,True,,,,True,,535.327,₫535.327,,,True,,,,,,False,False,,,,,True,,,,,True,True,,,,,,
881111499894298174,https://www.airbnb.com.vn/rooms/881111499894298174,,Hoa Lư,5,20.24733785074131,105.97932,REGULAR,,Deluxe double room with moutain view,private_room,,False,True,,False,,/ đêm,2,True,,True,True,True,True,,,,True,,,True,,,,,,True,True,False,,,,,,,,,,,,,,,,,,
688110851772859801,https://www.airbnb.com.vn/rooms/688110851772859801,,Ninh Bình,30,20.2486216,105.980411,REGULAR,,Nhà nghỉ nông trại xanh Ninh Bình,entire_home,,,,,False,,/ đêm,6,,,True,True,True,,,,,True,1.198,₫1.198.236,,,,,,,True,,False,False,True,,,,,,,,,,,True,,,,,
16771174,https://www.airbnb.com.vn/rooms/16771174,"4,44",Ninh Bình,5,20.22578,105.93999,REGULAR,,Chezbeo Homestay #11 - Phòng của Jungle,private_room,9,,,,False,,/ đêm,4,,True,True,,True,,,True,,,,,,,,,,True,True,,False,False,,,,,True,,,,,True,,,,,,,
27064182,https://www.airbnb.com.vn/rooms/27064182,"4,92",Hoa Lư,30,20.24593,105.93314,REGULAR,,Gia đình bản xứ bên Moutain Ninh Bình - Xe đạp miễn phí,private_room,63,True,True,5,False,,/ đêm,4,True,True,True,,True,,,,True,,,,,,,,,,,,False,False,,True,,,True,,,,,True,,,,,,,
871255762157313649,https://www.airbnb.com.vn/rooms/871255762157313649,,Thành phố Ninh Bình,30,20.2629,105.96776,REGULAR,,Extremely beautiful central room,private_room,,False,True,,False,,/ đêm,2,True,True,True,True,True,,,,,True,,,,,,,,,True,,False,False,True,,,,,,,,,,,,,,,,
30020022,https://www.airbnb.com.vn/rooms/30020022,"4,82",Ninh Bình,24,20.21525,105.93574,REGULAR,,Tam Coc/Triple room with breakfast/pool/garden,entire_home,39,,,,False,,/ đêm,3,,True,True,,True,,,,True,,770.295,₫770.295,,,,,,,True,,False,False,,True,,,True,,True,,,,,,,,,,
28823882,https://www.airbnb.com.vn/rooms/28823882,"5,0",,30,20.24535,105.9337,REGULAR,,(p3)Village Bungalow & Garden View với xe đạp miễn phí,private_room,7,,,,False,,/ đêm,4,,True,True,True,True,,,True,True,,682.424,₫682.424,True,,,,,,,,False,False,,True,,,,,,,,,,,,,,,
882962861682277977,https://www.airbnb.com.vn/rooms/882962861682277977,,Thành phố Ninh Bình,30,20.26207,105.96753,REGULAR,,Cozy center room for 3 people,private_room,,,,,False,,/ đêm,3,,,True,True,True,,,,True,True,,,True,,,,,,True,,,,True,True,,True,,,,,,,,,,,,,
881103457716253256,https://www.airbnb.com.vn/rooms/881103457716253256,,Hoa Lư,5,20.24733785074131,105.97932,REGULAR,,Deluxe double room with balcony,private_room,,False,True,,False,,/ đêm,2,True,,True,True,True,True,,,,True,,,True,,,,,,True,,False,False,,,,,,,,,,,,,,,,,
24237852,https://www.airbnb.com.vn/rooms/24237852,"4,86",,30,20.24596,105.93308,REGULAR,,Phòng ngắm cảnh núi với bữa sáng và hồ bơi & xe đạp MIỄN PHÍ,private_room,14,True,True,6,False,,/ đêm,3,,True,True,,True,True,,True,,,,,,,,,False,,True,,,False,True,,,,,,,,,,,,,,,,
33543879,https://www.airbnb.com.vn/rooms/33543879,,Ninh Bình,17,20.24613,105.93644,REGULAR,,Vườn Bí Mật Tràng An - Phòng gia đình,hotel_room,,,,,False,,/ đêm,3,,,True,,True,True,True,,True,,,,,,,,,,,True,False,False,,,,,True,,True,,,,,,,,,,
884661969361173718,https://www.airbnb.com.vn/rooms/884661969361173718,,Thành phố Ninh Bình,28,20.21588397124426,105.93819291114927,REGULAR,,phòng đôi,private_room,,False,True,,False,,/ đêm,2,True,,True,True,True,,,,True,True,342.353,₫342.353,,,,,,,,True,False,False,,,,,,,,,,,,,,,,,
763301681825757665,https://www.airbnb.com.vn/rooms/763301681825757665,,Ninh Xuân,13,20.2445591,105.9259271,REGULAR,,Phòng riêng tại Trang An,private_room,1,True,True,9,False,,/ đêm,3,True,,True,True,True,True,True,,True,True,,,,,,,,,,,,,,,True,,,,,,,True,,,,,,,
24367961,https://www.airbnb.com.vn/rooms/24367961,"5,0",Hoa Lư,24,20.21917,105.93872,REGULAR,,Phòng đôi Zen có tầm nhìn thoáng đãng tại Tam Cốc,private_room,9,,,,False,,/ đêm,2,,,True,,,,,,True,,481.803,₫481.803,,,True,,,,True,,False,False,,,,,True,,,,,,,,,,,,
38392685,https://www.airbnb.com.vn/rooms/38392685,,Hoa Lư,30,20.22149,105.95357,REGULAR,,May Homestay - Ngôi làng địa phương,private_room,,False,True,,False,,/ đêm,15,,True,True,,True,,,True,True,,,,,,,,False,,True,,False,,,True,,,,,,,,True,,,,,,,
33294323,https://www.airbnb.com.vn/rooms/33294323,"4,4",Tỉnh Ninh Bình,26,20.21726,105.93438,REGULAR,,Chế độ xem hồ bơi sống cùng gia đình bản xứ King Kong,private_room,15,,,,False,,/ đêm,2,,,True,,,True,,True,True,,627.647,₫627.647,,,,,,,,,,,,,,,True,,,,,,,,,,,,
781566471976125351,https://www.airbnb.com.vn/rooms/781566471976125351,,Hoa Lư,16,20.21731122031657,105.95215841318708,REGULAR,,Phòng 201,private_room,,,,,False,,/ đêm,2,,,True,,True,,,,True,True,,,True,,,True,,,True,,False,False,,,,,,,,,,,,True,,,,,
748261441523062873,https://www.airbnb.com.vn/rooms/748261441523062873,"5,0",Ninh Xuân,16,20.2349121,105.9402457,REGULAR,,The Wooden Gate NB- Phòng Boutique Family Suite,private_room,4,,,,False,,/ đêm,4,,True,True,True,True,True,,,,,2.510,₫2.510.589,,,,,,,True,,False,False,True,,,,,,,,,,,,,,,,
41050020,https://www.airbnb.com.vn/rooms/41050020,"4,82",Ninh Bình,18,20.26193,105.97008,REGULAR,,Phòng Deluxe,private_room,17,,,,False,,/ đêm,2,,True,True,True,True,,True,,,,595.800,₫595.800,True,,,,,,,True,False,,,,,,,,True,,,,,,,,,,
41034417,https://www.airbnb.com.vn/rooms/41034417,,Ninh Bình,13,20.26227,105.96995,REGULAR,,Trang chủ O Zoli - Phòng Deluxe,private_room,,,,,False,,/ đêm,2,,,True,True,True,,,,True,,595.800,₫595.800,True,,True,,,,,,False,False,,,,,True,,,,,,,,,,,,
43730532,https://www.airbnb.com.vn/rooms/43730532,,Hoa Lư,5,20.21722,105.93809,REGULAR,,Phòng riêng có ban công,private_room,1,False,True,4,False,,/ đêm,2,True,,True,,,,,,True,True,,,,,,True,,,,,False,False,,True,,,,,,,,,,,,,,,
38077522,https://www.airbnb.com.vn/rooms/38077522,,Ninh Bình,27,20.24785,105.93681,REGULAR,,Phòng gia đình Homestay sang trọng: (2 phòng ngủ) WIFI NHANH,private_room,1,False,True,4,False,,/ đêm,4,,,True,,True,,,True,,True,1.000,₫1.000.000,,,,,False,True,True,True,False,False,,,,,,,,,,,,,,,,,
42405284,https://www.airbnb.com.vn/rooms/42405284,,Thành phố Ninh Bình,19,20.25225,105.94246,REGULAR,,trang một khu vườn homestay,private_room,,,,,False,,/ đêm,6,,,True,True,True,True,,,True,True,399.412,₫399.412,,,,,,,True,True,,,,True,,,,,True,,,,,,,,,,
29424841,https://www.airbnb.com.vn/rooms/29424841,"5,0",Ninh Bình,30,20.26183,105.93339,REGULAR,,Gia đình bản xứ Yên Bình - Phòng hai giường có tầm nhìn ra vườn,private_room,3,True,True,5,False,,/ đêm,3,,,True,,True,,,,True,,627.647,₫627.647,True,,,,False,,True,True,False,False,,,,,True,,,,,,,,,,,,
38076557,https://www.airbnb.com.vn/rooms/38076557,,Ninh Bình,27,20.24674,105.93554,REGULAR,,Phòng King cho gia đình bản xứ sang trọng 2: WIFI NHANH,private_room,1,False,True,4,False,,/ đêm,2,True,,True,,True,,,True,,True,450.000,₫450.000,,,,,,True,True,True,False,False,,,,,,,,,,,,,,,,,
48599495,https://www.airbnb.com.vn/rooms/48599495,,Thành phố Thái Bình,4,20.44663,106.33547,REGULAR,,Khách Sạn Kim Cương Thái Bình,private_room,,,,,False,,/ đêm,2,,,True,True,True,,True,True,,,399.412,₫399.412,True,,,,,,True,,False,,,,,,,,True,,,,,,,,True,,
40598447,https://www.airbnb.com.vn/rooms/40598447,,Ninh Bình,30,20.236541748046875,105.94036102294922,REGULAR,,Phòng gia đình & Bữa sáng miễn phí.,private_room,,,,,False,,/ đêm,4,,,True,True,True,,,True,True,,490.706,₫490.706,True,,,,,,True,True,,,,,,,,True,True,,,,,,,,,,
17763749,https://www.airbnb.com.vn/rooms/17763749,"4,88",hoa lu,17,20.25064,105.93655,REGULAR,,Sierra Homestay #2 - Giảm giá 30%,private_room,40,False,True,6,False,,/ đêm,2,True,,True,,True,,,True,True,,508.542,₫508.542,,,True,,,,,,False,False,True,,,,True,,,,,,,,,,,,
843911840519746734,https://www.airbnb.com.vn/rooms/843911840519746734,,Ninh Xuân,30,20.253974899539806,105.93326519472048,REGULAR,,Bungalow - Tầm nhìn hồ bơi bơi,private_room,,False,True,,False,,/ đêm,4,True,True,True,True,True,True,,,,True,480.293,₫480.293,,,,,,,True,,,False,,,,,,,,,,,,,,,,,
788840888520285314,https://www.airbnb.com.vn/rooms/788840888520285314,,Ninh Giang,26,20.30507414137484,105.93062311744384,REGULAR,,Deluxe Bungalow,entire_home,,,,,False,,/ đêm,4,,,True,True,True,,,,True,True,1.369,₫1.369.412,True,,,,,,True,True,False,False,,,,,,,,,,,,,,,,,
39410097,https://www.airbnb.com.vn/rooms/39410097,"5,0",Ninh Bình,28,20.25167,105.9753,REGULAR,,Bungalow Lamia Tràng An - Gia Đình Bungalow Gỗ,private_room,3,False,True,3,False,,/ đêm,4,True,,True,,,True,,True,True,,2.100,₫2.100.000,,,,,,,,True,False,False,,,,,True,,True,,,,,,,,,,
40711515,https://www.airbnb.com.vn/rooms/40711515,"4,33",Ninh Bình,29,20.24973,105.97417,REGULAR,,02 rooms Garden View with breakfast Free Pool&Bike,private_room,3,False,True,3,False,,/ đêm,4,,,True,,True,True,,True,True,,1.141,₫1.141.177,,,True,,False,,,,False,,,,,,True,,,,,True,,,,,,,
41098312,https://www.airbnb.com.vn/rooms/41098312,,Hoa Lư,5,20.23449,105.93018,REGULAR,,#17 Bungalow with mountain view,private_room,,False,True,,False,,/ đêm,2,,True,True,True,True,,,True,True,,,,,,,,False,,,,False,False,,,,,,,True,,,,,,,,,,
885220640988802225,https://www.airbnb.com.vn/rooms/885220640988802225,,Ninh Hải,10,20.216495721244318,105.9342936868509,REGULAR,,Bungalow family room - room 4,private_room,,,,,False,,/ đêm,4,,,True,True,True,True,,True,,,,,True,,,,,,True,,False,False,True,,,,,,,,,,,,,,,,
40476097,https://www.airbnb.com.vn/rooms/40476097,,Thành phố Ninh Bình,27,20.26344,105.97859,REGULAR,,KHÁCH SẠN GIÁ RẺ TẠI NINH BÌNH,private_room,,,,,False,,/ đêm,4,,,True,True,True,,,,True,,684.706,₫684.706,True,,True,,,,,True,False,,,,,True,True,,,,,,,,,,,,
846303404792556939,https://www.airbnb.com.vn/rooms/846303404792556939,,Hoa Lư District,30,20.211957,105.936856,REGULAR,,Hanahnas Homestay,private_room,,,,,False,,/ đêm,4,,,True,True,True,,,,True,True,,,,,,,,,True,True,False,False,,True,,,,,,,,,,,,,,,
44112884,https://www.airbnb.com.vn/rooms/44112884,,Hoa Lư,11,20.21314,105.93737,REGULAR,,tam ca tuong vy homestay - phòng gia đình,private_room,,,,,False,,/ đêm,3,,,True,True,True,,,True,True,,608.818,₫608.818,,,True,,,,True,,False,False,,,,,True,,,,,,,,,,,,
789039983998579066,https://www.airbnb.com.vn/rooms/789039983998579066,,Ninh Hải,30,20.20712,105.93188,REGULAR,,Thung lũng yên bình ở Tam Cốc,private_room,,True,True,,False,,/ đêm,1,,,True,True,,,True,True,,True,319.530,₫319.530,,,,,False,,True,True,,,,,,,,,,,,,,,,,,True,True
49435191,https://www.airbnb.com.vn/rooms/49435191,,Thành phố Ninh Bình,19,20.24605,105.93159,REGULAR,,(p9) moutain view and free pool,private_room,,,,,False,,/ đêm,2,,,True,True,True,,,True,True,,696.118,₫696.118,,,,,,,True,True,False,False,,,,,,,True,,,,,,,,,,
860667932384268645,https://www.airbnb.com.vn/rooms/860667932384268645,,Ninh Bình,18,20.246,105.93329,REGULAR,,Mountain View - Bữa sáng miễn phí,private_room,,False,True,,False,,/ đêm,4,,,True,True,True,True,True,,,True,,,,,,,False,,True,,False,False,,,,,,,,,,,,,,,,,
38884717,https://www.airbnb.com.vn/rooms/38884717,"5,0",Hoa Lư,23,20.24439,105.93502,REGULAR,,Hà Lan Homestay với bữa sáng miễn phí,private_room,11,,,,False,,/ đêm,2,,,True,,True,,,,True,,,,,,True,,,,,,False,False,,,,,True,,,,,,,,,,,,
43372374,https://www.airbnb.com.vn/rooms/43372374,,Ninh Bình,11,20.250614166259766,105.97445678710938,REGULAR,,Phòng gia đình 2 có hướng nhìn ra vườn/hồ bơi,private_room,,False,True,,False,,/ đêm,4,True,,True,,True,True,,True,True,,798.824,₫798.824,True,,,,,,True,,,,True,,,,,,True,,,,,,,,,,
33202670,https://www.airbnb.com.vn/rooms/33202670,,Hoa Lư,25,20.21727,105.93444,REGULAR,,Chế độ xem hồ bơi sống cùng gia đình bản xứ King Kong,private_room,,,,,False,,/ đêm,2,,,True,,,True,,True,True,,627.647,₫627.647,,,,True,,,,,False,False,,,,,True,,,,,,,,,,,,
780693137950736047,https://www.airbnb.com.vn/rooms/780693137950736047,,Ninh Xuân,19,20.2445591,105.9259271,REGULAR,,Phòng hai giường đơn nhìn ra núi,private_room,,False,True,,False,,/ đêm,3,True,,True,True,True,True,,,,True,,,,,,,,,True,,False,False,,,,,,True,,,,,,,,,,,
25604855,https://www.airbnb.com.vn/rooms/25604855,"4,93",Ninh Bình,16,20.214987672816026,105.93458623793708,REGULAR,,Tam Coc/Double room with breakfast/ pool/garden,private_room,30,False,True,5,False,,/ đêm,2,True,True,True,,True,True,,,,,,,,,,,,,True,True,False,False,,,,,,,True,,,,,,,,,,
846239032056652865,https://www.airbnb.com.vn/rooms/846239032056652865,,Thành phố Ninh Bình,25,20.26361,105.96483,REGULAR,,Phòng trên bầu trời tuyệt vời cho cặp đôi gần phố cổ Hoa Lư,entire_home,,,,,False,,/ đêm,2,,True,True,True,,,True,,True,True,1.654,₫1.654.707,True,,,,,,,,False,,,,,,,,,,,,,,,,,,
43864446,https://www.airbnb.com.vn/rooms/43864446,,Hoa Lư,20,20.24776,105.93218,REGULAR,,(p7)Moutain view & free breakfast,private_room,,,,,False,,/ đêm,2,,,True,True,True,,,True,True,,696.118,₫696.118,,,,,,,True,True,False,False,,,,,,,True,,,,,,,,,,
637164942236814937,https://www.airbnb.com.vn/rooms/637164942236814937,,Nga Điền,16,20.05869,106.04074,REGULAR,,Nhà nghỉ thôn dã 3 phòng ngủ với khu vườn đẹp,entire_home,,,,,False,,/ đêm,5,,,True,True,True,,,True,True,True,,,,,,,,,True,True,,,True,,True,,,,,,,,,,,,,,
839478292682237935,https://www.airbnb.com.vn/rooms/839478292682237935,"3,67",Ninh Hải,21,20.21787,105.93372,REGULAR,,Vườn và hồ bơi Glory Room - Thuyền TamCoc gần đó,private_room,3,True,True,5,False,,/ đêm,3,,True,True,,True,True,,,True,,516.918,₫516.918,,,,,False,,,,False,False,,,True,,True,,,,,,,,,,,,
36831924,https://www.airbnb.com.vn/rooms/36831924,"5,0",Ninh Bình,30,20.27666,105.9372,REGULAR,,Nhà homestay Tre Xanh có tầm nhìn ra vườn,private_room,3,True,True,4,False,,/ đêm,4,,True,True,,True,,,,True,,308.118,₫308.118,True,,,,False,True,True,True,,,,,,,,,True,,,,,,,,,,
35169553,https://www.airbnb.com.vn/rooms/35169553,"4,75",Ninh Hải,18,20.216572,105.934502,REPRESENTATIVE,,Tam coc Lavender Homestay_DeluxFamily_phòng sinh đôi,private_room,4,,,,False,,/ đêm,4,,True,True,True,True,True,,,,,770.000,₫770.000,,,,,,,True,,False,False,True,,,,,,,,,,,,,,,,
22455456,https://www.airbnb.com.vn/rooms/22455456,"4,7",,30,20.24606,105.93308,REGULAR,,Phòng Garden View với bữa sáng & xe đạp & Hồ bơi miễn phí,private_room,10,,,,False,,/ đêm,3,,True,True,,True,True,,True,True,,,,,,,,,,True,True,,,True,,,,,,True,,,,,,,,,,
23836663,https://www.airbnb.com.vn/rooms/23836663,"4,57",Ninh Hải,30,20.21732,105.93673,REGULAR,,Bungalow Vườn xanh Tam Cốc,private_room,28,False,True,6,False,,/ đêm,16,,,True,,True,,,True,True,,1.015,₫1.015.648,True,,,,False,,True,True,,,True,,,,,,True,,,,,,,,,,
35170774,https://www.airbnb.com.vn/rooms/35170774,,Ninh Hải,29,20.216513,105.934563,REPRESENTATIVE,,Phòng đôi Tam coc Lavender Homestay_SuperFamily,private_room,,,,,False,,/ đêm,4,,True,True,True,True,True,,,,,750.000,₫750.000,,,,,,,True,,False,False,True,,,,,,,,,,,,,,,,
45590897,https://www.airbnb.com.vn/rooms/45590897,,,30,20.2172,105.94564,REGULAR,,★  Cảm  giác như ở nhà - 1 giường,private_room,2,True,True,3,False,,/ đêm,3,True,,True,,True,True,,True,True,,502.118,₫502.118,,,,,,,True,,False,False,,True,,,,,,,,,,,,,,,
41113914,https://www.airbnb.com.vn/rooms/41113914,,Ninh Bình,17,20.26397,105.97116,REGULAR,,Phòng Premium có bồn tắm,private_room,,,,,False,,/ đêm,2,,,True,True,True,,True,True,True,,727.200,₫727.200,True,,,,,,True,,False,False,,,,,,,,,,,,,,,,,
860676739613913813,https://www.airbnb.com.vn/rooms/860676739613913813,,Ninh Bình,20,20.247141175576957,105.93373138457537,REGULAR,,Hướng vườn - Bữa sáng miễn phí,private_room,,,,,False,,/ đêm,4,,,True,True,True,True,,,True,True,,,,,,,,,True,True,False,False,,,,,,,,,,,,,,,,,
839458322400234752,https://www.airbnb.com.vn/rooms/839458322400234752,,Ninh Hải,24,20.21795,105.93341,REGULAR,,Fam Room Garden & Pool - gần Ga thuyền TamCoc,private_room,,,,,False,,/ đêm,4,,True,True,,True,True,,,True,,860.118,₫860.118,,,True,,,,,,False,False,,,,,True,,True,,,,,,,,,,
34689199,https://www.airbnb.com.vn/rooms/34689199,,Ninh Xuân,9,20.24368,105.93062,REGULAR,,Vườn Bí Mật Tràng An - Phòng tập thể 2,hotel_room,,,,,False,,/ đêm,2,,,True,,True,True,,,True,,267.664,₫267.664,,,True,True,,,,,False,False,,,,,,,,,,,,,,,,,
828640076714713417,https://www.airbnb.com.vn/rooms/828640076714713417,,Ninh Bình,30,20.24408,105.93272,REGULAR,,Homestay bên sườn núi Ninh Bình - Bữa sáng miễn phí,private_room,1,True,True,5,False,,/ đêm,4,True,True,True,,True,,,,True,,535.327,₫535.327,,,,,,,,,False,False,,,,,True,,,,,True,True,,,,,,
39782456,https://www.airbnb.com.vn/rooms/39782456,,Thành phố Ninh Bình,30,20.263776779174805,105.95124053955078,REGULAR,,Lớp học nấu ăn truyền thống Việt Nam,private_room,,,,,False,,/ đêm,8,,,True,True,True,,True,True,,True,405.688,₫405.688,,,,,,,True,True,,False,True,,,,,,,,,,,,,,,,
18551075,https://www.airbnb.com.vn/rooms/18551075,"4,84",Hoa Lư,30,20.24171,105.92846,REGULAR,,Tràng An Tam Gia Trang Resort Phòng 1,private_room,212,,,,False,,/ đêm,4,,,True,,True,,,True,,,456.471,₫456.471,,,,,,,True,True,False,False,,,,,,,True,,,,,,,,,True,True
883105439262162554,https://www.airbnb.com.vn/rooms/883105439262162554,,Thành phố Ninh Bình,30,20.2643,105.96783,REGULAR,,Beautiful balcony central room,private_room,,,,,False,,/ đêm,2,,,True,True,True,,,,True,True,,,,,,,,,True,,False,,True,True,,True,,,,,,,,,,,,,
813484405061932129,https://www.airbnb.com.vn/rooms/813484405061932129,,Thành phố Ninh Bình,30,20.26235092090991,105.96550684422255,REGULAR,,2 phòng ngủ nhìn ra bầu trời tuyệt vời tại trung tâm thành phố,entire_home,,,,,False,,/ đêm,4,,,True,True,True,,True,,,True,4.039,₫4.039.218,True,,,,,,True,,False,,True,,,,,,,,,,,True,,,,,
630288263934683733,https://www.airbnb.com.vn/rooms/630288263934683733,,Ninh Bình,30,20.236806869506836,105.94017791748047,REGULAR,,Phòng đôi gia đình & Bữa sáng miễn phí,private_room,,,,,False,,/ đêm,3,,True,True,True,True,,,True,,True,376.588,₫376.588,,,,,,,True,True,,,,,,,,True,True,,,,,,,,,,
28792934,https://www.airbnb.com.vn/rooms/28792934,"4,91",Tỉnh Ninh Bình,19,20.21456,105.93512,REGULAR,,Bungalow double w/ garden view 5 phút đến Tam Cốc,private_room,56,True,True,5,False,,/ đêm,2,,,True,True,True,,,,True,,,,,,True,True,False,,,,False,False,,,,,True,,,,,,,,,,,,
43460892,https://www.airbnb.com.vn/rooms/43460892,,Hoa Lư,9,20.20955,105.93924,REGULAR,,Sinh đôi Bungalow trước sân vườn & hồ bơi,private_room,1,True,True,3,False,,/ đêm,2,True,,True,,True,True,,,True,,529.832,₫529.832,,,True,True,,,,,False,False,,,,,True,,,,,,,,,,,,
41170183,https://www.airbnb.com.vn/rooms/41170183,,Ninh Hải,11,20.216447471595966,105.93429877545,REGULAR,,Phòng Đơn hướng núi dành cho 2 người,private_room,,,,,False,,/ đêm,2,,,True,True,True,True,,True,,,,,True,,,,,,True,,False,False,True,,,,,,,,,,,,,,,,
30258171,https://www.airbnb.com.vn/rooms/30258171,"5,0",Tỉnh Ninh Bình,16,20.21582,105.93421,REGULAR,,Gia đình Bungalow với cảnh quan vườn cây ở Tam Cốc #3,private_room,5,,,,False,,/ đêm,3,,,True,True,True,,,,True,,936.822,₫936.822,,,True,True,,,,,False,False,,,,,True,,,,,,,,,,,,
45410780,https://www.airbnb.com.vn/rooms/45410780,,Ninh Thắng,30,20.21923,105.94943,REGULAR,,"Phòng giường đôi★ Tam Coc 1km, miễn phí ăn sáng",private_room,,,,,False,,/ đêm,5,,,True,True,True,True,,True,True,,741.765,₫741.765,,,,,,,True,True,False,False,,,,,,,,,,,,,,,,,
39985634,https://www.airbnb.com.vn/rooms/39985634,,Thành phố Ninh Bình,22,20.26516,105.9652,REGULAR,,Phòng Deluxe Giường đôi có ban công,private_room,,,,,False,,/ đêm,2,,,True,,True,,,,True,True,627.647,₫627.647,True,,,,,,,,,,,True,,True,True,,True,,,,True,,,,,,
845949504696874147,https://www.airbnb.com.vn/rooms/845949504696874147,,Thành phố Ninh Bình,9,20.23993,105.96759,REGULAR,,Room with 2 large beds,private_room,,,,,False,,/ đêm,2,,,True,,True,,,,True,True,513.530,₫513.530,,,,,,,,,False,False,,,,,,,,,,,,,,,,,
881757171461485003,https://www.airbnb.com.vn/rooms/881757171461485003,,Hoa Lư,6,20.217562791669607,105.93672347518336,REGULAR,,Deluxe Family Room with paranomic view 308,private_room,,,,,False,,/ đêm,4,,,True,True,True,True,,True,True,,,,True,,,,,,True,True,,,,,,,,,True,,,,,,,,,,
762265145895689429,https://www.airbnb.com.vn/rooms/762265145895689429,,Thành phố Ninh Bình,8,20.24031,105.94614,REGULAR,,Ninh Bình mộc mạc là cuộc sống địa phương,private_room,2,False,True,8,False,,/ đêm,3,True,True,True,,True,True,,,,True,1.290,₫1.290.000,,,,,,True,True,,False,False,,,,,,,,,,,,,,,,,
42424129,https://www.airbnb.com.vn/rooms/42424129,,Thành phố Ninh Bình,30,20.24168,105.97391,REGULAR,,Trang an garden homestay,private_room,,,,,False,,/ đêm,6,,,True,True,True,True,True,True,,True,970.000,₫970.000,,,,,,,True,,False,,True,,,,,,,,,,,,,,,,
43674973,https://www.airbnb.com.vn/rooms/43674973,,Hoa Lư,12,20.2121772,105.9368627,REGULAR,,Phòng ba với 2 giường,private_room,,False,True,,False,,/ đêm,6,,True,True,True,,,,,,True,308.118,₫308.118,,,,,False,,True,,False,False,True,,,,,,,,,,,,,,,,
734563473013217801,https://www.airbnb.com.vn/rooms/734563473013217801,"5,0",Ninh Hải,30,20.21601874225116,105.93612123280764,REGULAR,,Tam Coc Elegance House p giường king nhìn ra núi,private_room,3,False,True,6,False,,/ đêm,2,True,,True,True,True,,,,,True,513.530,₫513.530,,,,,,True,True,,False,False,True,,,,,,,,,,,,,,,,
42014506,https://www.airbnb.com.vn/rooms/42014506,,Thành phố Ninh Bình,12,20.21769,105.95166,REGULAR,,Dàn nhạc giao hưởng 9 - Phòng gia đình với Garden View,private_room,,,,,False,,/ đêm,6,,,True,True,True,True,,True,True,,1.572,₫1.572.542,,,True,,,,,,False,,,,,,True,,,,,,,,,,,,
27076361,https://www.airbnb.com.vn/rooms/27076361,"5,0",Hoa Lư,9,20.21693,105.93898,REGULAR,,tam coc victoria hotel - double room,private_room,5,,,,False,,/ đêm,2,,,True,,True,,,True,True,,562.065,₫562.065,,,True,True,,,,,False,False,,,,,True,,True,,,,,,,,,,
41387733,https://www.airbnb.com.vn/rooms/41387733,,Hoa Lư,14,20.21681,105.93868,REGULAR,,Bungalow gia đình có tầm nhìn ra vườn và bữa sáng miễn phí,private_room,,,,,False,,/ đêm,4,,True,True,,True,True,,,True,,1.027,₫1.027.059,,,True,,,True,,,False,False,,,,,True,,,,,,,,,,,,
41781052,https://www.airbnb.com.vn/rooms/41781052,,Ninh Bình,9,20.2619,105.94029,REGULAR,,Blue Graden 2 -  Mountain View,private_room,,,,,False,,/ đêm,4,,True,True,,True,,,True,True,,684.706,₫684.706,,,,,,,,,False,False,True,True,,,True,,,,,,,,,,,,
640091628268415765,https://www.airbnb.com.vn/rooms/640091628268415765,,Thành phố Nam Định,6,20.43,106.17296,REGULAR,,Nam Định*Trung tâm*Phong cách* Kiểm soát phòng thông minh * Bao gồm Bb,private_room,,True,True,,False,,/ đêm,4,True,,True,True,True,,,,,,1.092,₫1.092.500,True,,,,,,True,True,False,,,,,True,,,True,,,,,,,,,,
41050009,https://www.airbnb.com.vn/rooms/41050009,,Hoa Lư,15,20.2184,105.93777,REGULAR,,Phòng sinh đôi Tam Cốc - Garden View & Bữa sáng miễn phí,private_room,1,False,True,3,False,,/ đêm,2,True,True,True,,True,,,,True,,593.412,₫593.412,,,,,,True,,,False,False,,,,,True,,,,,,True,,,,,,
880005007974741788,https://www.airbnb.com.vn/rooms/880005007974741788,,Ninh Hải,5,20.17551,105.95758,REGULAR,,Lys Homestay-Deluxe Double Room with Balcony 206,private_room,,,,,False,,/ đêm,2,,,True,True,True,True,,,,True,,,True,,,,,,,True,False,False,,,,,,,True,,,,,,,,,,
35166335,https://www.airbnb.com.vn/rooms/35166335,"4,8",Ninh Bình,20,20.21454,105.93369,REGULAR,,Tam Coc/Suite room/two King Size beds/ breakfast,entire_home,5,,,,False,,/ đêm,4,,,True,True,True,,,,True,,970.001,₫970.001,,,,,,,True,True,False,False,True,,,,,,True,,,,,,,,,,
867136288704697374,https://www.airbnb.com.vn/rooms/867136288704697374,,Thành phố Ninh Bình,7,20.24354,105.97358,REGULAR,,Triple room,private_room,,,,,False,,/ đêm,2,,,True,True,True,,,,True,True,,,True,,,,,,,,False,False,,,,,,,,,,,,,,,,,
703790030610322951,https://www.airbnb.com.vn/rooms/703790030610322951,,Thành phố Ninh Bình,12,20.253239387053192,105.9337417781353,REGULAR,,Dê Quý 135 Ecohomflix & Nhà hàng,private_room,,,,,False,,/ đêm,16,,,True,,,True,,,True,True,855.883,₫855.883,,,,,,,,,False,False,,,,,,,,,True,,,,,,,,
645868946853123002,https://www.airbnb.com.vn/rooms/645868946853123002,,Thành phố Thái Bình,10,20.44264,106.33631,REGULAR,,Thái Bình*Phong cách* Kiểm soát phòng thông minh *Bữa sáng,private_room,,,,,False,,/ đêm,4,,,True,True,True,,,,True,,1.050,₫1.050.000,True,,,,,,True,True,False,,,,,True,,,True,,,,,,,,,,
18313952,https://www.airbnb.com.vn/rooms/18313952,"4,91",Thành phố Ninh Bình,12,20.25089,105.93734,REGULAR,,Thời gian ở tại Sierra Homestay - Bộ đồ cao cấp - Giảm 50%,private_room,23,,,,False,,/ đêm,4,,,True,,True,,True,True,True,,856.514,₫856.514,,,,,,,,,False,False,True,,,,True,,,,,True,,,,,,,
725288121023510916,https://www.airbnb.com.vn/rooms/725288121023510916,,Hoa Lư,30,20.20663,105.94028,REGULAR,,Biệt thự Loan Tam Cốc,private_room,1,True,True,4,False,,/ đêm,16,,True,True,True,True,True,,True,,True,399.412,₫399.412,,,,,False,,True,,False,,,,,,,,,,,,,,,,,,
18304754,https://www.airbnb.com.vn/rooms/18304754,"4,81",Thành phố Ninh Bình,6,20.25144,105.93725,REGULAR,,Chỗ ở tại Sierra Homestay - Phòng ban công - Giảm 30%,private_room,29,,,,False,,/ đêm,2,,,True,,True,,,True,True,,428.233,₫428.233,True,,True,True,,,,,,,True,,,,True,,,,,,,,,,,,
27970193,https://www.airbnb.com.vn/rooms/27970193,"5,0",Hoa Lư,28,20.23311,105.93561,REGULAR,,Sống cùng gia đình bản xứ Tuyết,shared_room,3,,,,False,,/ đêm,11,,,True,,True,,True,True,True,,342.353,₫342.353,,,,,,,True,True,False,False,,,,,,,True,,,,,,,,,,
852649455024167265,https://www.airbnb.com.vn/rooms/852649455024167265,,Ninh Xuân,5,20.256997567408852,105.9285232052207,REGULAR,,phòng nhìn ra bể bơi,private_room,,,,,False,,/ đêm,2,,True,True,True,,True,,,True,True,444.592,₫444.592,,,,,,,,,False,False,True,,,,,,,,,,,,,,,,
629960104107321899,https://www.airbnb.com.vn/rooms/629960104107321899,,Thành phố Ninh Bình,5,20.25575,105.97554,REGULAR,,Nhà Văn Giang,private_room,,False,False,,False,,/ đêm,4,,,True,True,True,,,True,,True,267.664,₫267.664,True,,,,False,,True,,False,False,,,,,,,,,,,,,,,,,
42054822,https://www.airbnb.com.vn/rooms/42054822,,Hoa Lư,7,20.23838,105.93305,REGULAR,,ham rong homestay - mặt nước bungalow,private_room,,,,,False,,/ đêm,4,,,True,,True,,,True,True,,798.824,₫798.824,True,,,,,,True,,False,False,True,True,,,,,,,,,,,,,,,
48455763,https://www.airbnb.com.vn/rooms/48455763,"4,8",Hoa Lư,28,20.24693,105.93269,REGULAR,,The View Point - Phòng đôi có tầm nhìn ra vườn,private_room,5,False,True,2,False,,/ đêm,2,True,True,True,True,True,True,,,,,684.706,₫684.706,,,,,,,True,,False,False,True,,,,,,,,,,,,,,,,
777250286424799604,https://www.airbnb.com.vn/rooms/777250286424799604,,Thành phố Ninh Bình,7,20.2585742,105.9497905,REGULAR,,Bungalow có TẦM NHÌN RA BỂ BƠI,entire_home,,,,,False,,/ đêm,4,,,True,True,True,True,,True,,True,1.084,₫1.084.259,,,,,,,True,,False,False,True,,,,,,,,,,,,,,,,
789672113424123056,https://www.airbnb.com.vn/rooms/789672113424123056,,Ninh Xuân,10,20.244495712305145,105.9256113320589,REGULAR,,Phòng một giường đơn có ban công,private_room,,False,True,,False,,/ đêm,2,True,True,True,True,True,,,,,True,365.177,₫365.177,,,,,,True,True,,False,False,,,,,,,,,,,,,,,,,
32562356,https://www.airbnb.com.vn/rooms/32562356,,Thành phố Ninh Bình,30,20.2533752,105.9719845,REGULAR,,Phòng Khách Sạn tại trung tâm Thành Phố Ninh Bình.,private_room,,,,,False,,/ đêm,3,,,True,True,True,,,,True,True,285.294,₫285.294,True,,,,,,,,False,,,,True,,True,,,,,,,True,,,,,
20700335,https://www.airbnb.com.vn/rooms/20700335,"4,74",Thành phố Ninh Bình,10,20.20694,105.94023,REGULAR,,Sống cùng gia đình bản xứ Tam Cốc xuân lai,private_room,136,,,,False,,/ đêm,10,,,True,,True,,,,True,,473.589,₫473.589,,,True,True,,,,True,False,False,,,,,True,,,,,,,,,,,,
43641715,https://www.airbnb.com.vn/rooms/43641715,,Thành phố Ninh Bình,29,20.24845,105.97454,REGULAR,,Riêng tư. Sạch sẽ. Trung tâm. Dịch vụ làm cho chúng tôi độc đáo!,private_room,,,,,False,,/ đêm,2,,,True,,True,,,,True,,,,True,,True,True,,,,True,,,,,,,True,,True,,,,,,,,,,
781042949257928586,https://www.airbnb.com.vn/rooms/781042949257928586,,Ninh Xuân,30,20.2445591,105.9259271,REGULAR,,Phòng hai người có ban công hướng núi,private_room,1,False,True,5,False,,/ đêm,2,True,True,True,True,True,,,,,True,365.177,₫365.177,,,,,,True,True,,False,False,,,,,,,,,,,,,,,,,
812738772739600370,https://www.airbnb.com.vn/rooms/812738772739600370,,Ninh Hải,30,20.216169003678697,105.92812979999998,REGULAR,,Homestay Tam Cốc Garden,private_room,,,,,False,,/ đêm,4,,,True,True,True,True,,,True,True,970.000,₫970.000,,,,,,,True,True,False,False,,,,,,,,,,,,,,,,,
881115901802337589,https://www.airbnb.com.vn/rooms/881115901802337589,,Hoa Lư,5,20.24733785074131,105.97932,REGULAR,,Lys Homestay Deluxe double room with moutain view,private_room,,False,True,,False,,/ đêm,2,True,,True,True,True,True,,,,True,,,True,,,,,,True,,False,False,,,,,,,,,,,,,,,,,
41468962,https://www.airbnb.com.vn/rooms/41468962,"4,75",Thành phố Ninh Bình,30,20.2585742,105.9497905,REGULAR,,Bungalow hướng Núi,private_room,4,,,,False,,/ đêm,2,,True,True,,True,True,,True,True,,742.048,₫742.048,,,,,,True,True,,,False,,,,,,,,,,,True,,,,,,
39615999,https://www.airbnb.com.vn/rooms/39615999,,H. Hoa Lư,9,20.23558,105.93975,REGULAR,,Ninh Binh Village 1990 Homestay,private_room,,,,,False,,/ đêm,2,,True,True,,True,,,,True,,294.401,₫294.401,,,,,,,True,True,False,False,,,,,True,,True,,,,,,,,,,
881446324462381520,https://www.airbnb.com.vn/rooms/881446324462381520,,Thành phố Ninh Bình,30,20.26377,105.96782,REGULAR,,Deluxe room for couple,private_room,,,,,False,,/ đêm,2,,True,True,True,True,,,,True,,,,,,,,,,True,,False,,True,True,,True,,,,,,,,,,,,,
43375871,https://www.airbnb.com.vn/rooms/43375871,,Ninh Bình,13,20.250614166259766,105.97445678710938,REGULAR,,Phòng Queen 2 với tầm nhìn ra vườn/hồ bơi,private_room,1,False,True,3,False,,/ đêm,2,True,,True,,True,True,,,True,,627.647,₫627.647,True,,,,,,True,,,,True,True,,,,,True,,,,,,,,,,
872049727256618981,https://www.airbnb.com.vn/rooms/872049727256618981,,Ninh Bình,30,20.24673,105.93425,REGULAR,,Kong's Homestay- Free Breakfast,private_room,,False,True,,False,,/ đêm,2,True,,True,True,True,True,,,,True,,,True,,,,,,True,,False,False,,,,,,,,,,,,,,,,,
566440135707321830,https://www.airbnb.com.vn/rooms/566440135707321830,,Thành phố Ninh Bình,30,20.24094,105.95343,REGULAR,,Ninh Bình Hoanggianghomestay,private_room,,False,True,,False,,/ đêm,16,,True,True,True,,,,,,True,299.553,₫299.553,,,,,False,,True,,False,False,True,,,,,,,,,,,,,,,,
