room_id,url,rating,city,contextualPicturesCount,lat,long,listingObjType,pdpUrlType,name,roomTypeCategory,reviewCount,canInstantBook,weeklyPriceFactor,structuredStayDisplayPrice,price,price_full,maxGuestCapacity,SYSTEM_VIEW_MOUNTAIN,SYSTEM_COOKING_BASICS,SYSTEM_WI_FI,SYSTEM_WORKSPACE,SYSTEM_MAPS_CAR_RENTAL,SYSTEM_JACUZZI,SYSTEM_TV,SYSTEM_EV_CHARGER,SYSTEM_NO_DETECTOR_CO2,SYSTEM_NO_DETECTOR_SMOKE,SYSTEM_POOL,SYSTEM_SNOWFLAKE,SYSTEM_PATIO_BALCONY,isSuperHost,isVerified,yearHosting,SYSTEM_LOCK_ON_DOOR,SYSTEM_FLOWER,SYSTEM_PETS,SYSTEM_SURVEILLANCE,SYSTEM_LUGGAGE_DROP,SYSTEM_HAIRDRYER,SYSTEM_VIEW_OCEAN,SYSTEM_WASHER,SYSTEM_MICROWAVE,SYSTEM_BREAKFAST,SYSTEM_SMOKING_ALLOWED,SYSTEM_NO_LOCK_ON_DOOR,SYSTEM_REFRIGERATOR,SYSTEM_FIREPLACE,SYSTEM_FIREPIT,SYSTEM_DRYER,SYSTEM_BATHTUB,SYSTEM_ELEVATOR,SYSTEM_MAPS_RESORT,SYSTEM_VIEW_CITY,SYSTEM_PIANO,SYSTEM_BOAT_SAIL,SYSTEM_BEACH,SYSTEM_SKI
53472497,https://www.airbnb.com.vn/rooms/53472497,"4,91",Ninh Bình,30,20.24982,105.97489,REGULAR,,Bungalow đôi có bồn tắm,private_room,65,False,,/ đêm,958.589,₫958.589,2,True,True,True,True,True,True,True,True,False,False,,,,,,,,,,,,,,,,,,,,,,,,,,,,,,
22776338,https://www.airbnb.com.vn/rooms/22776338,"4,6",,7,20.22774,105.93382,REGULAR,,Bungalow on the moutain,entire_home,25,False,,/ đêm,667.589,₫667.589,2,True,,True,True,True,,,,False,False,True,True,True,,,,,,,,,,,,,,,,,,,,,,,,,,,
742622306357457020,https://www.airbnb.com.vn/rooms/742622306357457020,"4,97",Ninh Xuân,13,20.24431,105.92529,REGULAR,,Bungalow tại Trang An,private_room,34,False,,/ đêm,,,2,,,True,True,True,True,,,,,True,True,,True,True,9,True,True,True,True,,,,,,,,,,,,,,,,,,,,
29007216,https://www.airbnb.com.vn/rooms/29007216,"4,74",Tỉnh Ninh Bình,21,20.21555,105.93937,REGULAR,,Bungalow Garden & Pool - Ga TamCoc Boat gần đó,private_room,97,False,,/ đêm,482.683,₫482.683,3,,,True,,True,,,,False,False,True,True,,,,,,True,,,True,True,,,,,,,,,,,,,,,,,,
39570968,https://www.airbnb.com.vn/rooms/39570968,"4,98",Ninh Bình,30,20.24664015886701,105.93531363774487,REGULAR,,Superiorwithbreakfast-NinhBinhValleMontanahomestay,private_room,55,False,,/ đêm,471.306,₫471.306,2,,True,True,True,True,,,,False,False,True,True,,,,,,,,,,,True,True,,,,,,,,,,,,,,,,
33296223,https://www.airbnb.com.vn/rooms/33296223,"4,86",Ninh Bình,30,20.26493,105.94218,REGULAR,,Sống cùng gia đình bản xứ - Phòng đôi có ban công,private_room,28,False,,/ đêm,365.177,₫365.177,2,,,True,,True,,True,,,,,True,,True,True,4,,,True,,,,,,True,True,True,False,,,,,,,,,,,,
39080554,https://www.airbnb.com.vn/rooms/39080554,"4,99",Gia Vien District,25,20.281305,105.857122,REGULAR,,Bungalow Double Garden View - Xe đạp miễn phí,hotel_room,70,False,,/ đêm,415.389,₫415.389,2,,,True,,True,,,,False,False,,True,,,,,,True,True,,,True,,,True,,,,True,,,,,,,,,,,
41309775,https://www.airbnb.com.vn/rooms/41309775,"5,0",,30,20.24625,105.93246,REGULAR,,Homestay bên sườn núi Ninh Bình - Có bữa sáng,private_room,38,False,,/ đêm,,,2,,,True,,True,,,,False,False,,True,,True,True,5,True,,,,,True,,,,True,,,,True,,,,,,,,,,
887372006198337468,https://www.airbnb.com.vn/rooms/887372006198337468,,Ninh Hải,30,20.218690015843094,105.92178960028593,REGULAR,,Tam Coc Friends Homestay,private_room,,False,,/ đêm,,,16,True,True,True,True,True,,,,False,False,,,,,,,,True,,True,,,True,,,,,,,,,,,,,,,,,
804265246683403719,https://www.airbnb.com.vn/rooms/804265246683403719,"4,63",Hoa Lư,24,20.21939,105.93176,REGULAR,,-10% homestay+ bữa sáng miễn phí,private_room,8,False,,/ đêm,381.631,₫381.631,2,True,,True,,True,,,,False,False,True,True,,False,True,3,True,,True,True,,,,,,,,,,,,,,,,,,,,
887998754811565087,https://www.airbnb.com.vn/rooms/887998754811565087,,Ninh Xuân,30,20.25327,105.9338,REGULAR,,TrangAn Passion Homestay Ninh Binh,entire_home,,False,,/ đêm,,,2,True,,True,,True,,True,,False,False,True,True,,,,,,,,,,,True,,,,,,,,True,,,,,,,,,
38954023,https://www.airbnb.com.vn/rooms/38954023,"4,88",Ninh Bình,30,20.26385,105.95123,REGULAR,,Sống cùng gia đình bản xứ quý giá Tràng An,private_room,51,False,,/ đêm,,,3,,True,True,True,True,,,,False,,,,,True,True,4,True,True,,True,,,True,,,,,,,,,,,,,,,,,
26877478,https://www.airbnb.com.vn/rooms/26877478,"4,95",Hoa Lư,30,20.24496,105.93375,REGULAR,,Homestay bên sườn núi Ninh Bình - Có bữa sáng,private_room,212,False,,/ đêm,535.327,₫535.327,2,,,True,,True,,,,False,False,,True,True,,,,,True,,,,True,,,,,,,True,True,,,,,,,,,,
38074845,https://www.airbnb.com.vn/rooms/38074845,"4,76",Ninh Bình,27,20.24541,105.93608,REGULAR,,Phòng King Sống cùng gia đình bản xứ sang trọng 1: WIFi nhanh,private_room,21,False,,/ đêm,,,2,True,True,True,,True,,,,False,False,,,,False,True,4,True,,True,True,,,,True,,,,,,,,,,,,,,,,
26891526,https://www.airbnb.com.vn/rooms/26891526,"4,95",Ninh Bình,30,20.26451,105.92898,REGULAR,,Gia đình bản xứ Yên Bình,entire_home,94,False,,/ đêm,1.027,₫1.027.059,5,,True,True,,True,,True,,False,False,,True,,,,,,True,,,,True,,True,,,,,,,,,,,,,,,,
39951221,https://www.airbnb.com.vn/rooms/39951221,"5,0",Ninh Binh,22,20.27668,105.92321,REGULAR,,Nhà Tam Giác - Bungalow Tràng An Lamia,entire_home,12,False,,/ đêm,700.000,₫700.000,2,,,True,,True,,,,False,False,True,True,,,,,,True,True,,,,,True,,,,,,,,True,,,,,,,,
862778622028740408,https://www.airbnb.com.vn/rooms/862778622028740408,"5,0",Ninh Xuân,15,20.25848,105.9737,REGULAR,,Nhà gỗ hướng núi,private_room,4,False,,/ đêm,,,2,True,,True,True,True,True,,,,,True,True,,True,True,9,True,,True,True,,,,,,,,,,,,,,,,,,,,
6112630,https://www.airbnb.com.vn/rooms/6112630,"4,88",Gia Sinh,30,20.2817,105.86349,REGULAR,,Hồ bơi & vườn bungalow sang trọng,entire_home,189,False,,/ đêm,936.822,₫936.822,2,True,True,True,True,True,,,,False,False,True,,,,,,,True,,,,,True,,,,,,,,,,,,,,,,,
53472178,https://www.airbnb.com.vn/rooms/53472178,"4,84",Ninh Xuân,30,20.24382,105.92684,REGULAR,,Bungalow đôi,private_room,31,False,,/ đêm,924.353,₫924.353,2,True,,True,True,True,True,True,True,False,False,,,,True,True,1,True,,,,,,,,,,,,,,,,,,,,,,,
720182241418513027,https://www.airbnb.com.vn/rooms/720182241418513027,"4,85",Ninh Xuân,15,20.24347196240488,105.92644208413084,REGULAR,,Nhà gỗ tại Trang An,private_room,13,False,,/ đêm,,,2,,,True,True,True,,,,False,False,True,,,True,True,9,True,True,,True,,,True,,,,,,,,,,,,,,,,,
39803953,https://www.airbnb.com.vn/rooms/39803953,"4,95",Hoa Lư,30,20.246,105.93603,REGULAR,,River-MountainView (2paxs)_NinhBinhValleMontanaHome,private_room,41,False,,/ đêm,471.306,₫471.306,2,,,True,,True,,,,False,False,True,True,True,,,,,True,,,True,,True,,,,,,,,,,,,,,,,,
29863761,https://www.airbnb.com.vn/rooms/29863761,"5,0",Trang An,30,20.26397,105.91503,REPRESENTATIVE,,"Xem núi, miễn phí: Ăn sáng, Xe đạp, Hồ bơi cho 2 người",private_room,27,False,,/ đêm,613.800,₫613.800,2,,,True,True,True,,True,,,,True,True,,,,,,True,True,True,,,True,,,,,,,,,,,,,,,,,
41309323,https://www.airbnb.com.vn/rooms/41309323,"4,97",Hoa Lư,30,20.24671,105.93365,REGULAR,,Homestay bên sườn núi Ninh Bình - Có bữa sáng,private_room,62,False,,/ đêm,535.327,₫535.327,2,,,True,,True,,,,False,False,True,True,True,,,,,True,,,,True,,,,,,,,True,,,,,,,,,,
32952622,https://www.airbnb.com.vn/rooms/32952622,"4,96",Gia Vien District,21,20.28212,105.85653,REGULAR,,Bungalow đôi 1 - Tầm nhìn ra vườn + Xe đạp miễn phí,hotel_room,102,False,,/ đêm,494.358,₫494.358,2,,,True,,True,,,,False,False,,True,True,,,,,True,True,,,True,,,,,,,True,,,,,,,,,,,
23623743,https://www.airbnb.com.vn/rooms/23623743,"4,94",,23,20.2152,105.92899,REGULAR,,Nội trợ tuyệt vời - Nhà cọ Tam Cốc - Phòng sinh đôi,private_room,53,False,,/ đêm,,,2,,,,,,,,,False,False,,True,,True,True,5,,,,,,True,,,,True,,False,,,,,,,,,,,,
39348682,https://www.airbnb.com.vn/rooms/39348682,"4,86",Hoa Lư,30,20.2173,105.92922,REGULAR,,Biệt thự Tam Cốc Amanda,private_room,28,False,,/ đêm,399.412,₫399.412,16,True,True,True,,True,,True,,,False,True,,,True,True,4,,True,True,,,,,,,,,False,,,,,,,,,,,,
46890950,https://www.airbnb.com.vn/rooms/46890950,"5,0",Trường Yên,30,20.26152,105.91293,REGULAR,,"Quang cảnh núi và hồ, bữa sáng miễn phí cho 2 người",private_room,15,False,,/ đêm,,,2,,,True,True,True,,,,False,False,,,,,,,,True,True,True,,,True,,,,,,,,,,,,,,,,,
15158961,https://www.airbnb.com.vn/rooms/15158961,"4,43",Ninh Bình,7,20.22726058959961,105.93325805664062,REGULAR,,Chezbeo Homestay #10- Phòng trăng mật,entire_home,47,False,,/ đêm,722.682,₫722.682,2,True,,True,,True,,,,False,False,,True,True,,,,,,True,,,,True,True,,,,,,,,,,,,,,,,
25267792,https://www.airbnb.com.vn/rooms/25267792,"4,62",Hoa Lư,24,20.21823,105.9344,REGULAR,,"Sống cùng gia đình bản xứ Amira, phòng SINH đôi với tầm nhìn ra vườn",private_room,13,False,,/ đêm,365.177,₫365.177,2,,,True,,True,,,,False,False,,True,,False,True,5,True,,,,,True,,,,,,,,,,,,,,,,,,
34078704,https://www.airbnb.com.vn/rooms/34078704,"4,89",,30,20.23719,105.93982,REGULAR,,Làng Ninh Bình 1990 Homestay & Bữa sáng,hotel_room,19,False,,/ đêm,267.664,₫267.664,2,,True,True,True,True,,,True,,,,True,,,,,,,True,,,,,True,,,,,,,,True,True,,,,,,,
763613745479437363,https://www.airbnb.com.vn/rooms/763613745479437363,"4,85",Ninh Xuân,13,20.246379941059626,105.93785662204027,REGULAR,,Phòng3 người có ban công hướng núi,private_room,13,False,,/ đêm,,,3,True,True,True,True,True,,,,False,False,,,,False,True,5,True,True,,True,,,,,,,,,,,,,,,,,,,,
36281871,https://www.airbnb.com.vn/rooms/36281871,"4,78",Ninh Bình,30,20.24205,105.97379,REGULAR,,Khách sạn Cozy Son là sự lựa chọn lý tưởng của bạn,private_room,27,False,,/ đêm,336.647,₫336.647,16,,True,True,,True,,True,,False,,,True,,,,,,,True,True,,,,True,,,,,,,,True,,,,,,,,
31404385,https://www.airbnb.com.vn/rooms/31404385,"4,88",Ninh Bình,30,20.2655,105.94266,REGULAR,,Sống cùng gia đình bản xứ của anh trai Ninh Bình,entire_home,42,False,,/ đêm,330.941,₫330.941,16,True,True,True,True,True,True,True,,,,,,,,,,,True,True,True,,,,,,,,,,,,,,,,,,,,
34880623,https://www.airbnb.com.vn/rooms/34880623,"4,68",Ninh Bình,30,20.25156,105.97397,REGULAR,,Homestay & Bữa sáng tại Làng Ninh Bình 1990,hotel_room,38,False,,/ đêm,282.769,₫282.769,2,,True,True,True,True,,,True,,,,True,,,,,,,True,,,,,True,,,,,,,,True,True,,,,,,,
21761449,https://www.airbnb.com.vn/rooms/21761449,"4,87",Thành phố Ninh Bình,30,20.21743,105.95216,REGULAR,,Sống cùng người bản xứ mới,private_room,15,False,,/ đêm,,,9,,True,True,True,True,,,,,,,,,False,True,5,,True,True,True,,,True,,,,,False,,,,,,,,,,,,
875100969852766344,https://www.airbnb.com.vn/rooms/875100969852766344,,Thành phố Ninh Bình,30,20.26411,105.96757,REGULAR,,Beautiful balcony-central room,private_room,,False,,/ đêm,,,2,,True,True,True,True,,True,,False,,,True,,,,,,,,True,,,True,,,,,,,,,,,True,,,,,,
33296496,https://www.airbnb.com.vn/rooms/33296496,"5,0",Ninh Bình,26,20.26585,105.9422,REGULAR,,Sống cùng gia đình bản xứ của anh trai - Phòng đôi,private_room,6,False,,/ đêm,341.212,₫341.212,2,,,True,,True,,True,,,,,True,True,True,True,4,,True,True,,,,,,,True,,False,True,,,,,,,,,,,
36662774,https://www.airbnb.com.vn/rooms/36662774,"4,97",Ninh Bình,30,20.27671,105.93717,REGULAR,,Sống cùng gia đình bản xứ Tre Xanh,entire_home,36,False,,/ đêm,308.118,₫308.118,7,True,,True,True,True,True,True,,,,,True,,,,,,True,,,,,,True,,,,,,,,,True,,,,,,,
38206975,https://www.airbnb.com.vn/rooms/38206975,"4,67",Ninh Bình,27,20.24949,105.97521,REGULAR,,Phòng đôi cho gia đình bản xứ sang trọng m2: WIFI miễn phí,private_room,9,False,,/ đêm,,,2,,True,True,True,True,,,,False,False,,,,False,True,4,True,,True,True,,,,True,,,,,,,,,,,,,,,,
41388047,https://www.airbnb.com.vn/rooms/41388047,"4,76",Hoa Lư,19,20.21746,105.93772,REGULAR,,Giường đôi Tam Cốc - Ngắm vườn & Bữa sáng miễn phí,private_room,17,False,,/ đêm,570.589,₫570.589,2,True,,True,,True,,,,False,False,,True,,,,,,True,,,,True,,,,,,,,,,True,,,,,,,,
877401403359529555,https://www.airbnb.com.vn/rooms/877401403359529555,,Thành phố Ninh Bình,30,20.26245,105.96584,REGULAR,,Cozy central room in the city,private_room,,False,,/ đêm,,,2,,True,True,True,True,,,,False,,,True,True,,,,,,,True,,,True,,,,,,,,,,,True,,,,,,
53472392,https://www.airbnb.com.vn/rooms/53472392,"4,88",Ninh Bình,30,20.25019,105.97502,REGULAR,,Gia đình Bungalow có bồn tắm,private_room,16,False,,/ đêm,1.202,₫1.202.801,4,True,,True,True,True,True,True,,False,False,,,,,,,,,True,,,,,,,,,,,,,,,,True,,,,,
31474367,https://www.airbnb.com.vn/rooms/31474367,"4,99",Tỉnh Ninh Bình,15,20.2159,105.93816,REGULAR,,SỐNG CÙNG GIA ĐÌNH BẢN xứ CENTER TAM COC - Phòng đôi có ban công,private_room,97,False,,/ đêm,342.353,₫342.353,2,,True,True,,True,,,,False,False,,True,,True,True,4,True,,True,,,,,True,,,,,,,,True,,,,,,,,
22455564,https://www.airbnb.com.vn/rooms/22455564,"4,92",,30,20.24612,105.93309,REGULAR,,"Phòng view núi gần Tràng An, Free bể bơi & ăn sáng",private_room,98,False,,/ đêm,,,3,,,True,True,True,,,,,,True,,,,,,,True,True,,,,True,True,,,,,,,,True,,,,,,,,
29254098,https://www.airbnb.com.vn/rooms/29254098,"4,72",Hoa Lư District,25,20.2157,105.93647,REGULAR,,Vườn hai phòng hai giường đơn và hồ bơi - thuyền TamCoc gần đó,private_room,36,False,,/ đêm,482.683,₫482.683,2,,,True,,,,,,False,False,True,True,,,,,,True,,,True,True,,True,,True,,,,,,,,,,,,,,
23199769,https://www.airbnb.com.vn/rooms/23199769,"4,96",,30,20.24594,105.93183,REGULAR,,Homestay bên sườn núi Ninh Bình - Có bữa sáng,private_room,140,False,,/ đêm,535.327,₫535.327,2,,,True,,True,,,,False,False,,True,True,,,,,True,,,,True,,,,True,,,True,,,,,,,,,,,
831323020370949479,https://www.airbnb.com.vn/rooms/831323020370949479,"4,5",Ninh Xuân,30,20.24581,105.92051,REGULAR,,Lotus Field Bungalow,private_room,4,False,,/ đêm,911.800,₫911.800,2,,,True,True,True,,,True,False,False,,True,True,,,,,,,True,,,,,,,,,,,,True,,,,,,,,
47259609,https://www.airbnb.com.vn/rooms/47259609,"5,0",Hoa Lư,12,20.21201,105.93553,REGULAR,,phòng đôi,entire_home,7,False,,/ đêm,608.818,₫608.818,2,,True,True,True,True,,,,False,False,,True,,,,,,,True,,,,,True,,,,,,,,True,,,,,,,,
40962606,https://www.airbnb.com.vn/rooms/40962606,"4,92",Hoa Lư,10,20.21531,105.93653,REGULAR,,Nhà sinh thái Tamcoc - Phòng Basil,private_room,12,False,,/ đêm,336.647,₫336.647,2,,True,True,True,True,,,,False,False,,True,,True,True,4,,True,True,,,,,,,,,False,,,,,,,,,,,,
25173358,https://www.airbnb.com.vn/rooms/25173358,"4,71",Hoa Lư,23,20.21772,105.93246,REGULAR,,"Sống cùng gia đình bản xứ Amira, Phòng dành cho gia đình có tầm nhìn ra vườn",private_room,17,False,,/ đêm,,,3,,,True,,True,,,,False,False,,True,,False,True,5,True,,,,True,True,,,,,True,,,,,,,,,,,,,
858571468576215713,https://www.airbnb.com.vn/rooms/858571468576215713,,Ninh Hải,5,20.219829867399117,105.93927880432037,REGULAR,,Phòng đôi có tầm nhìn ra núi,private_room,,False,,/ đêm,,,2,,,True,True,True,,,,False,False,True,True,,False,False,,True,,,True,,True,,,,,,,,,,,,,,,,,,
33007596,https://www.airbnb.com.vn/rooms/33007596,"4,99",Hoa Lư,18,20.24383,105.93713,REGULAR,,Hà Lan Homestay - Phòng đôi với bữa sáng miễn phí,hotel_room,114,False,,/ đêm,434.523,₫434.523,2,,,True,,True,,,,False,False,,True,,,,,,,,,,True,,,,True,,,,,,,,,,,,,,
873050276920199445,https://www.airbnb.com.vn/rooms/873050276920199445,,Thành phố Ninh Bình,13,20.2497702,105.9776501,REGULAR,,Room with pool view in tam coc,private_room,,False,,/ đêm,456.471,₫456.471,2,,,True,,,,,,False,False,True,True,,,,,,,True,,,,,,,,True,,,,,,,,,,,,,
23093405,https://www.airbnb.com.vn/rooms/23093405,"4,81",,30,20.2174,105.93433,REGULAR,,Khách sạn Cozy Son,hotel_room,104,False,,/ đêm,336.647,₫336.647,16,,True,True,,True,,True,,False,False,,True,True,,,,,,True,,,,,True,,,,,,,,,,,,,,,,
20144418,https://www.airbnb.com.vn/rooms/20144418,"4,89",Gia Sinh,30,20.28838,105.86145,REGULAR,,Bungalow sang trọng với tầm nhìn tuyệt vời ra hồ,entire_home,135,False,,/ đêm,,,2,,True,True,True,True,,,,False,False,True,,,,,,,,,True,,,True,True,,,,,,,,,,,,,,,,
38884264,https://www.airbnb.com.vn/rooms/38884264,"4,93",,19,20.24476,105.93676,REGULAR,,Mountain View Room with free breakfast,private_room,14,False,,/ đêm,524.867,₫524.867,2,,True,True,,True,,,,False,False,,True,True,,,,,,,,,True,,,,True,,,,,,,,,,,,,,
23445094,https://www.airbnb.com.vn/rooms/23445094,"4,95",,30,20.24671,105.93249,REGULAR,,PHÒNG ngắm núi với xe đạp VÀ hồ bơi miễn phí bữa sáng,private_room,61,False,,/ đêm,,,3,,,True,,True,,,,,,True,True,,,,,,True,True,,,,True,True,,,,,,,,True,,,,,,,,
864248797385876879,https://www.airbnb.com.vn/rooms/864248797385876879,,Thành phố Ninh Bình,6,20.2431,105.97509,REGULAR,,Double room near Ninh Binh Train Station,private_room,,False,,/ đêm,,,2,,,True,True,,,True,,,,,True,,,,,,,,,,,,,,,,,,,,,,,,,,,,
38206821,https://www.airbnb.com.vn/rooms/38206821,"3,86",Ninh Bình,27,20.24946,105.97395,REGULAR,,Phòng đôi Sống cùng gia đình bản xứ sang trọng 1: WIFI miễn phí,private_room,7,False,,/ đêm,,,2,,True,True,,True,,,,False,False,,,,False,True,4,True,,True,True,,,,True,,,,,,,,True,,,,,,,,
33711169,https://www.airbnb.com.vn/rooms/33711169,"4,94",,30,20.263978958129883,105.95145416259766,REGULAR,,Trang An Precious Homestay,private_room,17,False,,/ đêm,400.553,₫400.553,2,,True,True,True,True,,,,False,False,,,,True,True,4,True,,True,,,,,True,,,,,,,,True,,,,,,,,
854034696516995627,https://www.airbnb.com.vn/rooms/854034696516995627,,Ninh Xuân,27,20.25338,105.93265,REGULAR,,Nhà gỗ tre có hướng nhìn ra bể bơi,private_room,,False,,/ đêm,350.798,₫350.798,2,,True,True,True,True,,,,,False,True,,,False,True,,True,True,,True,,,,,,,,,,,,,,,,,,,,
20934279,https://www.airbnb.com.vn/rooms/20934279,"4,95",Gia Sinh,30,20.28385,105.86331,REGULAR,,Góc nhìn đôi sang trọng - Ngắm núi & vườn.,hotel_room,75,False,,/ đêm,,,2,,True,True,True,True,,,,False,,True,True,,,,,,,True,,,,,True,,,,,,,,True,,,,,,,,
709670918636467294,https://www.airbnb.com.vn/rooms/709670918636467294,"4,82",Ninh Xuân,20,20.2349121,105.9402457,REGULAR,,Cổng gỗ Ninh Bình - phòng ngủ cỡ King,private_room,22,False,,/ đêm,1.666,₫1.666.301,2,,True,True,True,True,True,,,False,False,True,,,,,,,True,,,,,True,,,,,,,,,,,,,,,,,
29865473,https://www.airbnb.com.vn/rooms/29865473,"4,97",Trang An,30,20.26545,105.91454,REPRESENTATIVE,,"Tầm nhìn ra núi, miễn phí: Bữa sáng, Xe đạp, Hồ bơi cho 4 người",private_room,34,False,,/ đêm,1.006,₫1.006.500,4,,,True,True,True,,True,,,,True,True,,,,,,True,True,True,,,True,,,,,,,,,,,,,,,,,
796080805297807765,https://www.airbnb.com.vn/rooms/796080805297807765,"4,8",Ninh Xuân,22,20.2390625,105.9349375,REGULAR,,Cổng gỗ Ninh Bình - phòng ngủ cỡ King,private_room,5,False,,/ đêm,1.673,₫1.673.009,2,,True,True,True,True,,,,False,False,True,,,,,,,True,,True,,,,,,,,,,,,,,,,,,,,
39411209,https://www.airbnb.com.vn/rooms/39411209,"5,0",Ninh Bình,29,20.27817,105.92223,REGULAR,,Bungalow Tràng An Lamia - Bamboo Bungalow,private_room,10,False,,/ đêm,1.600,₫1.600.000,2,,True,True,,True,,,,False,False,True,,,False,True,3,True,,True,,,,,True,,,,,,,,True,,,,,,,,
888118628464099772,https://www.airbnb.com.vn/rooms/888118628464099772,,Thành phố Ninh Bình,5,20.26097,105.97034,REGULAR,,Điểm đến của du khách du lịch,private_room,,False,,/ đêm,,,4,,True,True,True,True,,True,,False,False,,True,,,,,,,,True,,,,,,,,,,,,,,,,,,,,
39410201,https://www.airbnb.com.vn/rooms/39410201,"4,73",Ninh Binh,30,20.27637,105.92171,REGULAR,,Bungalow Tràng An Lamia - Nhà trên cây tre,entire_home,11,False,,/ đêm,1.600,₫1.600.000,2,,,True,,,,,,False,False,True,True,,,,,,,True,,,True,,True,,,,,,True,,True,,,,,,,,
38993778,https://www.airbnb.com.vn/rooms/38993778,"5,0",Gia Vien District,22,20.28098,105.85667,REGULAR,,Double Bungalow 2 - Garden View+ Xe đạp miễn phí,private_room,6,False,,/ đêm,416.301,₫416.301,2,,True,True,,True,,,,False,False,,True,,True,True,4,True,,True,,,True,,,,True,,,,,,,,,,,,,,
33261234,https://www.airbnb.com.vn/rooms/33261234,"5,0",Ninh Bình,23,20.26435,105.94101,REGULAR,,Gia đình bản xứ của anh trai Ninh Bình - Phòng đôi,private_room,4,False,,/ đêm,308.118,₫308.118,2,,,True,,True,,True,,,,,True,,True,True,4,,,True,,,True,,,,True,True,False,,,,,,,,,,,,
801886739044015627,https://www.airbnb.com.vn/rooms/801886739044015627,,Ninh Xuân,21,20.23874,105.93392,REGULAR,,Cổng gỗ - Biệt thự Hygge cho đại gia đình,private_room,,False,,/ đêm,3.645,₫3.645.746,6,,True,True,True,True,True,,,False,False,True,,,,,,,True,,,,,True,,,,,,,,,,,,,,,,,
766123173928149312,https://www.airbnb.com.vn/rooms/766123173928149312,"4,67",Hoa Lư,6,20.21511,105.93878,REGULAR,,Phòng tiêu chuẩn King 303,private_room,3,False,,/ đêm,416.530,₫416.530,2,,True,True,True,True,True,,,False,False,,,,,,,,,True,True,,,,True,,,,,,,,,,,,,,,,
42373025,https://www.airbnb.com.vn/rooms/42373025,"4,7",Thành phố Ninh Bình,30,20.24161,105.97498,REGULAR,,Sống cùng gia đình bản xứ tại Vườn Tràng An,private_room,10,False,,/ đêm,399.412,₫399.412,2,True,True,True,,True,True,,,,,,True,True,,,,,True,True,,,,,True,,,,,,,,,,,,,,,,
650330682687394532,https://www.airbnb.com.vn/rooms/650330682687394532,"4,79",Ninh Hải,26,20.2178,105.93509,REGULAR,,Vườn và Hồ bơi Phòng Duyên Dáng - Thuyền TamCoc gần đó,private_room,19,False,,/ đêm,483.530,₫483.530,2,,,True,,True,,,,False,False,True,True,,True,True,5,True,True,,,,,,True,,,,,,,,True,,,,,,,,
37921846,https://www.airbnb.com.vn/rooms/37921846,"5,0",Ninh Bình,10,20.21622,105.93869,REGULAR,,TRUNG tâm TAMCOC - Phòng đôi sang trọng với giường King,private_room,7,False,,/ đêm,330.941,₫330.941,2,,True,True,,True,,,,False,False,,True,,True,True,4,,,True,,,,,True,,,,False,,,,True,,,,,,,,
842469953407857346,https://www.airbnb.com.vn/rooms/842469953407857346,,Ninh Xuân,14,20.247403622061928,105.93410896878662,REGULAR,,Bugalow tại Ninh Binh,private_room,,False,,/ đêm,,,2,,,True,True,True,True,,,,,True,True,,,,,,True,True,True,,,,,,,,,,True,,,,,,,,,,
763624507604593462,https://www.airbnb.com.vn/rooms/763624507604593462,,Ninh Bình,30,20.25126,105.97498,REGULAR,,"Giường tầng, tầm nhìn ra vườn, bữa sáng miễn phí cho 1 người",shared_room,,False,,/ đêm,,,1,,,True,True,True,,,,False,False,,True,,,,,,True,True,True,,,True,,,,,,,,,,,,,,,,,
31473811,https://www.airbnb.com.vn/rooms/31473811,"4,88",Tỉnh Ninh Bình,17,20.21644,105.93856,REGULAR,,TRUNG tâm TAMCOC -Deluxe Phòng đôi với Garden View,private_room,33,False,,/ đêm,342.353,₫342.353,2,,True,True,,True,,,,False,False,,True,,True,True,4,,,True,,,,,True,,,,False,,,,True,,,,,,,,
632009464893710003,https://www.airbnb.com.vn/rooms/632009464893710003,,Ninh Bình,30,20.23751,105.94057,REGULAR,,Làng Ninh Bình 1990 Homestay & Bữa sáng,private_room,,False,,/ đêm,270.570,₫270.570,2,,True,True,True,True,,True,True,False,False,,,,,,,,,True,,,,,True,,,,,,,,,,,,,,,,
18512859,https://www.airbnb.com.vn/rooms/18512859,"4,88",hoa lư,30,20.24552,105.93327,REGULAR,,Phòng riêng gần Tràng An  & Hang Múa có bể bơi,hotel_room,210,False,,/ đêm,,,2,,,True,True,True,,,,,,True,True,True,,,,,,True,,,,True,True,,,,,,,,True,,,,,,,,
26866147,https://www.airbnb.com.vn/rooms/26866147,"4,95",Hoa Lư,30,20.24519,105.93293,REGULAR,,Ninh Bình Mountain Side Homestay - Xe đạp miễn phí,private_room,87,False,,/ đêm,535.327,₫535.327,4,,,True,,True,,,,False,False,,True,,True,True,5,True,True,,,,True,,,,,,,True,True,,,,,,,,,,
33007151,https://www.airbnb.com.vn/rooms/33007151,"4,97",Hoa Lư,21,20.24329,105.93704,REGULAR,,Family Room with Mountain View Free Breakfast,private_room,72,False,,/ đêm,536.927,₫536.927,3,,,True,,True,,,,False,False,,True,,,,,,,,,,True,,,,True,,,True,,,,,,,,,,,
53849139,https://www.airbnb.com.vn/rooms/53849139,"4,63",Ninh Xuân,30,20.246,105.92496,REGULAR,,Bungalow có 2 phòng ngủ,private_room,8,False,,/ đêm,1.460,₫1.460.707,6,True,,True,,True,,,,False,False,,True,True,,,,,,,True,,True,,,,,,,,,True,,,,,,,,,
39804142,https://www.airbnb.com.vn/rooms/39804142,"4,95",Ninh Bình,30,20.24659,105.93525,REGULAR,,Freshair-Fishing(2paxs)_NinhBinhValleMontanaHome,private_room,19,False,,/ đêm,467.379,₫467.379,2,True,,True,True,True,,,,False,False,True,,,True,True,4,True,,,,,,True,,,,,,,,,,,,,,,,,
33354391,https://www.airbnb.com.vn/rooms/33354391,"5,0",Ninh Bình,30,20.263940811157227,105.95125579833984,REGULAR,,Nhà Gỗ Cổ-Hai phòng gỗ cạnh nhau hướng ra vườn,entire_home,4,False,,/ đêm,883.271,₫883.271,6,,True,True,True,True,,,,False,False,,,,,,,,True,True,,,,True,,,,,,,,,,,,,,,,,
45583230,https://www.airbnb.com.vn/rooms/45583230,"4,82",Thành phố Ninh Bình,30,20.21739,105.94955,REGULAR,,Phòng đôi - gần tam cocain - bữa sáng miễn phí,entire_home,11,False,,/ đêm,741.765,₫741.765,16,True,True,True,True,True,,,,False,False,True,,,,,,,,True,,,,,True,,,,,,,,,,,,,,,,
867223692620397823,https://www.airbnb.com.vn/rooms/867223692620397823,,Thành phố Ninh Bình,30,20.26422,105.96581,REGULAR,,Wonderful - Central Vintage Room,private_room,2,False,,/ đêm,,,2,,,True,True,True,True,True,,False,False,,,,False,True,2,True,,,True,,,True,,,,,,,,,,,,,,,,,
45100079,https://www.airbnb.com.vn/rooms/45100079,"4,87",Ninh Thắng,30,20.21725,105.94566,REGULAR,,Tam Cốc Cocoon Homestay★View Núi★Cách Hang Múa 2km,private_room,15,False,,/ đêm,570.589,₫570.589,16,,True,True,,True,,,,False,False,True,True,,,,,,,True,True,,,,True,,,,,,,,,,,,,,,,
881095947237692275,https://www.airbnb.com.vn/rooms/881095947237692275,,Hoa Lư,6,20.24733785074131,105.97932,REGULAR,,Deluxe Double Room with balcony 205,private_room,,False,,/ đêm,,,2,,True,True,True,True,,True,,,,True,,,False,True,,True,True,,,,,,True,,,,,,,,True,,,,,,,,
816372573199081298,https://www.airbnb.com.vn/rooms/816372573199081298,,Ninh Hải,22,20.21894,105.91656,REGULAR,,-10% homestay+ miễn phí bữa sáng,private_room,1,False,,/ đêm,426.311,₫426.311,3,True,,True,True,True,,,,False,False,True,,,False,True,3,,True,,True,,,,,,,,False,,,,,,,,,,,,
36892799,https://www.airbnb.com.vn/rooms/36892799,"4,33",Hoa Lư,7,20.21664,105.93671,REGULAR,,Phòng đẹp ngắm núi.,private_room,15,False,,/ đêm,347.972,₫347.972,2,,True,True,True,True,,,,False,,,True,,False,True,4,True,,,,,,True,,,,,,,,,,,,,True,,,,
31889325,https://www.airbnb.com.vn/rooms/31889325,"4,83",Tỉnh Ninh Bình,14,20.21649,105.93853,REGULAR,,Tam Cốc - Phòng có ban công và nhà vệ sinh bên ngoài,private_room,6,False,,/ đêm,292.712,₫292.712,2,,True,True,,True,,,,False,False,,True,,True,True,4,,,True,,,,,True,,,,False,,,,True,,,,,,,,
31200483,https://www.airbnb.com.vn/rooms/31200483,"4,68",Ninh Bình,30,20.263891220092773,105.95138549804688,REGULAR,,TRANG AN PRECIOUS HOMESTAY,entire_home,25,False,,/ đêm,1.288,₫1.288.959,8,,True,True,True,True,,,,False,False,,,,,,,,True,True,,,,True,,,,,,,,,,,,,,,,,
35403920,https://www.airbnb.com.vn/rooms/35403920,,Ninh Thắng,30,20.21853,105.94841,REGULAR,,Gấp đôi sang trọng với chế độ xem vườn,private_room,,False,,/ đêm,456.471,₫456.471,2,,True,True,,True,True,True,,,,True,True,,,,,,,,,,,,True,,,,,,True,,True,,,,,,,,
38788382,https://www.airbnb.com.vn/rooms/38788382,"4,71",Thành phố Ninh Bình,29,20.24296,105.97376,REGULAR,,Hoang Linh Hotel,private_room,7,False,,/ đêm,342.353,₫342.353,16,,True,True,,True,,True,,False,,,True,,,,,,,True,,,,,True,,,,,,,,True,,True,,,,,,
860656254037075150,https://www.airbnb.com.vn/rooms/860656254037075150,,Ninh Bình,10,20.246698590507823,105.9337642416358,REGULAR,,Mountain View - Bữa sáng miễn phí,private_room,2,False,,/ đêm,570.589,₫570.589,2,True,,True,True,True,True,,,False,,True,,,False,True,2,True,,,True,,,,True,,,,,,,,,,,,,,,,
839492363847085376,https://www.airbnb.com.vn/rooms/839492363847085376,,Ninh Hải,25,20.21872,105.93435,REGULAR,,Sunny Room Garden & Pool - Thuyền TamCoc gần đó,private_room,,False,,/ đêm,483.530,₫483.530,2,,,True,,,,,,False,False,True,True,,,,,,True,,,True,True,,True,,True,,,,,,,,,,,,,,
39901515,https://www.airbnb.com.vn/rooms/39901515,,Ninh Bình,12,20.23012,105.93636,REGULAR,,Đó là thiên nhiên thực sự,private_room,,False,,/ đêm,,,4,,,True,,True,,,,False,False,,,,,,,,,True,True,,True,,,,True,True,,,,,,,,,,,,,
877886990360622850,https://www.airbnb.com.vn/rooms/877886990360622850,,Thành phố Ninh Bình,30,20.26297,105.96624,REGULAR,,Central Cozy room for 3 people,private_room,,False,,/ đêm,,,3,,True,True,True,True,,,,False,,,True,,False,True,,True,,,True,,,True,,,,,,,,,,,True,,,,,,
32967243,https://www.airbnb.com.vn/rooms/32967243,"4,97",Hoa Lư,21,20.24439,105.93724,REGULAR,,Mountain View Room with Free Breakfast,private_room,76,False,,/ đêm,537.420,₫537.420,2,,,True,,True,,,,False,False,,True,True,,,,,,,,,True,,,,True,,,,,,,,,,,,,,
40275041,https://www.airbnb.com.vn/rooms/40275041,"4,33",H. Hoa Lư,26,20.21537,105.93645,REGULAR,,Tam Coc Ninh Bình Vietnam - Tam Coc Cozy Homestay,private_room,3,False,,/ đêm,,,16,,True,True,,True,,,,False,False,,True,,False,True,3,,,True,,,,,True,,,,False,,,,True,,,,,,,,
21403402,https://www.airbnb.com.vn/rooms/21403402,,Ninh Bình,22,20.274414,105.866585,REGULAR,,Phòng giường đôi sang trọng,private_room,,False,,/ đêm,524.942,₫524.942,2,True,True,True,True,True,,,,False,False,,,,True,True,,True,True,,True,,,,,,,,,,,,,,,,,,,,
33232360,https://www.airbnb.com.vn/rooms/33232360,"4,57",Hoa Lư,30,20.2663,105.92083,REGULAR,,Ngôi nhà trên núi ở Tràng An,private_room,7,False,,/ đêm,,,8,,True,True,,True,,,,False,,True,True,True,False,True,6,,,True,,,,True,,,,,False,,,,,,,,,,,,
40815104,https://www.airbnb.com.vn/rooms/40815104,"4,83",Hoa Lư District,30,20.21423,105.93622,REGULAR,,Gia đình bản xứ phù hợp với gia đình Tam Cốc,private_room,6,False,,/ đêm,,,14,,True,True,,True,,,,False,False,,True,,False,True,3,,,True,,,True,,,,True,,False,,,,,,,,,,,,
33543879,https://www.airbnb.com.vn/rooms/33543879,,Ninh Bình,17,20.24613,105.93644,REGULAR,,Vườn Bí Mật Tràng An - Phòng gia đình,hotel_room,,False,,/ đêm,,,3,,,True,,True,True,,,False,False,True,True,,,,,,,,,,True,,True,,,,,,,,True,,,,,,,,
36832151,https://www.airbnb.com.vn/rooms/36832151,"4,86",,30,20.27667,105.9372,REGULAR,,Homestay Tre Xanh - Phòng giường cỡ King có phòng tắm riêng,private_room,7,False,,/ đêm,308.118,₫308.118,2,True,True,True,True,True,,,,,,,True,,True,True,4,True,True,,,,,,True,,,,,,,,,True,,,,,,,
27531592,https://www.airbnb.com.vn/rooms/27531592,"4,77",Hoa Lư,30,20.25264,105.92522,REGULAR,,Bungalow Trung tâm Tràng An,private_room,43,False,,/ đêm,741.765,₫741.765,14,,True,True,True,True,,,,,,True,True,True,False,True,6,,,True,,,,True,,,,,False,,,,,,,,,,,,
788963382377678571,https://www.airbnb.com.vn/rooms/788963382377678571,,Ninh Hải,30,20.206245921149016,105.93153073595228,REGULAR,,Tam Coc Việt Hà Homestay,private_room,2,False,,/ đêm,365.177,₫365.177,16,True,True,True,True,True,,,,False,False,,,,True,True,4,,True,,True,,,,,,,,False,,,,,,,,,,,,
40685272,https://www.airbnb.com.vn/rooms/40685272,"4,82",Ninh Bình,18,20.24639892578125,105.95801544189453,REGULAR,,Phòng Queen 1 với tầm nhìn ra vườn/hồ bơi,private_room,11,False,,/ đêm,627.647,₫627.647,2,,True,True,,True,,True,,,,True,True,True,False,True,3,True,,,,,,True,,,,,,,,,True,,,,,,,,
40710835,https://www.airbnb.com.vn/rooms/40710835,"5,0",Hoa Lư,30,20.26134,105.91229,REGULAR,,"Tràng An 2 phòng đôi liền kề, Free bể bơi, ăn sáng",private_room,12,False,,/ đêm,,,6,,,True,,True,,,,,,True,,,True,True,6,,True,True,,,,True,True,,,,False,,,,True,,,,,,,,
8803021,https://www.airbnb.com.vn/rooms/8803021,"4,81",Gia Sinh,30,20.27728,105.85795,REGULAR,,Bể bơi & vườn cây cảnh gia đình sang trọng,private_room,42,False,,/ đêm,1.391,₫1.391.833,4,,True,True,True,True,True,,,False,,True,,,,,,,True,True,,,,,True,,,,,,,,,,,,,,,,
724140241029989649,https://www.airbnb.com.vn/rooms/724140241029989649,"5,0",Gia Sinh,28,20.281273175550226,105.85720848245894,REGULAR,,Phòng kết nối ấm cúng với 3 giường,private_room,6,False,,/ đêm,717.800,₫717.800,4,,True,True,,True,,,,False,False,,True,,True,True,4,,True,True,,True,,,,,,,False,,,,,,,,,,,,
22878974,https://www.airbnb.com.vn/rooms/22878974,"4,91",,30,20.2152,105.92899,REGULAR,,Sống cùng gia đình bản xứ tuyệt vời - Nhà cọ Tam Cốc,private_room,128,False,,/ đêm,602.541,₫602.541,2,,,True,,True,,,,False,False,,True,,,,,,True,,,True,,,True,,,,,,True,,True,,,,,,,,
845949931018527565,https://www.airbnb.com.vn/rooms/845949931018527565,"4,33",Thành phố Ninh Bình,8,20.239703243485792,105.96872683614492,REGULAR,,Diep 's House - Double City View,private_room,3,False,,/ đêm,285.294,₫285.294,2,,,True,,True,,,,False,False,,True,,False,False,4,True,,,True,,,,,,,,,,,,,,,,,,,,
38463936,https://www.airbnb.com.vn/rooms/38463936,"4,85",Hoa Lư,30,20.25212,105.9174,REGULAR,,Bungalow Trung tâm Tràng An,private_room,13,False,,/ đêm,716.659,₫716.659,16,,True,True,,True,True,,,,,True,True,,False,True,6,,,True,,,,,True,,,,False,,,,True,,,,,,,,
881111499894298174,https://www.airbnb.com.vn/rooms/881111499894298174,,Hoa Lư,5,20.24733785074131,105.97932,REGULAR,,Deluxe double room with moutain view,private_room,,False,,/ đêm,,,2,,True,True,True,True,,True,,False,,True,,,False,True,,True,,,True,,,,True,,,,,,,,,,,,,,,,
27483776,https://www.airbnb.com.vn/rooms/27483776,"4,97",Hoa Lư,30,20.24472,105.93323,REGULAR,,Ninh Bình Mountain Side Homestay - Xe đạp miễn phí,private_room,31,False,,/ đêm,535.327,₫535.327,4,,,True,,True,,,,False,False,,True,,,,,,,,,,True,,,,True,,,True,True,,,,,,,,,,
781566471976125351,https://www.airbnb.com.vn/rooms/781566471976125351,,Hoa Lư,16,20.21731122031657,105.95215841318708,REGULAR,,Phòng 201,private_room,,False,,/ đêm,,,2,,True,True,,True,,True,,False,False,,True,,,,,,,,True,,,,,,,True,,,,,,,,,True,,,,
53385817,https://www.airbnb.com.vn/rooms/53385817,"5,0",Hoa Lư,30,20.247,105.93384,REGULAR,,gia đình bungalow,private_room,5,False,,/ đêm,1.160,₫1.160.197,4,True,,True,True,True,True,True,True,False,False,,,,,,,,,,,,,,True,,,,,,,,,,,,,,,,
765797563174657357,https://www.airbnb.com.vn/rooms/765797563174657357,,Hoa Lư,19,20.216005844577193,105.93803344790338,REGULAR,,Homestay Full House Tam Cốc,private_room,,False,,/ đêm,,,2,,True,True,True,True,,,,False,False,True,,,,,,,True,,True,,,True,,,,,,,,,,,,,,,,,
24085998,https://www.airbnb.com.vn/rooms/24085998,"3,67",,30,20.21843,105.93354,REGULAR,,Sống cùng gia đình bản xứ Amira - Phòng đơn,private_room,3,False,,/ đêm,,,1,,,True,,True,,,,False,False,,True,,False,True,5,True,,True,,True,True,,,,,,,,,,True,,,,,,,,
39410097,https://www.airbnb.com.vn/rooms/39410097,"5,0",Ninh Bình,28,20.25167,105.9753,REGULAR,,Bungalow Lamia Tràng An - Gia Đình Bungalow Gỗ,private_room,3,False,,/ đêm,2.100,₫2.100.000,4,,,True,,,,,,False,False,True,True,,False,True,3,True,,True,,,True,,True,,,,,,,,True,,,,,,,,
43730532,https://www.airbnb.com.vn/rooms/43730532,,Hoa Lư,5,20.21722,105.93809,REGULAR,,Phòng riêng có ban công,private_room,1,False,,/ đêm,,,2,,,True,,,,,,False,False,,True,True,False,True,4,True,,,True,,,,,,,True,,,,,,,,,,,,,
623739535071488660,https://www.airbnb.com.vn/rooms/623739535071488660,,Hoa Lư,28,20.21544,105.93819,REGULAR,,Phòng giường đôi nhìn ra vườn,private_room,,False,,/ đêm,342.353,₫342.353,2,,True,True,,,,,,False,False,,True,,False,True,,True,,,,,,,True,,,,,,,,,,,,,,,,
879171464835359577,https://www.airbnb.com.vn/rooms/879171464835359577,,Thành phố Ninh Bình,30,20.26365,105.96629,REGULAR,,Deluxe room in the city center,private_room,,False,,/ đêm,,,2,,True,True,True,True,,,,False,,,True,True,,,,,,,True,,,True,,,,,,,,,,,True,,,,,,
41050020,https://www.airbnb.com.vn/rooms/41050020,"4,82",Ninh Bình,18,20.26193,105.97008,REGULAR,,Phòng Deluxe,private_room,17,False,,/ đêm,595.800,₫595.800,2,,,True,True,True,True,True,,False,,,,,,,,,True,,,,,,True,,,,,,,,True,,,,,,,,
33294323,https://www.airbnb.com.vn/rooms/33294323,"4,4",Tỉnh Ninh Bình,26,20.21726,105.93438,REGULAR,,Chế độ xem hồ bơi sống cùng gia đình bản xứ King Kong,private_room,15,False,,/ đêm,627.647,₫627.647,2,,,True,,,,,,,,True,True,,,,,,,True,,,True,,,,,,,,,,,,,,,,,,
763301681825757665,https://www.airbnb.com.vn/rooms/763301681825757665,,Ninh Xuân,13,20.2445591,105.9259271,REGULAR,,Phòng riêng tại Trang An,private_room,1,False,,/ đêm,,,3,,,True,True,True,True,,,,,True,True,,True,True,9,True,,,True,True,,,,,,,,,True,,,,,,,,,,
38076557,https://www.airbnb.com.vn/rooms/38076557,,Ninh Bình,27,20.24674,105.93554,REGULAR,,Phòng King cho gia đình bản xứ sang trọng 2: WIFI NHANH,private_room,1,False,,/ đêm,450.000,₫450.000,2,True,True,True,,True,,,,False,False,,,,False,True,4,True,,True,True,,,,True,,,,,,,,,,,,,,,,
869133918664793750,https://www.airbnb.com.vn/rooms/869133918664793750,,Ninh Xuân,16,20.24881996760543,105.93234468251467,REGULAR,,Tràng An Np homestay,private_room,,False,,/ đêm,,,2,,True,True,True,True,,,,False,False,True,True,,False,True,,True,,,True,,,,,,,,,,,,,,,,,,,,
845949499798075355,https://www.airbnb.com.vn/rooms/845949499798075355,,Thành phố Ninh Bình,5,20.24044,105.96755,REGULAR,,Phòng nhỏ có ban công riêng,private_room,,False,,/ đêm,351.189,₫351.189,2,,,True,,True,,,,False,False,,True,True,,,,,,,True,,,,,,,,,,,,,,,,,,,,
8496481,https://www.airbnb.com.vn/rooms/8496481,"4,78",tp. Ninh Bình,30,20.28369,105.86351,REGULAR,,Nhà bungalow sang trọng & Hướng nhìn ra vườn,private_room,46,False,,/ đêm,856.522,₫856.522,2,,True,True,True,True,,,,False,False,True,,,,,,,True,True,,,,,,,,,,,,,True,,,,,,,,
43375548,https://www.airbnb.com.vn/rooms/43375548,,Ninh Bình,13,20.250614166259766,105.97445678710938,REGULAR,,Phòng gia đình 3 với tầm nhìn ra vườn/hồ bơi,private_room,1,False,,/ đêm,798.824,₫798.824,4,,True,True,,True,,True,,,,True,True,,False,True,3,True,,True,,,,True,,,,,,,,,True,,,,,,,,
40710377,https://www.airbnb.com.vn/rooms/40710377,"5,0",Hoa Lư,23,20.28294,105.89406,REGULAR,,"Phòng Garden View với bữa sáng, Hồ bơi & Xe đạp miễn phí",private_room,9,False,,/ đêm,,,3,,,True,,True,,,,False,False,True,True,,True,True,6,,True,True,,,,,,,,,False,,,,,,,,,,,,
751837212627265366,https://www.airbnb.com.vn/rooms/751837212627265366,,Hoa Lư,20,20.26571,105.91615,REGULAR,,Tràng An Valley Bungalow,private_room,,False,,/ đêm,797.103,₫797.103,2,True,,True,True,True,,,,False,False,True,,,,,,,True,,True,,,True,,,,,,,,,,,,,,,,,
32348276,https://www.airbnb.com.vn/rooms/32348276,"4,45",Thành phố Ninh Bình,14,20.2389,105.96876,REGULAR,,Diep 's House - Garden view - Giường đôi,private_room,11,False,,/ đêm,303.553,₫303.553,2,,,True,,,,,,False,False,,True,True,,,,,,,,,True,,,,True,,,True,,,,,,,,,,,
16771174,https://www.airbnb.com.vn/rooms/16771174,"4,44",Ninh Bình,5,20.22578,105.93999,REGULAR,,Chezbeo Homestay #11 - Phòng của Jungle,private_room,9,False,,/ đêm,,,4,True,True,True,,True,,,,False,False,,,,,,,,True,True,,,True,,,,,,,,True,,,,,,,,,,
28823882,https://www.airbnb.com.vn/rooms/28823882,"5,0",,30,20.24535,105.9337,REGULAR,,(p3)Village Bungalow & Garden View với xe đạp miễn phí,private_room,7,False,,/ đêm,682.424,₫682.424,4,,,True,True,True,,True,,False,False,,True,True,,,,,True,True,,,,,,,,,,,,,,,,,,,,,
877354344384694389,https://www.airbnb.com.vn/rooms/877354344384694389,,Thành phố Ninh Bình,30,20.26344,105.96731,REGULAR,,Cozy lovely room in the center,private_room,,False,,/ đêm,,,2,,True,True,True,True,,True,,False,,,,,False,True,,True,,,True,,,True,,,,,,,,,,,True,,,,,,
881103457716253256,https://www.airbnb.com.vn/rooms/881103457716253256,,Hoa Lư,5,20.24733785074131,105.97932,REGULAR,,Deluxe double room with balcony,private_room,,False,,/ đêm,,,2,,True,True,True,True,,True,,False,False,True,,,False,True,,True,,,True,,,,,,,,,,,,,,,,,,,,
761375018710056172,https://www.airbnb.com.vn/rooms/761375018710056172,,Ninh Xuân,11,20.23906,105.93483,REGULAR,,Phòng đôi có bữa sáng miễn phí,private_room,,False,,/ đêm,513.530,₫513.530,2,,True,True,True,True,,,,False,False,True,,,,,,,True,True,True,,,,,,,,,,,,,,,,,,,,
39949620,https://www.airbnb.com.vn/rooms/39949620,,Ninh Binh,24,20.27745,105.92274,REGULAR,,Bungalow Tràng An Lamia - Cặp Nhà Tam Giác,entire_home,,False,,/ đêm,700.000,₫700.000,2,,,True,,True,,,,False,False,True,True,,,,,,,True,,,True,,True,,,,,,,,True,,,,,,,,
39718330,https://www.airbnb.com.vn/rooms/39718330,"5,0",Hoa Lư,30,20.2456,105.9358,REGULAR,,Gia đình (4paxs-bữa sáng)-NinhBinhValleMontanaHome,private_room,3,False,,/ đêm,741.765,₫741.765,4,,,True,,True,,,,False,False,True,True,True,True,True,4,True,True,,,,,True,,,,,,,,,,,,,,,,,
873063806574752449,https://www.airbnb.com.vn/rooms/873063806574752449,,Thành phố Ninh Bình,10,20.21532,105.9379,REGULAR,,Tam Coc lovely - double room,private_room,,False,,/ đêm,,,2,,,True,,,,,,False,False,True,True,,,,,,,True,,,,,,,,True,,,,,,,,,,,,,
23444338,https://www.airbnb.com.vn/rooms/23444338,"4,87",,23,20.24596,105.93309,REGULAR,,2 phòng ngắm hồ bơi & ăn sáng & xe đạp MIỄN PHÍ,hotel_room,39,False,,/ đêm,2.054,₫2.054.119,8,,,True,,True,,,,,,True,True,True,,,,,True,True,,,,True,True,,,,,,,,True,,,,,,,,
28795978,https://www.airbnb.com.vn/rooms/28795978,"4,96",,30,20.24603,105.93194,REGULAR,,(p2) Tầm nhìn ra hồ bơi và xe đạp miễn phí,private_room,25,False,,/ đêm,629.930,₫629.930,2,,,True,True,True,,True,,False,False,True,True,,True,False,5,True,,True,,,,,,,,,,,,,,,,,,,,,
23199164,https://www.airbnb.com.vn/rooms/23199164,"5,0",,30,20.24423,105.93212,REGULAR,,Homestay bên sườn núi Ninh Bình - Bữa sáng miễn phí,private_room,30,False,,/ đêm,535.327,₫535.327,4,,,True,,True,,,,False,,,True,,True,True,5,True,,,,,True,,,,True,,,,,,,,,,,,,,
46915591,https://www.airbnb.com.vn/rooms/46915591,,Thành phố Ninh Bình,30,20.261615753173828,105.91311645507812,REGULAR,,"Giường tầng, tầm nhìn ra vườn, bữa sáng miễn phí cho 4 người",private_room,,False,,/ đêm,,,4,,,True,True,True,,,,False,False,,,,True,True,,True,True,True,,,,True,,,,,,,,,,,,,,,,,
867328291924307512,https://www.airbnb.com.vn/rooms/867328291924307512,,Thành phố Ninh Bình,13,20.25768,105.97057,REGULAR,,Fantastic round bed inc BF &Pool,private_room,,False,,/ đêm,,,2,,,True,,True,,True,,False,,True,True,,,,,,,,,,,,True,,,,,,,,,,,,,True,,,
36831924,https://www.airbnb.com.vn/rooms/36831924,"5,0",Ninh Bình,30,20.27666,105.9372,REGULAR,,Nhà homestay Tre Xanh có tầm nhìn ra vườn,private_room,3,False,,/ đêm,308.118,₫308.118,4,True,True,True,,True,,True,,,,,True,,True,True,4,,True,,,,,,True,,,,False,,,,True,,,,,,,,
27064182,https://www.airbnb.com.vn/rooms/27064182,"4,92",Hoa Lư,30,20.24593,105.93314,REGULAR,,Gia đình bản xứ bên Moutain Ninh Bình - Xe đạp miễn phí,private_room,63,False,,/ đêm,,,4,,,True,,True,,,,False,False,,True,True,True,True,5,True,True,,,,True,,,,,,,,True,,,,,,,,,,
32562356,https://www.airbnb.com.vn/rooms/32562356,,Thành phố Ninh Bình,30,20.2533752,105.9719845,REGULAR,,Phòng Khách Sạn tại trung tâm Thành Phố Ninh Bình.,private_room,,False,,/ đêm,285.294,₫285.294,3,,,True,True,True,,True,,False,,,True,,,,,,,,True,True,True,,,,,,,,,,,,,,True,,,,
876233926005036204,https://www.airbnb.com.vn/rooms/876233926005036204,,Thành phố Ninh Bình,6,20.25031,105.9624,REGULAR,,Aroma homestay Ninh Bình,private_room,,False,,/ đêm,,,10,,True,True,True,True,,True,,False,False,,,,,,,,True,,True,,,True,,,,,,,,,,,,,,,,,
830204677256386077,https://www.airbnb.com.vn/rooms/830204677256386077,,Thành phố Ninh Bình,7,20.2423634,105.9739073,REGULAR,,Phòng đơn gần Ga Ninh Bình,private_room,,False,,/ đêm,267.577,₫267.577,1,,,True,True,,,True,,False,False,,True,True,,,,,True,,,,,,,,,,,True,,,,,,,True,,,,
32567294,https://www.airbnb.com.vn/rooms/32567294,,Ninh Bình,11,20.23956,105.96745,REGULAR,,Phòng lớn có ban công hoa riêng,private_room,,False,,/ đêm,421.094,₫421.094,2,,True,True,,,,,,False,False,,True,,,,,,,,,,True,,True,,True,,,,True,,,,,,,,,,
813484405061932129,https://www.airbnb.com.vn/rooms/813484405061932129,,Thành phố Ninh Bình,30,20.26235092090991,105.96550684422255,REGULAR,,2 phòng ngủ nhìn ra bầu trời tuyệt vời tại trung tâm thành phố,entire_home,,False,,/ đêm,4.039,₫4.039.218,4,,True,True,True,True,True,True,,False,,,,,,,,,,,True,,,True,,,,,,,,,,,,,True,,,,
39079115,https://www.airbnb.com.vn/rooms/39079115,"5,0",Gia Vien District,18,20.281305,105.857122,REGULAR,,Garden View Twin  Bungalow - Xe đạp miễn phí,private_room,5,False,,/ đêm,542.059,₫542.059,2,,True,True,,True,,,,False,False,,True,,True,True,4,True,,True,,,True,,,,True,,,,,,,,,,,,,,
33242638,https://www.airbnb.com.vn/rooms/33242638,"4,84",Ninh Bình,30,20.21953,105.92252,REGULAR,,Bungalow Núi Tam Cốc,private_room,25,False,,/ đêm,798.824,₫798.824,3,,True,True,,True,,,,False,False,,True,,,,,,,True,,,True,,True,,,,,,,,True,,,,,,,,
35300699,https://www.airbnb.com.vn/rooms/35300699,"5,0",Trang An ,30,20.26451,105.91592,REPRESENTATIVE,,"Xem núi, miễn phí: Ăn sáng, Xe đạp, Hồ bơi cho 5 người",private_room,5,False,,/ đêm,1.197,₫1.197.900,5,True,,True,True,True,True,True,,,,True,,,,,,,True,True,True,,,,,,,,,,,,,,,,,,,,
887204308456288679,https://www.airbnb.com.vn/rooms/887204308456288679,,Trường Yên,6,20.2567326800566,105.92439797213856,REGULAR,,Tràng An Ecologe Ninh Bình,private_room,,False,,/ đêm,,,10,,,True,,True,True,,,False,False,True,True,,,,,,,True,True,,,,,,,True,,,,,,,,,,,,,
788066030410832017,https://www.airbnb.com.vn/rooms/788066030410832017,,Ninh Giang,21,20.31032016701033,105.93477273396864,REGULAR,,Bungalow,private_room,,False,,/ đêm,970.000,₫970.000,4,,True,True,True,True,,True,,False,False,True,,,,,,,True,,True,,,,,,,,,,,,,,,,,,,,
688788170052991136,https://www.airbnb.com.vn/rooms/688788170052991136,,Hoa Lư,30,20.214984262671557,105.93544665724039,REGULAR,,Khách sạn Hanahnas với tầm nhìn ra các con phố trên tầng hai.,private_room,,False,,/ đêm,,,2,,True,True,True,True,,,,False,False,,,,,,,,,,True,,,,True,,,,,,,,,,,,True,,True,,
748261441523062873,https://www.airbnb.com.vn/rooms/748261441523062873,"5,0",Ninh Xuân,16,20.2349121,105.9402457,REGULAR,,The Wooden Gate NB- Phòng Boutique Family Suite,private_room,4,False,,/ đêm,2.510,₫2.510.589,4,,True,True,True,True,,,,False,False,True,,,,,,,True,,,,,True,,,,,,,,,,,,,,,,,
8450875,https://www.airbnb.com.vn/rooms/8450875,"4,87",tp. Ninh Bình,30,20.28211,105.86415,REGULAR,,Bungalow Garden & bên hồ bơi,private_room,23,False,,/ đêm,1.017,₫1.017.083,2,,True,True,True,True,,,,False,False,True,,,True,True,8,,True,,,,,,,,,,False,,,,,,,,,,,,
24237852,https://www.airbnb.com.vn/rooms/24237852,"4,86",,30,20.24596,105.93308,REGULAR,,Phòng ngắm cảnh núi với bữa sáng và hồ bơi & xe đạp MIỄN PHÍ,private_room,14,False,,/ đêm,,,3,,True,True,,True,,,,,False,True,,,True,True,6,,True,True,,,,True,,,,,False,,,,,,,,,,,,
871367873338402838,https://www.airbnb.com.vn/rooms/871367873338402838,,Thành phố Ninh Bình,30,20.26272,105.96756,REGULAR,,Happy Room in city center,private_room,,False,,/ đêm,1.211,₫1.211.059,2,,True,True,True,True,,,,False,False,,True,,,,,,,,True,,,True,,,,,,,,,True,,,,,,,,
630288263934683733,https://www.airbnb.com.vn/rooms/630288263934683733,,Ninh Bình,30,20.236806869506836,105.94017791748047,REGULAR,,Phòng đôi gia đình & Bữa sáng miễn phí,private_room,,False,,/ đêm,376.588,₫376.588,3,,True,True,True,True,,,True,,,,,,,,,,True,True,True,,,,True,,,,,,,,True,,,,,,,,
725288121023510916,https://www.airbnb.com.vn/rooms/725288121023510916,,Hoa Lư,30,20.20663,105.94028,REGULAR,,Biệt thự Loan Tam Cốc,private_room,1,False,,/ đêm,399.412,₫399.412,16,,True,True,True,True,,,,False,,True,,,True,True,4,,True,True,True,,,,,,,,False,,,,,,,,,,,,
41098312,https://www.airbnb.com.vn/rooms/41098312,,Hoa Lư,5,20.23449,105.93018,REGULAR,,#17 Bungalow with mountain view,private_room,,False,,/ đêm,,,2,,,True,True,True,,,,False,False,,True,,False,True,,,True,True,,,,,,,,,False,,,,True,,,,,,,,
40793437,https://www.airbnb.com.vn/rooms/40793437,"5,0",Ninh Bình,29,20.26219,105.97065,REGULAR,,O Zoli Home,private_room,3,False,,/ đêm,642.140,₫642.140,2,,True,True,True,True,True,True,,False,False,,True,,,,,,,,,,True,,,,,,,,,,,,,,,,,,
880679448820891402,https://www.airbnb.com.vn/rooms/880679448820891402,,Hoa Lư,5,20.24733785074131,105.97932,REGULAR,,Lys Homestay -Deluxe Double Room with balcony view,private_room,,False,,/ đêm,,,2,,True,True,True,True,,True,,False,False,True,,,,,,,True,,True,,,,,,,,,,,,,,,,,,,,
28235037,https://www.airbnb.com.vn/rooms/28235037,"4,63",Ninh Bình,30,20.26104,105.91154,REGULAR,,Phòng gia đình với ban công hướng núi,private_room,8,False,,/ đêm,,,4,True,True,True,True,True,,,,False,False,,,,False,True,5,True,True,,,,,True,,,,,,,,,,,,,,,,,
851715170617281326,https://www.airbnb.com.vn/rooms/851715170617281326,,Ninh Hải,30,20.21616,105.93621,REGULAR,,Hanahnas Hotel với tầm nhìn thứ hai.,private_room,,False,,/ đêm,268.202,₫268.202,2,,True,True,True,True,,,,False,False,,True,True,,,,,,,True,,,,True,,,,,,,,,,,,,,,,
39801510,https://www.airbnb.com.vn/rooms/39801510,,Hoa Lư,30,20.2466,105.93523,REGULAR,,Fishing-stay(2 paxs) -NinhBinhValleMontanaHomestay,private_room,1,False,,/ đêm,,,2,,,True,,True,,,,False,False,True,True,True,True,True,4,True,True,,,,,True,,,,,,,,,,,,,,,,,
872049727256618981,https://www.airbnb.com.vn/rooms/872049727256618981,,Ninh Bình,30,20.24673,105.93425,REGULAR,,Kong's Homestay- Free Breakfast,private_room,,False,,/ đêm,,,2,,True,True,True,True,,True,,False,False,True,,,False,True,,True,,,True,,,,,,,,,,,,,,,,,,,,
24297454,https://www.airbnb.com.vn/rooms/24297454,"4,87",,19,20.22105,105.93883,REGULAR,,"Zuli ZenHome, hướng nhìn ra núi ở Tam Cốc #1",private_room,39,False,,/ đêm,481.803,₫481.803,2,,True,True,,True,,,,False,False,,True,True,,,,,,True,,,True,,,,,True,,,,,,,,,,,,,
39104338,https://www.airbnb.com.vn/rooms/39104338,,Gia Vien District,23,20.2809,105.85819,REGULAR,,Garden View Double Bungalow - Xe đạp miễn phí,private_room,2,False,,/ đêm,416.301,₫416.301,2,,True,True,,True,,,,False,False,,True,,True,True,4,True,,True,,,True,,,,True,,,,,,,,,,,,,,
761701494621106095,https://www.airbnb.com.vn/rooms/761701494621106095,,Ninh Xuân,13,20.24526,105.92516,REGULAR,,Phòng đôi có tầm nhìn ra vườn,private_room,,False,,/ đêm,513.530,₫513.530,2,,True,True,True,True,,,,False,False,True,,,,,,,True,True,True,,,,,,,,,,,,,,,,,,,,
31523003,https://www.airbnb.com.vn/rooms/31523003,"5,0",Hoa Lư,30,20.25337,105.91907,REGULAR,,Phòng ngắm núi với bữa sáng & Xe đạp & Bể bơi MIỄN PHÍ,private_room,10,False,,/ đêm,,,3,,,True,,True,,,,,False,True,,,,,,,True,True,,,,True,True,,,,,,,,True,,,,,,,,
33202670,https://www.airbnb.com.vn/rooms/33202670,,Hoa Lư,25,20.21727,105.93444,REGULAR,,Chế độ xem hồ bơi sống cùng gia đình bản xứ King Kong,private_room,,False,,/ đêm,627.647,₫627.647,2,,,True,,,,,,False,False,True,True,,,,,,,True,,,True,,,,,True,,,,,,,,,,,,,
795102492890077129,https://www.airbnb.com.vn/rooms/795102492890077129,"4,83",Hoa Lư,30,20.24522,105.91978,REGULAR,,Lotus Field Homestay,private_room,6,False,,/ đêm,1.653,₫1.653.076,2,,,True,True,True,True,,True,False,False,,,,,,,,,True,True,,,,,,,,,,,,True,,,,,,,,
698181368495449880,https://www.airbnb.com.vn/rooms/698181368495449880,,Hoa Lư,5,20.216050834437777,105.93785528093576,REGULAR,,Nhà phố vui tươi có chỗ đỗ xe miễn phí tại nơi ở,private_room,2,False,,/ đêm,320.899,₫320.899,2,,True,True,True,True,,,,False,,,True,,False,True,4,True,,,,,,,,,,,,,,,,,,,,,,,
29864786,https://www.airbnb.com.vn/rooms/29864786,"5,0",Trang An,30,20.2659,105.91566,REPRESENTATIVE,,"Xem núi, miễn phí: Ăn sáng, Xe đạp, Hồ bơi cho 3 người",private_room,3,False,,/ đêm,839.520,₫839.520,3,,,True,True,True,True,True,,,,True,,,,,,,True,True,True,,,True,,,,,,,,,,,,,,,,,
688110851772859801,https://www.airbnb.com.vn/rooms/688110851772859801,,Ninh Bình,30,20.2486216,105.980411,REGULAR,,Nhà nghỉ nông trại xanh Ninh Bình,entire_home,,False,,/ đêm,1.198,₫1.198.236,6,,True,True,True,True,,,,False,False,,,,,,,,,,True,,,True,,,,,,,,,,,,,True,,,,
711813962928465745,https://www.airbnb.com.vn/rooms/711813962928465745,,Gia Sinh,17,20.26265633509925,105.87056133896112,REGULAR,,Room: Garden view &soft mattress,entire_home,,False,,/ đêm,,,4,,True,True,True,True,,,,False,False,,,,,,,,True,True,,,,True,,,,,,,,,,,,,,,,,
41034417,https://www.airbnb.com.vn/rooms/41034417,,Ninh Bình,13,20.26227,105.96995,REGULAR,,Trang chủ O Zoli - Phòng Deluxe,private_room,,False,,/ đêm,595.800,₫595.800,2,,,True,True,True,,True,,False,False,,True,,,,,,,,,,True,,,,True,,,,,,,,,,,,,,
38884717,https://www.airbnb.com.vn/rooms/38884717,"5,0",Hoa Lư,23,20.24439,105.93502,REGULAR,,Hà Lan Homestay với bữa sáng miễn phí,private_room,11,False,,/ đêm,,,2,,,True,,True,,,,False,False,,True,,,,,,,,,,True,,,,True,,,,,,,,,,,,,,
46914655,https://www.airbnb.com.vn/rooms/46914655,,Thành phố Ninh Bình,30,20.261789321899414,105.91319274902344,REGULAR,,"Quang cảnh núi và hồ, bữa sáng miễn phí cho 3 người",private_room,1,False,,/ đêm,,,3,,,True,True,True,,,,False,False,,,,True,True,8,True,True,,True,,,True,,,,,,,,,,,,,,,,,
839483166751314064,https://www.airbnb.com.vn/rooms/839483166751314064,,Ninh Hải,24,20.2195,105.9342,REGULAR,,2 Phòng 3 người - Vườn & Hồ bơi - Thuyền TamCoc gần đó,private_room,,False,,/ đêm,1.362,₫1.362.236,6,,,True,,True,,,,False,False,True,True,,,,,,True,,,,True,,True,,,,,,,,True,,,,,,,,
846239032056652865,https://www.airbnb.com.vn/rooms/846239032056652865,,Thành phố Ninh Bình,25,20.26361,105.96483,REGULAR,,Phòng trên bầu trời tuyệt vời cho cặp đôi gần phố cổ Hoa Lư,entire_home,,False,,/ đêm,1.654,₫1.654.707,2,,,True,True,,True,True,,False,,,True,,,,,,True,,True,,,,,,,,,,,,,,,,,,,,
881446324462381520,https://www.airbnb.com.vn/rooms/881446324462381520,,Thành phố Ninh Bình,30,20.26377,105.96782,REGULAR,,Deluxe room for couple,private_room,,False,,/ đêm,,,2,,True,True,True,True,,,,False,,,True,True,,,,,True,,,,,True,,,,,,,,,,,True,,,,,,
42054822,https://www.airbnb.com.vn/rooms/42054822,,Hoa Lư,7,20.23838,105.93305,REGULAR,,ham rong homestay - mặt nước bungalow,private_room,,False,,/ đêm,798.824,₫798.824,4,,True,True,,True,,True,,False,False,,True,True,,,,,,True,,,,True,,,,,,,,,,,,,,,,,
786611786580524558,https://www.airbnb.com.vn/rooms/786611786580524558,,Ninh Thắng,5,20.217257419501927,105.95204263599851,REGULAR,,Room 202,private_room,,False,,/ đêm,268.177,₫268.177,2,,,True,,True,,True,,False,False,,True,,,,,,,,True,,,,,,,,,,,,,,,,,,,,
48455763,https://www.airbnb.com.vn/rooms/48455763,"4,8",Hoa Lư,28,20.24693,105.93269,REGULAR,,The View Point - Phòng đôi có tầm nhìn ra vườn,private_room,5,False,,/ đêm,684.706,₫684.706,2,,True,True,True,True,,,,False,False,True,,,False,True,2,True,True,,,,,True,,,,,,,,,,,,,,,,,
760324148996687618,https://www.airbnb.com.vn/rooms/760324148996687618,,Hoa Lư,20,20.26447,105.91745,REGULAR,,bungalow bốn tầng với tầm nhìn đẹp,private_room,,False,,/ đêm,1.269,₫1.269.967,4,,,True,True,True,,,,False,False,True,,,,,,,True,,True,,,True,,,,,,,,,,,,,,,,,
762265145895689429,https://www.airbnb.com.vn/rooms/762265145895689429,,Thành phố Ninh Bình,8,20.24031,105.94614,REGULAR,,Ninh Bình mộc mạc là cuộc sống địa phương,private_room,2,False,,/ đêm,1.290,₫1.290.000,3,True,True,True,,True,,,,False,False,True,,,False,True,8,True,True,,True,,,,,,,,,,,,,,,,,,,,
32279073,https://www.airbnb.com.vn/rooms/32279073,"5,0",Hoa Lư,30,20.248,105.92836,REGULAR,,Sống cùng gia đình bản xứ Hồ sen Tràng An,private_room,7,False,,/ đêm,473.588,₫473.588,4,,,True,,True,,,,,,,True,True,,,,,,,,,True,True,,,True,,,True,,,,,,,,,,,
48496090,https://www.airbnb.com.vn/rooms/48496090,,,30,20.24972,105.91212,REGULAR,,The View Point - Double Room with Garden View 1,private_room,2,False,,/ đêm,,,2,,True,True,True,True,,,,False,False,True,,,False,True,2,True,True,,,,,True,,,,,,,,,,,,,,,,,
38954680,https://www.airbnb.com.vn/rooms/38954680,,Ninh Bình,30,20.26403,105.95132,REGULAR,,Sống cùng gia đình bản xứ quý giá Tràng An,private_room,,False,,/ đêm,539.206,₫539.206,4,,True,True,,True,,,,False,False,True,,,True,True,,True,,True,,,,True,True,,,,,,,,,,,,,,,,
43372374,https://www.airbnb.com.vn/rooms/43372374,,Ninh Bình,11,20.250614166259766,105.97445678710938,REGULAR,,Phòng gia đình 2 có hướng nhìn ra vườn/hồ bơi,private_room,,False,,/ đêm,798.824,₫798.824,4,,True,True,,True,,True,,,,True,True,,False,True,,True,,True,,,,True,,,,,,,,,True,,,,,,,,
867136288704697374,https://www.airbnb.com.vn/rooms/867136288704697374,,Thành phố Ninh Bình,7,20.24354,105.97358,REGULAR,,Triple room,private_room,,False,,/ đêm,,,2,,,True,True,True,,True,,False,False,,True,,,,,,,,True,,,,,,,,,,,,,,,,,,,,
846295670873702168,https://www.airbnb.com.vn/rooms/846295670873702168,,Ninh Xuân,30,20.25233,105.93103,REGULAR,,căn phòng bằng gỗ tre 2 giường,private_room,,False,,/ đêm,660.118,₫660.118,4,,,True,True,True,,,,,False,True,True,,False,True,,True,,,True,,,,,,,,,,,True,,,,,,,,,
871255762157313649,https://www.airbnb.com.vn/rooms/871255762157313649,,Thành phố Ninh Bình,30,20.2629,105.96776,REGULAR,,Extremely beautiful central room,private_room,,False,,/ đêm,,,2,,True,True,True,True,,,,False,False,,,,False,True,,True,True,,True,,,True,,,,,,,,,,,,,,,,,
42169690,https://www.airbnb.com.vn/rooms/42169690,,Ninh Thắng,14,20.22023,105.95035,REGULAR,,Phòng đôi & Ban công/ Bữa sáng/Hồ bơi ở Tam Cốc,private_room,,False,,/ đêm,682.994,₫682.994,2,,,True,,True,,True,,False,,True,True,,,,,,,,,,True,,,,True,,,,,,,,,,,,,,
29424841,https://www.airbnb.com.vn/rooms/29424841,"5,0",Ninh Bình,30,20.26183,105.93339,REGULAR,,Gia đình bản xứ Yên Bình - Phòng hai giường có tầm nhìn ra vườn,private_room,3,False,,/ đêm,627.647,₫627.647,3,,True,True,,True,,True,,False,False,,True,,True,True,5,,,,,,True,,True,,,,False,,,,,,,,,,,,
43460892,https://www.airbnb.com.vn/rooms/43460892,,Hoa Lư,9,20.20955,105.93924,REGULAR,,Sinh đôi Bungalow trước sân vườn & hồ bơi,private_room,1,False,,/ đêm,529.832,₫529.832,2,,,True,,True,,,,False,False,True,True,,True,True,3,True,,,,,True,,,,True,True,,,,,,,,,,,,,
780693137950736047,https://www.airbnb.com.vn/rooms/780693137950736047,,Ninh Xuân,19,20.2445591,105.9259271,REGULAR,,Phòng hai giường đơn nhìn ra núi,private_room,,False,,/ đêm,,,3,,True,True,True,True,,,True,False,False,True,,,False,True,,True,,,True,,,,,,,,,,,,,,,,,,,,
39985634,https://www.airbnb.com.vn/rooms/39985634,,Thành phố Ninh Bình,22,20.26516,105.9652,REGULAR,,Phòng Deluxe Giường đôi có ban công,private_room,,False,,/ đêm,627.647,₫627.647,2,,,True,,True,,True,,,,,True,True,,,,,,,True,,True,,,,,,,True,,,True,,True,,,,,,
17763749,https://www.airbnb.com.vn/rooms/17763749,"4,88",hoa lu,17,20.25064,105.93655,REGULAR,,Sierra Homestay #2 - Giảm giá 30%,private_room,40,False,,/ đêm,508.542,₫508.542,2,,,True,,True,,,,False,False,,True,,False,True,6,True,,True,,,True,True,,,True,,,,,,,,,,,,,,
38076724,https://www.airbnb.com.vn/rooms/38076724,,Ninh Bình,27,20.24623,105.93562,REGULAR,,Phòng King sống cùng gia đình bản xứ sang trọng 4: WIFI NHANH,private_room,,False,,/ đêm,450.000,₫450.000,2,True,True,True,,True,,,,False,False,,,,False,True,,True,,True,True,,,,True,,,,,,,,,,,,,,,,
38392685,https://www.airbnb.com.vn/rooms/38392685,,Hoa Lư,30,20.22149,105.95357,REGULAR,,May Homestay - Ngôi làng địa phương,private_room,,False,,/ đêm,,,15,,True,True,,True,,,,False,,,True,True,False,True,,,True,True,,,,,,,,,False,,True,,,,,,,,,,
24237261,https://www.airbnb.com.vn/rooms/24237261,"4,88",,30,20.24472,105.93243,REGULAR,,Phòng Garden View với bữa sáng & Hồ bơi & Xe đạp MIỄN PHÍ,hotel_room,16,False,,/ đêm,,,3,,True,True,,True,,,,,,True,True,True,,,,,,True,,,,True,,,,,,,,,True,,,,,,,,
30258171,https://www.airbnb.com.vn/rooms/30258171,"5,0",Tỉnh Ninh Bình,16,20.21582,105.93421,REGULAR,,Gia đình Bungalow với cảnh quan vườn cây ở Tam Cốc #3,private_room,5,False,,/ đêm,936.822,₫936.822,3,,,True,True,True,,,,False,False,,True,,,,,,,,,,True,,,,True,True,,,,,,,,,,,,,
34069767,https://www.airbnb.com.vn/rooms/34069767,,Ninh Bình,30,20.216629028320312,105.93437194824219,REGULAR,,Bungalow family room - room 1,private_room,,False,,/ đêm,964.295,₫964.295,4,,True,True,True,True,,True,,False,False,True,,,,,,,,True,,,,True,,,,,,,,,,,,,,,,,
882962861682277977,https://www.airbnb.com.vn/rooms/882962861682277977,,Thành phố Ninh Bình,30,20.26207,105.96753,REGULAR,,Cozy center room for 3 people,private_room,,False,,/ đêm,,,3,,True,True,True,True,,True,,,,,True,True,,,,,,,True,,,True,,,,,,,,,,,True,,,,,,
32280105,https://www.airbnb.com.vn/rooms/32280105,"4,83",Hoa Lư,30,20.24816,105.92951,REGULAR,,Sống cùng gia đình bản xứ Hồ sen Tràng An,private_room,29,False,,/ đêm,473.588,₫473.588,4,,,True,,True,,,,False,False,,True,,,,,,,,,,True,True,,,True,,,,True,,,,,,,,,,
885220640988802225,https://www.airbnb.com.vn/rooms/885220640988802225,,Ninh Hải,10,20.216495721244318,105.9342936868509,REGULAR,,Bungalow family room - room 4,private_room,,False,,/ đêm,,,4,,True,True,True,True,,True,,False,False,True,,,,,,,,True,,,,True,,,,,,,,,,,,,,,,,
843911840519746734,https://www.airbnb.com.vn/rooms/843911840519746734,,Ninh Xuân,30,20.253974899539806,105.93326519472048,REGULAR,,Bungalow - Tầm nhìn hồ bơi bơi,private_room,,False,,/ đêm,480.293,₫480.293,4,,True,True,True,True,,,,,False,True,,,False,True,,True,True,,True,,,,,,,,,,,,,,,,,,,,
40598447,https://www.airbnb.com.vn/rooms/40598447,,Ninh Bình,30,20.236541748046875,105.94036102294922,REGULAR,,Phòng gia đình & Bữa sáng miễn phí.,private_room,,False,,/ đêm,490.706,₫490.706,4,,True,True,True,True,,True,True,,,,True,,,,,,,True,,,,,True,,,,,,,,True,,,,,,,,
803182670504976857,https://www.airbnb.com.vn/rooms/803182670504976857,,Ninh Thắng,30,20.215046555155926,105.95199972065427,REGULAR,,yên tâm và hài lòng.,entire_home,,False,,/ đêm,,,16,True,True,True,True,True,,,,False,False,True,,,,,,,,True,True,,,,,,,,,,,,,,,,,,,,
881115901802337589,https://www.airbnb.com.vn/rooms/881115901802337589,,Hoa Lư,5,20.24733785074131,105.97932,REGULAR,,Lys Homestay Deluxe double room with moutain view,private_room,,False,,/ đêm,,,2,,True,True,True,True,,True,,False,False,True,,,False,True,,True,,,True,,,,,,,,,,,,,,,,,,,,
789039983998579066,https://www.airbnb.com.vn/rooms/789039983998579066,,Ninh Hải,30,20.20712,105.93188,REGULAR,,Thung lũng yên bình ở Tam Cốc,private_room,,False,,/ đêm,319.530,₫319.530,1,,True,True,True,,True,,,,,,,,True,True,,,,True,True,,,,True,,,,False,,,,,,,,,,,True,True
23055722,https://www.airbnb.com.vn/rooms/23055722,"4,92",Ninh Bình,30,20.23928,105.92362,REGULAR,,Sống cùng gia đình bản xứ ven núi Ninh Bình - Bữa sáng miễn phí,private_room,26,False,,/ đêm,535.327,₫535.327,4,,,True,,True,,,,False,,,True,True,True,True,5,,True,,,,True,,,,True,,False,True,,,,,,,,,,,
28792934,https://www.airbnb.com.vn/rooms/28792934,"4,91",Tỉnh Ninh Bình,19,20.21456,105.93512,REGULAR,,Bungalow double w/ garden view 5 phút đến Tam Cốc,private_room,56,False,,/ đêm,,,2,,,True,True,True,,,,False,False,,True,,True,True,5,,,,,,True,,,,True,True,False,,,,,,,,,,,,
19375989,https://www.airbnb.com.vn/rooms/19375989,"4,84",Gia Sinh,25,20.2865,105.86173,REGULAR,,"Tầm nhìn ra hồ Bungalow sang trọng, bữa sáng miễn phí, hồ bơi",entire_home,69,False,,/ đêm,562.065,₫562.065,2,,True,True,True,True,,,,False,False,True,,,,,,,,,True,,,True,True,,,,,,,,,,,,,,,,
40711515,https://www.airbnb.com.vn/rooms/40711515,"4,33",Ninh Bình,29,20.24973,105.97417,REGULAR,,02 rooms Garden View with breakfast Free Pool&Bike,private_room,3,False,,/ đêm,1.141,₫1.141.177,4,,,True,,True,,,,False,,True,True,,False,True,3,,,True,,,True,,,,True,,False,,True,,,,,,,,,,
781042949257928586,https://www.airbnb.com.vn/rooms/781042949257928586,,Ninh Xuân,30,20.2445591,105.9259271,REGULAR,,Phòng hai người có ban công hướng núi,private_room,1,False,,/ đêm,365.177,₫365.177,2,True,True,True,True,True,,,,False,False,,,,False,True,5,True,True,,True,,,,,,,,,,,,,,,,,,,,
38076629,https://www.airbnb.com.vn/rooms/38076629,"3,75",Ninh Bình,27,20.24515,105.93615,REGULAR,,Luxury Homestay King Phòng 3: WIFI NHANH,private_room,4,False,,/ đêm,,,2,True,True,True,,True,,,,False,False,,,,False,True,4,True,,True,True,,,,True,,,,,,,,,,,,,,,,
25173205,https://www.airbnb.com.vn/rooms/25173205,"5,0",Hoa Lư,9,20.27203941345215,105.91255950927734,REGULAR,,Bungalow ưu tiên hôm nay !(r5),entire_home,6,False,,/ đêm,,,2,True,True,True,,True,,,,False,False,True,,,,,,,,,True,,,True,True,,,,,,,,,,,,,,,,
22455456,https://www.airbnb.com.vn/rooms/22455456,"4,7",,30,20.24606,105.93308,REGULAR,,Phòng Garden View với bữa sáng & xe đạp & Hồ bơi miễn phí,private_room,10,False,,/ đêm,,,3,,True,True,,True,,,,,,True,True,,,,,,True,True,,,,True,True,,,,,,,,True,,,,,,,,
45590897,https://www.airbnb.com.vn/rooms/45590897,,,30,20.2172,105.94564,REGULAR,,★  Cảm  giác như ở nhà - 1 giường,private_room,2,False,,/ đêm,502.118,₫502.118,3,,True,True,,True,,,,False,False,True,True,True,True,True,3,True,,True,,,,,,,,,,,,,,,,,,,,,
860667932384268645,https://www.airbnb.com.vn/rooms/860667932384268645,,Ninh Bình,18,20.246,105.93329,REGULAR,,Mountain View - Bữa sáng miễn phí,private_room,,False,,/ đêm,,,4,,True,True,True,True,True,,,False,False,True,,,False,True,,,,,True,,,,,,,,False,,,,,,,,,,,,
32022962,https://www.airbnb.com.vn/rooms/32022962,"4,65",Hoa Lư District,13,20.21407,105.93731,REGULAR,,Nhà sinh thái Tamcoc - Coriander house,private_room,20,False,,/ đêm,365.177,₫365.177,2,,True,True,,True,,,,False,False,,True,True,True,True,4,True,True,True,,,,,,,,,,,,,,,,,,,,,
28795498,https://www.airbnb.com.vn/rooms/28795498,"5,0",,30,20.24563,105.93299,REGULAR,,(p1) Quang cảnh hồ bơi và bữa sáng miễn phí,private_room,3,False,,/ đêm,629.930,₫629.930,2,,,True,True,True,,True,,False,False,,True,True,,,,,,True,,,True,,,,,,,,,,,,,,,,,,
824920946225688130,https://www.airbnb.com.vn/rooms/824920946225688130,,Hoa Lư,30,20.2438,105.92116,REGULAR,,Lotus Field,private_room,,False,,/ đêm,1.383,₫1.383.107,2,,,True,True,True,True,,True,False,False,,,,,,,,,True,True,,,,,,,,,,,,True,,,,,,,,
839458322400234752,https://www.airbnb.com.vn/rooms/839458322400234752,,Ninh Hải,24,20.21795,105.93341,REGULAR,,Fam Room Garden & Pool - gần Ga thuyền TamCoc,private_room,,False,,/ đêm,860.118,₫860.118,4,,,True,,True,,,,False,False,True,True,,,,,,True,,,,True,,,,True,,,,,,True,,,,,,,,
40527276,https://www.airbnb.com.vn/rooms/40527276,,Ninh Bình,29,20.24739,105.93155,REGULAR,,Phòng ngắm vườn với Xe đạp & Bể bơi MIỄN phí bữa sáng,private_room,2,False,,/ đêm,570.589,₫570.589,2,,,True,,True,,,,False,,True,True,,False,True,3,,,True,,,True,,,,True,,False,,True,,,,,,,,,,
33974977,https://www.airbnb.com.vn/rooms/33974977,"4,25",Tỉnh Ninh Bình,16,20.21853,105.935,REGULAR,,Bungalow triple với tầm nhìn ra sông,private_room,12,False,,/ đêm,1.021,₫1.021.727,3,,,True,True,True,True,,,,,,True,,,,,,,True,,,True,,True,,True,,,,,True,,,,,,,,,
883105439262162554,https://www.airbnb.com.vn/rooms/883105439262162554,,Thành phố Ninh Bình,30,20.2643,105.96783,REGULAR,,Beautiful balcony central room,private_room,,False,,/ đêm,,,2,,True,True,True,True,,,,False,,,True,True,,,,,,,True,,,True,,,,,,,,,,,True,,,,,,
43375871,https://www.airbnb.com.vn/rooms/43375871,,Ninh Bình,13,20.250614166259766,105.97445678710938,REGULAR,,Phòng Queen 2 với tầm nhìn ra vườn/hồ bơi,private_room,1,False,,/ đêm,627.647,₫627.647,2,,True,True,,True,,True,,,,True,True,True,False,True,3,True,,,,,,True,,,,,,,,,True,,,,,,,,
777250286424799604,https://www.airbnb.com.vn/rooms/777250286424799604,,Thành phố Ninh Bình,7,20.2585742,105.9497905,REGULAR,,Bungalow có TẦM NHÌN RA BỂ BƠI,entire_home,,False,,/ đêm,1.084,₫1.084.259,4,,True,True,True,True,,,,False,False,True,,,,,,,,True,True,,,True,,,,,,,,,,,,,,,,,
