room_id,url,rating,city,contextualPicturesCount,lat,long,listingObjType,pdpUrlType,name,roomTypeCategory,reviewCount,canInstantBook,weeklyPriceFactor,structuredStayDisplayPrice,price,price_full,maxGuestCapacity,SYSTEM_VIEW_CITY,SYSTEM_COOKING_BASICS,SYSTEM_WI_FI,SYSTEM_WORKSPACE,SYSTEM_MAPS_CAR_RENTAL,SYSTEM_TV,SYSTEM_WASHER,SYSTEM_DRYER,SYSTEM_SNOWFLAKE,SYSTEM_SURVEILLANCE,SYSTEM_VIEW_OCEAN,SYSTEM_LUGGAGE_DROP,SYSTEM_HAIRDRYER,SYSTEM_NO_DETECTOR_CO2,SYSTEM_NO_DETECTOR_SMOKE,SYSTEM_PETS,isSuperHost,isVerified,yearHosting,SYSTEM_LOCK_ON_DOOR,SYSTEM_FLOWER,SYSTEM_VIEW_MOUNTAIN,SYSTEM_TOYS,SYSTEM_POOL,SYSTEM_NO_LOCK_ON_DOOR,SYSTEM_PATIO_BALCONY,SYSTEM_ELEVATOR,SYSTEM_EV_CHARGER,SYSTEM_FIREPLACE,SYSTEM_BREAKFAST,SYSTEM_REFRIGERATOR,SYSTEM_GOLF,SYSTEM_JACUZZI,SYSTEM_SMOKING_ALLOWED,SYSTEM_CALENDAR,SYSTEM_BATHTUB,SYSTEM_FIREPIT,SYSTEM_CRIB,SYSTEM_PIANO,SYSTEM_HIGH_CHAIR,SYSTEM_MICROWAVE
736548165294105246,https://www.airbnb.com.vn/rooms/736548165294105246,"4,87",ThÃ nh phá»‘ Huáº¿,26,16.46362,107.59258,REGULAR,,Hue Sweethouse1 Homestay-D Double Room 1,private_room,31,False,,/ Ä‘Ãªm,456.471,â‚«456.471,2,True,True,True,True,True,True,True,True,True,True,,,,,,,,,,,,,,,,,,,,,,,,,,,,,,,
41074940,https://www.airbnb.com.vn/rooms/41074940,"4,63",ThÃ nh phá»‘ Huáº¿,21,16.45623,107.58112,REGULAR,,D HOUSE HUE_Room#M_City Center,private_room,48,False,,/ Ä‘Ãªm,374.726,â‚«374.726,2,,,True,True,True,True,,,True,,True,True,True,False,False,,,,,,,,,,,,,,,,,,,,,,,,,,
617754197012321072,https://www.airbnb.com.vn/rooms/617754197012321072,"4,86",ThÃ nh phá»‘ Huáº¿,17,16.464954,107.595291,REGULAR,,TÃ¹ng Homestay - Double Bed Room in Huáº¿ Center,private_room,7,False,,/ Ä‘Ãªm,342.353,â‚«342.353,2,,True,True,True,True,True,True,,True,True,,,,False,,True,,,,,,,,,,,,,,,,,,,,,,,,,
621260185529899376,https://www.airbnb.com.vn/rooms/621260185529899376,"4,89",ThÃ nh phá»‘ Huáº¿,12,16.47201396010505,107.59657810192662,REGULAR,,PhÃ²ng LA - PhÃ²ng Ä‘Ã´i (1 giÆ°á»ng lá»›n),private_room,38,False,,/ Ä‘Ãªm,342.353,â‚«342.353,2,True,True,True,True,True,True,,,,,,,,False,False,,True,True,1,True,True,,,,,,,,,,,,,,,,,,,,
41733222,https://www.airbnb.com.vn/rooms/41733222,"5,0",ThÃ nh phá»‘ Huáº¿,22,16.45548,107.56757,REGULAR,,"[Nhá» An]- PhÃ²ng tÆ°á»ng kÃ­nh, táº§m nhÃ¬n ra vÆ°á»n",private_room,11,False,,/ Ä‘Ãªm,376.588,â‚«376.588,2,,True,True,,True,,,,,True,True,,,False,False,True,True,True,3,True,True,,,,,,,,,,,,,,,,,,,,
686748535974118791,https://www.airbnb.com.vn/rooms/686748535974118791,,A LÆ°á»›i,28,16.30239,107.33358,REGULAR,,Jim 's House A luoi | 1 phÃ²ng ngá»§ |thiÃªn nhiÃªn *FREE_% {list_itemast,private_room,,False,,/ Ä‘Ãªm,487.853,â‚«487.853,2,,True,True,True,True,,,,,True,True,,,False,False,,,,,,,True,,,,,,,,,,,,,,,,,,,
34731440,https://www.airbnb.com.vn/rooms/34731440,"4,76",Hue,18,16.46519,107.59538,REGULAR,,TÃ¹ng Homestay - PhÃ²ng King Bed táº¡i Trung tÃ¢m thÃ nh phá»‘ Huáº¿.,private_room,38,False,,/ Ä‘Ãªm,428.241,â‚«428.241,2,,True,True,True,True,True,,,True,True,,,True,,,,True,True,4,True,,,True,,,,,,,,,,,,,,,,,,
658326149267509385,https://www.airbnb.com.vn/rooms/658326149267509385,,ThÃ nh phá»‘ Huáº¿,12,16.4529828,107.5640141,REPRESENTATIVE,,||| SAHIHOMESTAY |||| GiÆ°á»ng trong phÃ²ng ngá»§ táº­p thá»ƒ 2 giÆ°á»ng,private_room,2,False,,/ Ä‘Ãªm,270.000,â‚«270.000,1,,True,True,,,True,True,,True,,,,,False,False,,False,True,4,,,,,True,False,,,,,,,,,,,,,,,,
27864493,https://www.airbnb.com.vn/rooms/27864493,"4,93",ThÃ nh phá»‘ Huáº¿,30,16.48208,107.57494,REGULAR,,Lily Homestay #Ban cÃ´ng #táº§m nhÃ¬n ra sÃ´ng,private_room,143,False,,/ Ä‘Ãªm,455.019,â‚«455.019,2,,,True,,True,,,,True,,True,True,,False,False,True,True,True,5,True,,,,,,True,,,,,,,,,,,,,,,
27746645,https://www.airbnb.com.vn/rooms/27746645,"4,7",ThÃ nh phá»‘ Huáº¿,30,16.46077,107.58951,REGULAR,,Nice Huáº¿ Hotel,hotel_room,134,False,,/ Ä‘Ãªm,,,2,,,True,,True,True,True,True,True,,,,,,,,,,,,,,,,,True,True,True,True,,,,,,,,,,,,
14867072,https://www.airbnb.com.vn/rooms/14867072,"4,95",tp. Huáº¿,30,16.46745,107.56868,REGULAR,,Chá»— á»Ÿ cá»§a Chi #1 - phÃ²ng riÃªng gáº§n thÃ nh phá»‘,private_room,139,False,,/ Ä‘Ãªm,374.710,â‚«374.710,2,,True,True,True,True,True,True,,,,,,,False,False,True,True,True,7,True,,,,,,,,,,,,,,,,,,,,,
860380443172362593,https://www.airbnb.com.vn/rooms/860380443172362593,,ThÃ nh phá»‘ Huáº¿,10,16.471075741979814,107.60745212994462,REGULAR,,SaLa House - Hue,private_room,,False,,/ Ä‘Ãªm,,,2,,True,True,True,True,,,,,True,,,,False,False,True,False,True,,True,True,,,,,,,,,,,,,,,,,,,,
39440820,https://www.airbnb.com.vn/rooms/39440820,"4,65",ThÃ nh phá»‘ Huáº¿,20,16.46305,107.59925,REGULAR,,PhÃ²ng Ä‘Ã´i Daisy vá»›i táº§m nhÃ¬n ra thÃ nh phá»‘ á»Ÿ Huáº¿,private_room,34,False,,/ Ä‘Ãªm,,,2,,,True,True,,,True,True,True,,,True,True,False,False,True,,,,,,,,,,,,,,,,,,,,,,,,,
41941673,https://www.airbnb.com.vn/rooms/41941673,"5,0",ThÃ nh phá»‘ Huáº¿,30,16.45983,107.6073,REGULAR,,PhÃ²ng mÃ u Ä‘en tráº¯ng Biá»‡t thá»± Starfruit,private_room,7,False,,/ Ä‘Ãªm,456.471,â‚«456.471,2,,,True,,True,,,,True,,,,,,,,False,True,3,True,True,,,,,True,,,,True,,,,,,,,,,,
40903062,https://www.airbnb.com.vn/rooms/40903062,"4,75",ThÃ nh phá»‘ Huáº¿,13,16.46376,107.5958,REGULAR,,"Jim 'sHouse, phÃ²ng trÃªn táº§ng thÆ°á»£ng á»Ÿ Huáº¿ (1/3)",private_room,111,False,,/ Ä‘Ãªm,359.471,â‚«359.471,2,True,True,True,True,True,,True,True,True,,,,,,,,,,,,True,,,,,True,,,,,,,,,,,,,,,
43547973,https://www.airbnb.com.vn/rooms/43547973,"5,0",Há»“ng Trung,30,16.31305,107.17498,REGULAR,,AnÃ´r House  is just 500m from AnÃ´r waterfall,private_room,4,False,,/ Ä‘Ãªm,388.000,â‚«388.000,12,,True,True,True,True,,,,,True,True,,,False,False,,False,True,2,,,True,,,False,,,,,,,,,,,,,,,,
760687166947035904,https://www.airbnb.com.vn/rooms/760687166947035904,,ThÃ nh phá»‘ Huáº¿,7,16.47236283944658,107.5959022630316,REGULAR,,PhÃ²ng Deluxe 2 ngÆ°á»i,private_room,,False,,/ Ä‘Ãªm,,,2,,True,True,True,True,True,True,,,True,,,,False,False,,False,True,,True,,,,,,,,,,,,,,,,,,,,,
758561570383527786,https://www.airbnb.com.vn/rooms/758561570383527786,"4,88",ThÃ nh phá»‘ Huáº¿,9,16.47146,107.59474,REGULAR,,PhÃ²ng RE - PhÃ²ng Ä‘Ã´i (1 giÆ°á»ng),private_room,17,False,,/ Ä‘Ãªm,342.353,â‚«342.353,2,,True,True,True,,True,,,,True,,,,False,False,,True,True,1,True,True,,,,,,,,,,,,,,,,,,,,
41844769,https://www.airbnb.com.vn/rooms/41844769,"4,97",ThÃ nh phá»‘ Huáº¿,16,16.45537,107.56673,REGULAR,,[Nhá» An]â€¢ Tá»” áº¤M vá»›i táº§m nhÃ¬n ra SÃ‚N TRÆ¯á»šC Báº°NG CÃ‚Y XANH,private_room,30,False,,/ Ä‘Ãªm,342.353,â‚«342.353,2,,True,True,,True,,,True,True,,True,,,False,False,True,True,True,3,True,,,,,,,,,,,,,,,,,,,,,
41304014,https://www.airbnb.com.vn/rooms/41304014,"4,69",ThÃ nh phá»‘ Huáº¿,11,16.4636,107.59537,REGULAR,,Jim 's House | 1 phÃ²ng ngá»§ |Citycenter *FREE_BFast,private_room,26,False,,/ Ä‘Ãªm,338.930,â‚«338.930,2,,True,True,True,,True,True,True,True,,,,,,,,False,True,3,True,True,,,,,True,,,,,,,,,,,,,,,
42321775,https://www.airbnb.com.vn/rooms/42321775,"4,93",ThÃ nh phá»‘ Huáº¿,11,16.46655,107.59813,REGULAR,,Jim 's House | 2 phÃ²ng ngá»§ |Citycenter *FREE_BFast,private_room,15,False,,/ Ä‘Ãªm,,,2,True,True,True,True,True,True,True,,,,,,,False,False,,False,True,3,True,,,,,,,,,,,,,,,,,,,,,
32559358,https://www.airbnb.com.vn/rooms/32559358,"5,0",ThÃ nh phá»‘ Huáº¿,16,16.47741,107.57969,REGULAR,,nhÃ  a-mÃ¢ze - phÃ²ng gÃ¡c mÃ¡i sá»‘ 5,private_room,7,False,,/ Ä‘Ãªm,321.187,â‚«321.187,1,,True,True,,True,,,,,,,,True,False,False,,False,True,4,,,,,,False,,,,,,,,,,,,,,,,
736469121928642297,https://www.airbnb.com.vn/rooms/736469121928642297,"4,8",ThÃ nh phá»‘ Huáº¿,27,16.46371,107.59443,REGULAR,,Hue Sweethouse1 Homestay-D Double Room 2,private_room,5,False,,/ Ä‘Ãªm,422.235,â‚«422.235,2,True,True,True,True,True,True,True,True,,True,,,,,,,True,True,7,True,,,,,,,,,,,,,,,,,,,,,
887860616591354589,https://www.airbnb.com.vn/rooms/887860616591354589,,ThÃ nh phá»‘ Huáº¿,16,16.4721397,107.6048325,REGULAR,,Orchid Riverside Villa,private_room,,False,,/ Ä‘Ãªm,,,16,,,True,True,True,True,,,,True,True,,,False,,,,,,,True,,,True,,,,,,,,,,,,,,,,,
39441132,https://www.airbnb.com.vn/rooms/39441132,"4,67",ThÃ nh phá»‘ Huáº¿,15,16.46389,107.59933,REGULAR,,PhÃ²ng Ä‘Ã´i Iris vá»›i táº§m nhÃ¬n ra thÃ nh phá»‘ Huáº¿,private_room,12,False,,/ Ä‘Ãªm,,,2,,,True,,True,True,,,True,,,,True,False,False,True,,,,,,,,,,True,,,,,True,,,,,,,,,,
772147967041816174,https://www.airbnb.com.vn/rooms/772147967041816174,"4,5",ThÃ nh phá»‘ Huáº¿,30,16.43645015766443,107.57309854030609,REGULAR,,Pinehill Tá»« Hiáº¿u Huáº¿ Homestay Meditation 7,private_room,4,False,,/ Ä‘Ãªm,455.330,â‚«455.330,2,,True,True,True,True,True,,,,True,,,,,,True,True,True,5,True,True,,,,,,,,,,,,,,,,,,,,
845205870575280014,https://www.airbnb.com.vn/rooms/845205870575280014,"5,0",ThÃ nh phá»‘ Huáº¿,30,16.44981689024441,107.58651697590282,REGULAR,,Biá»‡t thá»± vÆ°á»n nghá»‡ thuáº­t cho nhÃ³m,entire_home,3,False,,/ Ä‘Ãªm,408.484,â‚«408.484,8,,True,True,True,True,,True,,True,,,,True,False,False,,,,,,True,,,,,,,,,,,,,,,,,,,,
760685958809516308,https://www.airbnb.com.vn/rooms/760685958809516308,,ThÃ nh phá»‘ Huáº¿,13,16.47321,107.59496,REGULAR,,PhÃ²ng tiÃªu chuáº©n 2  ngÆ°á»i - (1 double/  2 twin),private_room,,False,,/ Ä‘Ãªm,,,2,,True,True,True,,True,,,True,True,,,True,False,False,,,,,,,,,,,,,,,,True,,,,,,,,,,
745993486352113935,https://www.airbnb.com.vn/rooms/745993486352113935,"5,0",ThÃ nh phá»‘ Huáº¿,24,16.47454,107.57124,REGULAR,,"Má»™t phÃ²ng riÃªng gáº§n HoÃ ng ThÃ nh, cÃ³ ban cÃ´ng",private_room,10,False,,/ Ä‘Ãªm,342.353,â‚«342.353,2,,True,True,True,True,,,,,True,True,,,False,False,True,True,True,5,,,,,,False,,,,,,,,,,,,,,,,
673518003005408388,https://www.airbnb.com.vn/rooms/673518003005408388,,ThÃ nh phá»‘ Huáº¿,5,16.444966602676246,107.53741048465577,REPRESENTATIVE,,|||HACHI HOMESTAY & SPA|* KÃ½ tÃºc xÃ¡ Pomelo,private_room,,False,,/ Ä‘Ãªm,300.000,â‚«300.000,1,,,True,,True,,,,True,True,,,True,False,,,False,True,,,,,,True,False,,,,,,,,,,,,,,,,
34963500,https://www.airbnb.com.vn/rooms/34963500,"4,84",ThÃ nh phá»‘ Huáº¿,22,16.47035,107.59638,REGULAR,,Sá»‘ng cÃ¹ng gia Ä‘Ã¬nh báº£n xá»© - PhÃ²ng Ä‘Ã´i cho 2 ngÆ°á»i,private_room,50,False,,/ Ä‘Ãªm,381.410,â‚«381.410,2,,True,True,True,True,True,,,True,,,True,,False,False,,False,True,4,,,,,,False,,,,,,,,,,,,,,,,
876226197508750435,https://www.airbnb.com.vn/rooms/876226197508750435,,ThÃ nh phá»‘ Huáº¿,26,16.45791,107.61194,REGULAR,,Huáº¿ Cool Homestay,private_room,,False,,/ Ä‘Ãªm,,,12,,True,True,True,True,,,,,True,,,,False,False,,False,True,,True,,,,,,,,,,,,True,True,,,,,,,,
860577118696797378,https://www.airbnb.com.vn/rooms/860577118696797378,,Thá»‹ xÃ£ HÆ°Æ¡ng Thá»§y,16,16.441782166672457,107.62088931351943,REGULAR,,MacramÃ© RÃ©sidence,entire_home,,False,,/ Ä‘Ãªm,,,2,,True,True,True,True,True,,,,True,True,,,False,,True,,,,,True,,,,,,,,,,,,,,,,,,,,
858398412712882478,https://www.airbnb.com.vn/rooms/858398412712882478,,ThÃ nh phá»‘ Huáº¿,7,16.47651,107.59579,REGULAR,,Double room - Shine Homestay,private_room,,False,,/ Ä‘Ãªm,,,2,,True,True,True,True,True,True,,True,,,,True,,,True,,,,,,,,,,,,,,,,,,True,,,,,,,
23087470,https://www.airbnb.com.vn/rooms/23087470,"4,21",ThÃ nh phá»‘ Huáº¿,9,16.46596,107.59223,REGULAR,,PhÃ²ng Ä‘Ã´i cÃ³ ban cÃ´ng - KhÃ¡ch sáº¡n Phong Nha,private_room,19,False,,/ Ä‘Ãªm,296.706,â‚«296.706,2,,,True,,True,True,,,True,True,,True,True,False,,,,,,,,,,,,,,,,,,,,,True,,,,,,
854605736698118556,https://www.airbnb.com.vn/rooms/854605736698118556,,ThÃ nh phá»‘ Huáº¿,13,16.4771823,107.6030863,REGULAR,,PhÃ²ng 4 ngÆ°á»i lá»›n cÃ³ phÃ²ng táº¯m bÃªn ngoÃ i,private_room,,False,,/ Ä‘Ãªm,,,6,,True,True,True,True,True,,,True,True,,True,,,,,,,,,True,,,,,True,,,,,,,,,,,,,,,
723639903737827497,https://www.airbnb.com.vn/rooms/723639903737827497,"5,0",ThÃ nh phá»‘ Huáº¿,6,16.47145,107.5954,REGULAR,,PhÃ²ng FA - PhÃ²ng Ä‘Ã´i (1 giÆ°á»ng lá»›n),private_room,6,False,,/ Ä‘Ãªm,342.353,â‚«342.353,2,True,True,True,True,,True,,,,True,,,,False,False,,True,True,1,True,True,,,,,,,,,,,,,,,,,,,,
779221961235424744,https://www.airbnb.com.vn/rooms/779221961235424744,"5,0",ThÃ nh phá»‘ Huáº¿,15,16.47426,107.57084,REGULAR,,Má»™t cÄƒn phÃ²ng Ä‘Ã¡ng yÃªu gáº§n HoÃ ng thÃ nh,private_room,4,False,,/ Ä‘Ãªm,273.882,â‚«273.882,2,,True,True,True,True,,True,,,True,,,,False,False,True,True,True,5,,,,,,False,,,,,,,,,,,,,,,,
40709559,https://www.airbnb.com.vn/rooms/40709559,,ThÃ nh phá»‘ Huáº¿,14,16.46275,107.59981,REGULAR,,Iris PhÃ²ng giÆ°á»ng Ä‘Ã´i cÃ³ giÆ°á»ng King á»Ÿ trung tÃ¢m thÃ nh phá»‘ Huáº¿,private_room,,False,,/ Ä‘Ãªm,,,2,,True,True,True,True,True,True,True,,,,,,False,False,True,,,,,,,,,,,,,,,,,,,,,,,,,
772173721152534976,https://www.airbnb.com.vn/rooms/772173721152534976,"5,0",ThÃ nh phá»‘ Huáº¿,27,16.43626,107.57242,REGULAR,,Thiá»n Pinehill Tá»« Hiáº¿u Huáº¿ 6,private_room,6,False,,/ Ä‘Ãªm,,,2,,True,True,True,True,True,,,,True,,,,,,True,True,True,5,True,True,,,,,,,,,,,,,,,,,,,,
888815188788876265,https://www.airbnb.com.vn/rooms/888815188788876265,,ThÃ nh phá»‘ Huáº¿,15,16.4721397,107.6048325,REGULAR,,Orchid Riverside Villa,private_room,,False,,/ Ä‘Ãªm,,,16,True,True,True,True,True,,,,,True,True,,,False,,,,,,,True,,,True,,,,,,,,,,,,,,,,,
33300406,https://www.airbnb.com.vn/rooms/33300406,"5,0",ThÃ nh phá»‘ Huáº¿,30,16.45896,107.61153,REGULAR,,KÃ½ á»©c Homestay Huáº¿ - PhÃ²ng tiÃªu chuáº©n 4,private_room,5,False,,/ Ä‘Ãªm,237.360,â‚«237.360,2,,True,True,,True,True,True,True,,True,,,,False,False,,False,True,4,True,,,,,,,,,,,,,,,,,,,,,
35806161,https://www.airbnb.com.vn/rooms/35806161,"5,0",ThÃ nh phá»‘ Huáº¿,15,16.47217,107.59665,REGULAR,,Chá»— á»Ÿ riÃªng cho cÃ¡ máº­p - Chia sáº» phÃ²ng cho 1 ngÆ°á»i,hotel_room,11,False,,/ Ä‘Ãªm,,,1,,True,True,True,True,True,,,True,,,True,True,False,False,,,,,,,,,,,,,,,,,,,,,,,,,,
24606645,https://www.airbnb.com.vn/rooms/24606645,"4,71",ThÃ nh phá»‘ Huáº¿,15,16.46553,107.59263,REGULAR,,NhÃ  cá»§a Pony_PhÃ²ng ban cÃ´ng,private_room,7,False,,/ Ä‘Ãªm,346.588,â‚«346.588,2,,True,True,True,True,,True,,True,,,,,False,False,True,False,True,4,True,,,,,,,,,,,,,,,,,,,,,
27865658,https://www.airbnb.com.vn/rooms/27865658,"4,88",ThÃ nh phá»‘ Huáº¿,19,16.46572,107.5932,REGULAR,,PhÃ²ng Ä‘Ã´i á»Ÿ trung tÃ¢m thÃ nh phá»‘,private_room,8,False,,/ Ä‘Ãªm,401.495,â‚«401.495,2,,,True,,True,True,,,True,,,,True,False,False,,False,True,8,,,,,,False,,,,,,,,,,,,,,,,
845345904869086748,https://www.airbnb.com.vn/rooms/845345904869086748,,ThÃ nh phá»‘ ÄÃ´ng HÃ ,5,16.81522,107.09022,REGULAR,,NhÃ  á»Ÿ thÃ¢n thiá»‡n!,private_room,,False,,/ Ä‘Ãªm,386.859,â‚«386.859,2,,,True,True,True,,,,True,True,,,,False,False,,False,True,,True,,,,,,,,,,,,,,,,,,,,,
566990226324020990,https://www.airbnb.com.vn/rooms/566990226324020990,,ThÃ nh phá»‘ Huáº¿,14,16.45683,107.58038,REPRESENTATIVE,,SLEEP BOX - ÄI NGáº¨U HOMESTAY - Bed in 8-beds dorm,shared_room,,False,,/ Ä‘Ãªm,253.000,â‚«253.000,8,True,True,True,True,True,,,,,True,,,,False,False,,,,,,,,,,,,,True,,,,,True,,,,,,,,
29888936,https://www.airbnb.com.vn/rooms/29888936,"4,91",Thá»«a ThiÃªn Huáº¿,30,16.470956802368164,107.5958251953125,REGULAR,,NhÃ  trá» káº¹o Huáº¿,private_room,95,False,,/ Ä‘Ãªm,341.212,â‚«341.212,3,,True,True,,,True,,,True,True,,,,False,False,,,,,,,,,,,True,True,,True,,,,,,,,,,,,
23087982,https://www.airbnb.com.vn/rooms/23087982,"4,6",ThÃ nh phá»‘ Huáº¿,17,16.46493,107.5937,REGULAR,,PhÃ²ng Ä‘Æ¡n tiÃªu chuáº©n,private_room,10,False,,/ Ä‘Ãªm,285.294,â‚«285.294,1,,,True,,True,True,,,True,True,,True,True,False,,,,,,,,,,,,,,,,,,,,,True,True,,,,,
29915362,https://www.airbnb.com.vn/rooms/29915362,"5,0",ThÃ nh phá»‘ Huáº¿,10,16.47726,107.56524,REGULAR,,PhÃ²ng cho 2 ngÆ°á»i vá»›i ná»‡m má»m vÃ  phÃ²ng táº¯m má»›i,private_room,4,False,,/ Ä‘Ãªm,268.177,â‚«268.177,2,,True,True,,True,,True,,True,,,,,False,False,,False,True,5,,True,,,,False,,,,,,True,,,,,,,,,,
887359154590047026,https://www.airbnb.com.vn/rooms/887359154590047026,,ThÃ nh phá»‘ Huáº¿,5,16.43403,107.5591,REPRESENTATIVE,,SÆ¡n Home Garden Tent 2 peoples,private_room,,False,,/ Ä‘Ãªm,,,2,,,True,True,True,,,,True,,True,,True,False,False,True,,,,,,,,,,,,,,,,,,,,,,,,,
30027717,https://www.airbnb.com.vn/rooms/30027717,"4,73",ThÃ nh phá»‘ Huáº¿,30,16.47465,107.57328,REGULAR,,Gia Ä‘Ã¬nh báº£n xá»© Minh TÃº #B1â¤ï¸3 phÃºt Ä‘i bá»™ Ä‘áº¿n Tá»­ Cáº¥m ThÃ nh,private_room,15,False,,/ Ä‘Ãªm,,,2,,True,True,True,True,True,True,,,,,,,False,False,True,False,True,5,True,,,,,,,,,,,,,,,,,,,,,
33208156,https://www.airbnb.com.vn/rooms/33208156,"4,57",,5,16.4697,107.59817,REGULAR,,Tá»• hiá»‡n Ä‘áº¡i ngay trung tÃ¢m phá»‘ Ä‘i bá»™ vá» Ä‘Ãªm,hotel_room,75,False,,/ Ä‘Ãªm,476.580,â‚«476.580,2,,,True,,True,True,,,True,,,,True,False,False,,,,,,,,,,,,True,,True,,True,,,,,,,,,,
765441902586159745,https://www.airbnb.com.vn/rooms/765441902586159745,,ThÃ nh phá»‘ Huáº¿,11,16.471,107.59439,REGULAR,,"Má»›i, sáº¡ch sáº½,  ngay phá»‘ TÃ¢y",private_room,,False,,/ Ä‘Ãªm,,,2,,True,True,True,,True,,,True,True,,,,,,,,,,,,,,,,,,,,,,,,,,,,,,,
33675348,https://www.airbnb.com.vn/rooms/33675348,"4,7",ThÃ nh phá»‘ Huáº¿,30,16.46026,107.58855,REGULAR,,PhÃ²ng KhÃ¡ch Sáº¡n Nice Huáº¿ 2,hotel_room,27,False,,/ Ä‘Ãªm,,,2,,,True,True,True,True,True,True,True,,True,,,,,,,,,,,,,,,True,True,,,,,,,,,,,,,,
887174244335811272,https://www.airbnb.com.vn/rooms/887174244335811272,,ThÃ nh phá»‘ Huáº¿,10,16.464734477818112,107.59265340304108,REGULAR,,Double room,private_room,,False,,/ Ä‘Ãªm,285.294,â‚«285.294,2,,,True,,True,True,,,True,True,,,True,False,,,,,,,,,,,,,,,,,,,,True,,,,,,,
33175616,https://www.airbnb.com.vn/rooms/33175616,"5,0",ThÃ nh phá»‘ Huáº¿,30,16.43784,107.57459,REGULAR,,ğŸ„PinehillğŸ„TÆ° Hiáº¿u ï¸ HueğŸŒ± Homestay ğŸŒ¸ Thiá»n 3,private_room,8,False,,/ Ä‘Ãªm,,,2,True,True,True,True,True,True,,,,True,,,,,,True,True,True,5,True,True,,,,,,,,,,,,,,,,,,,,
38951019,https://www.airbnb.com.vn/rooms/38951019,"4,64",Hue,30,16.45533,107.61125,REGULAR,,KÃ½ á»©c homestay Huáº¿ - Ban cÃ´ng lá»›n PhÃ²ng sang trá»ng 5,private_room,11,False,,/ Ä‘Ãªm,215.782,â‚«215.782,2,,True,True,,True,True,True,,True,True,,,,False,False,,False,True,4,True,,,,,,,,,,,,,,,,,,,,,
617822748262923960,https://www.airbnb.com.vn/rooms/617822748262923960,,ThÃ nh phá»‘ Huáº¿,15,16.47426,107.5709,REGULAR,,Má»™t phÃ²ng riÃªng gáº§n HoÃ ng thÃ nh,private_room,,False,,/ Ä‘Ãªm,268.433,â‚«268.433,2,,True,True,True,True,,,,,True,True,,,False,False,True,True,True,,,,,,,False,,,,,,,,,,,,,,,,
39412231,https://www.airbnb.com.vn/rooms/39412231,"4,8",ThÃ nh phá»‘ Huáº¿,15,16.46434,107.59756,REGULAR,,PhÃ²ng Ä‘Ã´i hÆ°á»›ng dÆ°Æ¡ng vá»›i táº§m nhÃ¬n ra giÆ°á»ng cá»¡ King á»Ÿ Huáº¿,private_room,15,False,,/ Ä‘Ãªm,,,2,,True,True,True,True,,,True,True,,,,,False,False,True,,,,,,,,,,True,,,,,,,,,,,,,,,
744800217286464605,https://www.airbnb.com.vn/rooms/744800217286464605,,ThÃ nh phá»‘ Huáº¿,5,16.45818,107.61218,REGULAR,,PhÃ²ng riÃªng Ä‘áº¹p á»Ÿ thÃ nh phá»‘ Huáº¿ 1,private_room,,False,,/ Ä‘Ãªm,277.306,â‚«277.306,2,,True,True,True,,True,True,,True,,,,,False,False,,,,,,True,,,,,,,,,,,,,,,,,,,,
43538213,https://www.airbnb.com.vn/rooms/43538213,"4,83",ThÃ nh phá»‘ Huáº¿,30,16.4682,107.60087,REGULAR,,Buá»“ng gá»— ( Chalet) in Q' Garden Villa_Central City,private_room,6,False,,/ Ä‘Ãªm,,,2,,True,True,True,True,,True,,,,,,,False,,True,False,True,3,True,True,,,,,,,,,,,,,,,,,,,,
861154567032899004,https://www.airbnb.com.vn/rooms/861154567032899004,,ThÃ nh phá»‘ Huáº¿,6,16.46658,107.5943322,REGULAR,,PhÃ²ng Ä‘Ã´i vá»›i bá»¯a sÃ¡ng ngon,private_room,1,False,,/ Ä‘Ãªm,,,2,,,True,,,True,,,True,True,,,,False,False,,False,True,8,,,,,,False,,,,,,,,,,,,,,,,
41693923,https://www.airbnb.com.vn/rooms/41693923,"4,5",ThÃ nh phá»‘ Huáº¿,11,16.4546,107.56695,REGULAR,,[Tiá»ƒu An]- Khung cáº£nh vÆ°á»n yÃªn bÃ¬nh,private_room,6,False,,/ Ä‘Ãªm,456.471,â‚«456.471,3,,True,True,,True,,,,True,True,,,,False,False,True,True,True,3,True,,,,,,True,,,,,,,,,,,,,,,
28922668,https://www.airbnb.com.vn/rooms/28922668,"4,88",ThÃ nh phá»‘ Huáº¿,7,16.47178,107.60167,REGULAR,,"Sá»‘ng cÃ¹ng gia Ä‘Ã¬nh báº£n xá»© bÃªn sÃ´ng, gáº§n trung tÃ¢m",private_room,112,False,,/ Ä‘Ãªm,455.019,â‚«455.019,10,,True,True,True,True,True,True,,,,True,,,False,False,,True,True,5,,,,,,False,,,,,,,,,,,,,,,,
24253000,https://www.airbnb.com.vn/rooms/24253000,"5,0",ThÃ nh phá»‘ Huáº¿,15,16.46132,107.59448,REGULAR,,Bringing comfortable to you,entire_home,4,False,,/ Ä‘Ãªm,401.495,â‚«401.495,2,True,True,True,,,,True,,True,,,,,,False,,,,,,True,,,,,,,,True,True,,,,True,,,,,,,
888105072289642645,https://www.airbnb.com.vn/rooms/888105072289642645,,ThÃ nh phá»‘ Huáº¿,22,16.4756175,107.5950026,REGULAR,,Double room - Shine Homestay,private_room,,False,,/ Ä‘Ãªm,,,2,,True,True,True,,True,True,,True,True,,,True,,,True,,,,,,,,,,,,,,,,,,True,,,,,,,
32912179,https://www.airbnb.com.vn/rooms/32912179,"4,97",ThÃ nh phá»‘ Huáº¿,29,16.46908,107.56657,REGULAR,,YÃªn tÄ©nh gáº§n kinh thÃ nh,private_room,37,False,,/ Ä‘Ãªm,428.233,â‚«428.233,2,,True,True,True,True,,True,True,,,,,,False,False,True,True,True,7,True,,,,,,,,,,,,,,,,,,,,,
24950126,https://www.airbnb.com.vn/rooms/24950126,,ThÃ nh phá»‘ Huáº¿,11,16.46576,107.5937,REGULAR,,NhÃ  cá»§a Pony_PhÃ²ng lá»›n,private_room,1,False,,/ Ä‘Ãªm,403.647,â‚«403.647,2,,True,True,True,True,,True,,True,,,,,False,False,True,False,True,4,True,,,,,,,,,,,,,,,,,,,,,
874740929251806762,https://www.airbnb.com.vn/rooms/874740929251806762,,ThÃ nh phá»‘ Huáº¿,9,16.45365,107.55158,REGULAR,,Lantana Huáº¿ 2 - phÃ²ng Ä‘Ã´i view sÃ´ng HÆ°Æ¡ng T.P #102,private_room,,False,,/ Ä‘Ãªm,450.800,â‚«450.800,2,,,True,,True,True,,,True,True,,,,False,False,True,False,True,,True,True,,,,,,,,,,,,,,,,,,,,
41303488,https://www.airbnb.com.vn/rooms/41303488,"4,71",ThÃ nh phá»‘ Huáº¿,15,16.46615,107.59673,REGULAR,,Jim 's House | FamilyBedroom |Citycenter*FREE_BF,private_room,21,False,,/ Ä‘Ãªm,439.068,â‚«439.068,5,,True,True,True,True,,True,True,True,,,,,,,,False,True,3,,True,,,,False,True,,,,,,,,,,,,,,,
832282078823868205,https://www.airbnb.com.vn/rooms/832282078823868205,,Thá»‹ xÃ£ HÆ°Æ¡ng Thá»§y,13,16.42852,107.58366,REGULAR,,Homestay tuyá»‡t vá»i nháº¥t.,private_room,,False,,/ Ä‘Ãªm,,,4,True,True,True,True,True,,,,,True,,,,False,False,,False,True,,,True,,,,False,,,,,,,,,,,,,,,,
734271778442008122,https://www.airbnb.com.vn/rooms/734271778442008122,,ThÃ nh phá»‘ Huáº¿,9,16.46917734125845,107.59520138095095,REGULAR,,KhÃ¡ch sáº¡n Kha - PhÃ²ng Ä‘Ã´i cao cáº¥p,private_room,,False,,/ Ä‘Ãªm,342.353,â‚«342.353,2,,,True,,,True,,,True,True,,,,False,False,,,,,,True,,,,,,,,,,True,,,,,,,,,,
49002238,https://www.airbnb.com.vn/rooms/49002238,,ThÃ nh phá»‘ Huáº¿,11,16.46442,107.60572,REGULAR,,Hue Crown Boutique_7082_Deluxe Double,private_room,,False,,/ Ä‘Ãªm,450.000,â‚«450.000,2,,,True,,True,,,,True,True,,,True,False,False,,,,,,,,,,,,,,,True,,,,,,,,,,,
38167468,https://www.airbnb.com.vn/rooms/38167468,"5,0",ThÃ nh phá»‘ Huáº¿,29,16.47488,107.58373,REGULAR,,"ThÃ nh phá»‘ 1,5 km  â€  Trung tÃ¢m thÃ nh phá»‘ â€  NÆ¡i yÃªn tÄ©nh",private_room,10,False,,/ Ä‘Ãªm,365.177,â‚«365.177,2,,True,True,,True,,True,True,True,,,,,False,False,True,True,True,4,True,,,,,,,,,,,,,,,,,,,,,
24236987,https://www.airbnb.com.vn/rooms/24236987,"4,97",ThÃ nh phá»‘ Huáº¿,29,16.46725,107.56739,REGULAR,,NhÃ  á»Ÿ cá»§a Chi #3 - phÃ²ng riÃªng cÃ³ phÃ²ng táº¯m bÃªn trong,private_room,65,False,,/ Ä‘Ãªm,374.710,â‚«374.710,2,,True,True,True,True,,True,,,,,,,False,False,True,True,True,7,True,True,,,,,,,,,,,,,,,,,,,,
768335432059352990,https://www.airbnb.com.vn/rooms/768335432059352990,,ThÃ nh phá»‘ Huáº¿,6,16.4628578,107.6167694,REGULAR,,CÄƒn há»™ yÃªn tÄ©nh táº¡i Trung tÃ¢m thÃ nh phá»‘,private_room,,False,,/ Ä‘Ãªm,318.388,â‚«318.388,2,True,True,True,,,True,,,,True,True,,,False,,,False,True,,True,True,,,,,,True,,,,,,,,,,,,,,
32478102,https://www.airbnb.com.vn/rooms/32478102,"5,0",ThÃ nh phá»‘ Huáº¿,14,16.47833,107.58003,REGULAR,,nhÃ  a-mÃ¢ze - phÃ²ng gÃ¡c mÃ¡i sá»‘ 1,private_room,5,False,,/ Ä‘Ãªm,321.171,â‚«321.171,1,,True,True,,True,,,,True,,,,True,False,False,,,,,,,,,,,,,,,,,,,,,,,,,,
24546775,https://www.airbnb.com.vn/rooms/24546775,,ThÃ nh phá»‘ Huáº¿,29,16.46916,107.59719,REGULAR,,LÃ nh Homestay in Huáº¿,private_room,1,False,,/ Ä‘Ãªm,,,10,,True,True,,,,True,,True,True,,,,False,False,,False,True,5,,,,,,False,,,,,,,,,,,,,,,,
567010449379086156,https://www.airbnb.com.vn/rooms/567010449379086156,,ThÃ nh phá»‘ Huáº¿,11,16.45855,107.58086,REPRESENTATIVE,,SLEEP BOX HOMESTAY - Huáº¿ - Bed in 6-beds Dorm,shared_room,,False,,/ Ä‘Ãªm,253.000,â‚«253.000,6,True,True,True,True,True,,,,True,True,,,,False,False,,,,,,,,,,,,,True,,,,,,,,,,,,,
24505561,https://www.airbnb.com.vn/rooms/24505561,"4,6",ThÃ nh phá»‘ Huáº¿,7,16.47223,107.59628,REGULAR,,KÃ½ tÃºc xÃ¡ Ä‘áº¹p vÃ  sáº¡ch sáº½ á»Ÿ thÃ nh phá»‘ Huáº¿ gáº§n sÃ´ng HÆ°Æ¡ng,shared_room,5,False,,/ Ä‘Ãªm,267.664,â‚«267.664,1,,,True,,True,,True,True,True,,,,True,,,,,,,,,,,,,,True,,True,True,,,,,True,,,,,,
28122134,https://www.airbnb.com.vn/rooms/28122134,"5,0",Hue,30,16.47112,107.60626,REGULAR,,PhÃ²ng hoÃ ng hÃ´n cá»§a gia Ä‘Ã¬nh báº£n xá»© Láº¡t ma vá»›i ban cÃ´ng,private_room,10,False,,/ Ä‘Ãªm,379.441,â‚«379.441,3,,True,True,,True,,True,True,True,,,,,False,False,True,True,True,5,True,,,,,,,,,,,,,,,,,,,,,
27425048,https://www.airbnb.com.vn/rooms/27425048,"4,79",ThÃ nh phá»‘ Huáº¿,22,16.46512,107.5749,REGULAR,,â˜…LÃª Robinet phÃ²ng riÃªng. 3 phÃºt Ä‘áº¿n kinh thÃ nh Huáº¿ â˜…,private_room,106,False,,/ Ä‘Ãªm,335.000,â‚«335.000,2,,True,True,,True,True,True,True,True,,,,,,,True,True,True,5,True,True,,,,,,,,,,,,,,,,,,,,
846891244396196434,https://www.airbnb.com.vn/rooms/846891244396196434,,ThÃ nh phá»‘ Huáº¿,12,16.43738,107.57375,REGULAR,,"NgÃ´i nhÃ  chá»¯a bá»‡nh, Tá»« Hiáº¿u #07",private_room,,False,,/ Ä‘Ãªm,347.746,â‚«347.746,2,,True,True,True,True,,,,,True,,,,False,,True,False,True,,True,True,,,,,,,,,,,,,,,,,,,,
874531988121568311,https://www.airbnb.com.vn/rooms/874531988121568311,,ThÃ nh phá»‘ Huáº¿,10,16.454213141458386,107.55247738212347,REGULAR,,Lantana Huáº¿ 2 - phÃ²ng Ä‘Ã´i view sÃ´ng HÆ°Æ¡ng T.P #101,private_room,,False,,/ Ä‘Ãªm,435.086,â‚«435.086,4,,True,True,,True,,,,,True,True,,,False,False,,False,True,,True,True,,,,,,,,,,,,,,,,,,,,
33486447,https://www.airbnb.com.vn/rooms/33486447,"4,55",ThÃ nh phá»‘ Huáº¿,25,16.46168,107.58811,REGULAR,,HONG PHAT HOUSE,private_room,11,False,,/ Ä‘Ãªm,347.972,â‚«347.972,4,,True,True,,True,True,True,,,,,,,False,False,True,False,True,4,,,,,,False,,,,,,,,True,,,,,,,,
53317644,https://www.airbnb.com.vn/rooms/53317644,"4,94",ThÃ nh phá»‘ Huáº¿,15,16.46948,107.59546,REGULAR,,"PhÃ²ng TÃ¢m Homestay ""Tam ThiÃªn""",private_room,31,False,,/ Ä‘Ãªm,480.000,â‚«480.000,2,,,True,True,True,,,,True,,,True,True,False,,,True,True,4,True,,,,,,True,,,,,,,True,,,,,,,,
880008354864056597,https://www.airbnb.com.vn/rooms/880008354864056597,,ThÃ nh phá»‘ Huáº¿,12,16.43274,107.57898,REGULAR,,Dorm Room _ B4,shared_room,,False,,/ Ä‘Ãªm,273.882,â‚«273.882,1,,True,True,,True,,True,,,,,,True,False,False,,,,,,,,,True,,,,,,,,,True,,,,True,,,,
656213953940903500,https://www.airbnb.com.vn/rooms/656213953940903500,"5,0",ThÃ nh phá»‘ Huáº¿,7,16.47097,107.60189,REGULAR,,NgÃ´i nhÃ  thÃ¢n yÃªu bÃªn bá» sÃ´ng,private_room,5,False,,/ Ä‘Ãªm,390.800,â‚«390.800,7,,True,True,,,,True,True,,True,,,,False,False,,True,True,5,True,,,,,,True,,,,,,,,True,,,,,,,
29888950,https://www.airbnb.com.vn/rooms/29888950,"4,82",Thá»«a ThiÃªn Huáº¿,30,16.46998,107.59852,REGULAR,,NhÃ  trá» káº¹o Huáº¿,private_room,11,False,,/ Ä‘Ãªm,341.212,â‚«341.212,3,,True,True,,,True,,,True,,,,True,False,,,,,,,,,,,,,True,,True,True,,,,True,,,,,,,
24237265,https://www.airbnb.com.vn/rooms/24237265,"5,0",ThÃ nh phá»‘ Huáº¿,30,16.46767,107.56864,REGULAR,,Chá»— á»Ÿ cá»§a Chi #4 - phÃ²ng riÃªng vá»›i 6 giÆ°á»ng táº§ng,private_room,49,False,,/ Ä‘Ãªm,268.977,â‚«268.977,6,,True,True,,True,,True,True,,True,,,,False,False,True,True,True,7,,,,,,False,,,,,,,,,,,,,,,,
20747653,https://www.airbnb.com.vn/rooms/20747653,"4,69",ThÃ nh phá»‘ Huáº¿,28,16.46519,107.59044,REGULAR,,PhÃ²ng NhÃ  ÄÃ¡ng yÃªu m2,private_room,51,False,,/ Ä‘Ãªm,479.294,â‚«479.294,2,,True,True,,True,True,True,,True,,,True,,False,False,,False,True,6,True,,,,,,,,,,,,,,,,,,,,,
765441920817568888,https://www.airbnb.com.vn/rooms/765441920817568888,,ThÃ nh phá»‘ Huáº¿,5,16.46937,107.59563,REGULAR,,"Má»›i, sáº¡ch sáº½, trung tÃ¢m",private_room,,False,,/ Ä‘Ãªm,,,2,,,,True,True,,,,True,True,,,,,,,,,,,,,,,,,,,,,,,,,,,,,,,
875682410083095085,https://www.airbnb.com.vn/rooms/875682410083095085,,ThÃ nh phá»‘ Huáº¿,9,16.47219,107.59455,REGULAR,,Destiny Homestay Hue,private_room,,False,,/ Ä‘Ãªm,,,16,,,True,,True,True,,,True,True,,,True,False,False,,False,True,,True,,,,,,,,,,,,,,,,,,,,,
37058248,https://www.airbnb.com.vn/rooms/37058248,"4,73",ThÃ nh phá»‘ Huáº¿,15,16.47538,107.58344,REGULAR,,"5 phÃºt Ä‘i bá»™ Ä‘áº¿n ThÃ nh ÄÃ´ â€  1,5 km",private_room,26,False,,/ Ä‘Ãªm,365.177,â‚«365.177,2,,True,True,True,True,,True,,,True,,,,False,False,True,True,True,4,True,,,,,,,,,,,,,,,,,,,,,
35528360,https://www.airbnb.com.vn/rooms/35528360,,ThÃ nh phá»‘ Huáº¿,11,16.47018,107.59752,REGULAR,,Chá»— á»Ÿ riÃªng cho cÃ¡ máº­p - Chia sáº» phÃ²ng cho 1 ngÆ°á»i,hotel_room,,False,,/ Ä‘Ãªm,,,1,,True,True,True,True,True,,,True,,,True,True,False,False,,,,,,,,,,,,,,,,,,,,,,,,,,
841079263364263908,https://www.airbnb.com.vn/rooms/841079263364263908,,ThÃ nh phá»‘ Huáº¿,7,16.46323,107.60754,REGULAR,,The Manor Crown Dorm - KÃ½ tÃºc xÃ¡ 1,shared_room,,False,,/ Ä‘Ãªm,,,1,,True,True,,True,,,,True,True,,,,False,False,,,,,,,,,,,,,,,,True,,,,,,,,,,
842522762278944167,https://www.airbnb.com.vn/rooms/842522762278944167,,ThÃ nh phá»‘ Huáº¿,13,16.4771823,107.6030863,REGULAR,,PhÃ²ng tiÃªu chuáº©n giÆ°á»ng Ä‘Ã´i,private_room,,False,,/ Ä‘Ãªm,,,3,,,True,,True,,,,True,True,,True,True,False,False,,False,True,,True,,,,,,True,,,,,,,,,,,,,,,
824496342575053325,https://www.airbnb.com.vn/rooms/824496342575053325,,ThÃ nh phá»‘ Huáº¿,16,16.47305,107.5647,REGULAR,,CÄƒn há»™ 2 phÃ²ng ngá»§ áº¥m Ã¡p vá»›i khÃ´ng gian yÃªn tÄ©nh,private_room,,False,,/ Ä‘Ãªm,,,4,,True,True,True,True,,,,,True,True,,,False,False,,False,True,,,True,,,,False,,,,,,,,,,,,,,,,
28370690,https://www.airbnb.com.vn/rooms/28370690,"4,91",ThÃ nh phá»‘ Huáº¿,30,16.47151,107.60617,REGULAR,,PhÃ²ng Sá»‘ng cÃ¹ng gia Ä‘Ã¬nh báº£n xá»© Láº¡t ma BÃ¬nh minh vá»›i ban cÃ´ng,private_room,44,False,,/ Ä‘Ãªm,399.412,â‚«399.412,2,,,True,,True,,True,True,True,,,,,False,False,True,True,True,5,True,,,,,,True,,,,,,,,,,,,,,,
838200139254149543,https://www.airbnb.com.vn/rooms/838200139254149543,,ThÃ nh phá»‘ Huáº¿,6,16.45896543520649,107.6117229756714,REGULAR,,PhÃ²ng Ä‘áº¹p cÃ³ nhÃ  vá»‡ sinh bÃªn ngoÃ i,private_room,,False,,/ Ä‘Ãªm,271.144,â‚«271.144,2,,True,,,True,True,True,,,True,,,,False,False,,,,,,,,True,,,True,,,,,,,,,,,,True,,,
23297283,https://www.airbnb.com.vn/rooms/23297283,"4,35",ThÃ nh phá»‘ Huáº¿,10,16.46381,107.59243,REGULAR,,PhÃ²ng Ä‘Ã´i tiÃªu chuáº©n,private_room,23,False,,/ Ä‘Ãªm,,,2,,,True,,True,True,,,True,True,,True,True,False,,,,,,,,,,,,,,,,,,,,,True,,,,,,
32500519,https://www.airbnb.com.vn/rooms/32500519,"5,0",ThÃ nh phá»‘ Huáº¿,16,16.47921,107.58033,REGULAR,,nhÃ  a-mÃ¢ze - phÃ²ng gÃ¡c mÃ¡i sá»‘ 2,private_room,3,False,,/ Ä‘Ãªm,321.187,â‚«321.187,1,,True,True,,True,,,,,,,,True,False,False,,,,,,,,,,,,,,,,,,,,,,,,,,
38990755,https://www.airbnb.com.vn/rooms/38990755,,ThÃ nh phá»‘ Huáº¿,5,16.47123,107.5965,REGULAR,,PhÃ²ng riÃªng gáº§n sÃ´ng HÆ°Æ¡ng táº¡i thÃ nh phá»‘ huáº¿,private_room,,False,,/ Ä‘Ãªm,318.801,â‚«318.801,2,,,True,,True,True,True,True,True,,,,True,,,,,,,,,,,,,,True,,True,True,,,,,,,,,,,
696659691841991084,https://www.airbnb.com.vn/rooms/696659691841991084,"4,88",ThÃ nh phá»‘ Huáº¿,9,16.47493563263845,107.59513892233372,REGULAR,,MÃ u TÃ­m Huáº¿ - DuyÃªn DÃ¡ng Riverside,private_room,8,False,,/ Ä‘Ãªm,490.706,â‚«490.706,2,,True,True,True,True,True,,,True,True,,,True,False,,True,,,,,,,,,,,,,,,,,,,,,,,,,
617678167109468612,https://www.airbnb.com.vn/rooms/617678167109468612,,ThÃ nh phá»‘ Huáº¿,14,16.45997,107.55654,REGULAR,,"NgÃ´i nhÃ  nhá» xinh áº¥m Ã¡p, gáº§n sÃ´ng HÆ°Æ¡ng, Ä‘áº¡i ná»™i",private_room,,False,,/ Ä‘Ãªm,376.172,â‚«376.172,2,,True,True,True,True,True,True,,,True,,,,False,False,,False,True,,True,,,,,,,,,,,,,,,,,,,,,
878189572087535244,https://www.airbnb.com.vn/rooms/878189572087535244,,ThÃ nh phá»‘ Huáº¿,10,16.45366,107.55355,REGULAR,,Lantana Huáº¿ 2 - phÃ²ng Ä‘Ã´i view sÃ´ng HÆ°Æ¡ng T.P #103,private_room,,False,,/ Ä‘Ãªm,446.880,â‚«446.880,2,,True,True,,True,True,,,,True,True,,,False,False,True,,,,,True,,,,,,,,,,,,,,,,,,,,
35077203,https://www.airbnb.com.vn/rooms/35077203,"4,59",ThÃ nh phá»‘ Huáº¿,21,16.46978,107.5971,REGULAR,,Shark Homestay - PhÃ²ng Ä‘Ã´i cho 2 ngÆ°á»i (2),private_room,22,False,,/ Ä‘Ãªm,381.418,â‚«381.418,2,,True,True,True,True,True,,,True,,,,,False,False,,False,True,4,,,,,,False,True,,,,,,,,,,,,,,,
35020001,https://www.airbnb.com.vn/rooms/35020001,,ThÃ nh phá»‘ Huáº¿,17,16.47006,107.59686,REGULAR,,SharkHomestay - Chia sáº» phÃ²ng cho 1 ngÆ°á»i,hotel_room,,False,,/ Ä‘Ãªm,,,1,,True,True,True,True,True,,,True,,,True,True,False,False,,,,,,,,,,,,,,,,,,,,,,,,,,
41102344,https://www.airbnb.com.vn/rooms/41102344,"5,0",PhÃº Vang,16,16.48656,107.60405,REGULAR,,PhÃ²ng rÃ¡c â€“ Ã”m lá»›n vÃ o thÃ¹ng rÃ¡c,private_room,3,False,,/ Ä‘Ãªm,336.647,â‚«336.647,2,,True,True,True,True,,,,True,True,,True,,False,False,,False,True,3,True,,,,,,,,,,,,,,,,,,,,,
608283584415414166,https://www.airbnb.com.vn/rooms/608283584415414166,,ThÃ nh phá»‘ Huáº¿,5,16.44767,107.57544,REGULAR,,"PhÃ²ng 102-Má»™t GiÆ°á»ng ÄÃ´i, View VÆ°á»n.",private_room,,False,,/ Ä‘Ãªm,456.471,â‚«456.471,2,,True,True,True,True,,True,,True,True,,,,False,False,,,,,,,,,,,,,,,,,,,,,,,,,,
31906200,https://www.airbnb.com.vn/rooms/31906200,"4,8",ThÃ nh phá»‘ Huáº¿,30,16.45921,107.61068,REGULAR,,Bá»™ nhá»› nhÃ  - ThÃ­ch há»£p cho 4-6 phÃ²ng pax-Room3,private_room,10,False,,/ Ä‘Ãªm,379.964,â‚«379.964,4,,True,True,,True,True,True,,True,,,,,False,False,True,False,True,4,True,,,,,,,,,,,,,,,,,,,,,
13192918,https://www.airbnb.com.vn/rooms/13192918,"4,81",Phuoc vinh,30,16.45484,107.59008,REGULAR,,Sá»‘ng cÃ¹ng gia Ä‘Ã¬nh báº£n xá»© Huáº¿â¤ï¸PHÃ’NG ÄÃ”Iâ¤ ï¸,private_room,27,False,,/ Ä‘Ãªm,347.948,â‚«347.948,2,,True,True,,True,True,True,True,True,,,True,True,,,,False,True,5,True,,,,,,,,,,,,,,,,,,,,,
35526914,https://www.airbnb.com.vn/rooms/35526914,,ThÃ nh phá»‘ Huáº¿,12,16.4721,107.59574,REGULAR,,Chá»— á»Ÿ riÃªng cho cÃ¡ máº­p - Chia sáº» phÃ²ng cho 1 ngÆ°á»i,hotel_room,,False,,/ Ä‘Ãªm,,,1,,True,True,True,True,True,,,True,,,True,True,False,False,,,,,,,,,,,,,,,,,,,,,,,,,,
868499678111051668,https://www.airbnb.com.vn/rooms/868499678111051668,,ThÃ nh phá»‘ Huáº¿,6,16.470681797220752,107.59714624232785,REGULAR,,Standard Room BÃ¡nh INN homestay,private_room,,False,,/ Ä‘Ãªm,,,2,,,True,,True,,,,True,True,,,,False,False,,,,,,,,,,,,,,,,,,,,,,,,,,
888201115304246018,https://www.airbnb.com.vn/rooms/888201115304246018,,ThÃ nh phá»‘ Huáº¿,11,16.4771823,107.6030863,REGULAR,,PhÃ²ng 6 ngÆ°á»i lá»›n cÃ³ phÃ²ng táº¯m bÃªn ngoÃ i,private_room,,False,,/ Ä‘Ãªm,,,6,,,True,True,True,,,,True,True,,True,True,,,,,,,,True,,True,,,True,,,,,,,,,,,,,,,
841714334359346920,https://www.airbnb.com.vn/rooms/841714334359346920,,ThÃ nh phá»‘ Huáº¿,10,16.4771823,107.6030863,REGULAR,,PhÃ²ng giÆ°á»ng Ä‘Ã´i náº±m á»Ÿ táº§ng trá»‡t,private_room,,False,,/ Ä‘Ãªm,,,3,,True,True,,True,True,,,True,True,,True,,,,,False,True,,True,,,True,,,True,,,,,,,,,,,,,,,
792666512212166258,https://www.airbnb.com.vn/rooms/792666512212166258,,ThÃ nh phá»‘ Huáº¿,6,16.4632335,107.6075446,REGULAR,,Ruby 's Manor Crown - Sleep Studio,private_room,1,False,,/ Ä‘Ãªm,456.471,â‚«456.471,2,,,True,,,True,,,True,True,,,True,False,,,True,True,10,True,,,,,,,,,,,,,,,True,,,,,,
15231625,https://www.airbnb.com.vn/rooms/15231625,"4,18",tp. Huáº¿,20,16.46906,107.59501,REGULAR,,PhÃ²ng gia Ä‘Ã¬nh 2 giÆ°á»ng lá»›n/ cÃ¡ch sÃ´ng 100m,private_room,11,False,,/ Ä‘Ãªm,,,4,,,True,,True,True,,,True,,,True,True,,,,,,,,,,,,,,,True,True,,True,,,,True,,,,,,
811558403202429805,https://www.airbnb.com.vn/rooms/811558403202429805,,Thá»‹ xÃ£ HÆ°Æ¡ng Thá»§y,30,16.43474,107.63432,REGULAR,,CÄƒn phÃ²ng vui váº»,private_room,,False,,/ Ä‘Ãªm,427.941,â‚«427.941,2,,True,True,True,True,,True,,True,,,,,False,False,,False,True,,,,,,,False,,,,,,,,,,,,,,,,
32389011,https://www.airbnb.com.vn/rooms/32389011,,ThÃ nh phá»‘ Huáº¿,20,16.47864,107.58038,REGULAR,,nhÃ  a-mÃ¢ze - KÃ½ tÃºc xÃ¡ chung ngay trung tÃ¢m Huáº¿,shared_room,,False,,/ Ä‘Ãªm,267.664,â‚«267.664,6,,True,True,,True,,,,True,,,,True,False,False,,,,,,,,,,,,,,,,,,,,,,,,,,
32912650,https://www.airbnb.com.vn/rooms/32912650,"5,0",ThÃ nh phá»‘ Huáº¿,30,16.4686,107.56729,REGULAR,,Chi 's Abode 1fy Studio Room for Digital Nomad,private_room,3,False,,/ Ä‘Ãªm,415.388,â‚«415.388,2,,True,True,True,True,,True,,,True,,,,False,False,True,,,,,True,,,,,,,,,,,,,,,,,,,,
855464367331166567,https://www.airbnb.com.vn/rooms/855464367331166567,,ThÃ nh phá»‘ Huáº¿,7,16.46491,107.56491,REGULAR,,Homestay cá»§a Bama,private_room,,False,,/ Ä‘Ãªm,268.433,â‚«268.433,1,,True,True,True,,True,True,,,True,,,,False,False,,False,False,,,,,,,False,,,,,,,,True,,,,,,,,
25294803,https://www.airbnb.com.vn/rooms/25294803,,Huáº¿,8,16.45107,107.62164,REGULAR,,NhÃ  Soleil - Biá»‡t thá»±,private_room,2,False,,/ Ä‘Ãªm,270.857,â‚«270.857,2,,True,True,,True,,True,True,True,,,,,False,False,,False,False,5,,,,,,False,,True,,,,,,,,,,,,,,
38995692,https://www.airbnb.com.vn/rooms/38995692,"4,6",ThÃ nh phá»‘ Huáº¿,30,16.46038,107.59503,REGULAR,,NhÃ  báº£n xá»© Buda Huáº¿ gáº§n ThÃ nh cá»• 02,private_room,5,False,,/ Ä‘Ãªm,227.509,â‚«227.509,2,,True,True,,True,True,True,,True,,True,,,False,False,,False,False,4,True,,,,,,,,,,,,,,,,,,,,,
799027549630678271,https://www.airbnb.com.vn/rooms/799027549630678271,,Thá»‹ xÃ£ HÆ°Æ¡ng Thá»§y,12,16.4351,107.63347,REGULAR,,PhÃ²ng áº¥m Ã¡p,private_room,,False,,/ Ä‘Ãªm,485.000,â‚«485.000,2,,True,True,True,True,True,True,,True,,,,,False,False,,False,True,,True,,,,,,,,,,,,,,,,,,,,,
24772959,https://www.airbnb.com.vn/rooms/24772959,"5,0",ThÃ nh phá»‘ Huáº¿,23,16.43317,107.58005,REGULAR,,SpringGardenVilla_PhÃ²ng hoa mÆ¡_BF miá»…n phÃ­,private_room,5,False,,/ Ä‘Ãªm,456.471,â‚«456.471,2,,True,True,,True,True,,,True,True,,True,True,False,False,,,,,,,,,,,,,,,,,,,,,,,,,,
841064746115572561,https://www.airbnb.com.vn/rooms/841064746115572561,,ThÃ nh phá»‘ Huáº¿,7,16.46323,107.60754,REGULAR,,Ruby 's Manor Crown - KÃ½ tÃºc xÃ¡ 2,shared_room,,False,,/ Ä‘Ãªm,267.813,â‚«267.813,1,,,True,,True,,,,True,True,,,,False,False,,,,,,,,,,,,,,,,,,,,,,,,,,
32879123,https://www.airbnb.com.vn/rooms/32879123,,ThÃ nh phá»‘ Huáº¿,15,16.42965,107.57949,REGULAR,,PhÃ²ng trá» cá»§a KhÃ¡nh,private_room,,False,,/ Ä‘Ãªm,455.019,â‚«455.019,2,,True,True,,True,,,,True,,,,True,False,False,,False,True,,,,,,,False,,,,,True,,,True,,,,,,,,
848935761968611888,https://www.airbnb.com.vn/rooms/848935761968611888,,ThÃ nh phá»‘ Huáº¿,12,16.43695,107.56764,REGULAR,,NhÃ  TrÃº vá»›i khÃ´ng gian yÃªn tÄ©nh,private_room,,False,,/ Ä‘Ãªm,433.647,â‚«433.647,2,,True,True,True,True,True,True,,,True,,,,False,False,,False,True,,,,,,,False,,,,,,,,,,,,,,,,
15123860,https://www.airbnb.com.vn/rooms/15123860,"4,75",Hue City,30,16.480469,107.596291,REGULAR,,Tá»© giÃ¡c Gia Ä‘Ã¬nh - CÃ¡ch sÃ´ng HÆ°Æ¡ng 10 phÃºt Ä‘i bá»™,private_room,16,False,,/ Ä‘Ãªm,487.853,â‚«487.853,4,,,True,,True,True,,,True,,,True,True,,,,,,,,True,,,,,,,True,True,,True,,,,,,,,,,
43547737,https://www.airbnb.com.vn/rooms/43547737,,ThÃ nh phá»‘ Huáº¿,28,16.46676,107.60243,REGULAR,,Chalet Room_2Pax_Garden View_Central City,private_room,,False,,/ Ä‘Ãªm,235.000,â‚«235.000,2,,True,True,True,True,True,True,True,,,,,,,,True,False,True,,True,True,,,,,,,,,,,,,,,,,,,,
13288306,https://www.airbnb.com.vn/rooms/13288306,"4,95",tp. Huáº¿,17,16.46911,107.56733,REGULAR,,Chá»— á»Ÿ cá»§a Chi #2 - cÃ¡ch thÃ nh phá»‘ vÃ i bÆ°á»›c,private_room,154,False,,/ Ä‘Ãªm,374.710,â‚«374.710,2,,True,True,True,True,,True,True,,,,,,False,False,True,True,True,7,True,,,,,,,,,,,,,,,,,,,,,
35772636,https://www.airbnb.com.vn/rooms/35772636,"5,0",ThÃ nh phá»‘ Huáº¿,16,16.43583,107.57208,REGULAR,,Lavin Home â˜®ï¸ Garden- Hill View,hotel_room,5,False,,/ Ä‘Ãªm,458.349,â‚«458.349,2,,True,True,,True,,True,True,True,,,,,False,False,True,,,,,,,,,,True,,,,,,,,,,,,,,,
823614749748009794,https://www.airbnb.com.vn/rooms/823614749748009794,,ThÃ nh phá»‘ Huáº¿,7,16.44432,107.57052,REGULAR,,Biá»‡t thá»± PÃ©trichor,private_room,,False,,/ Ä‘Ãªm,326.568,â‚«326.568,2,,True,True,,True,True,,,True,,,,,False,False,,False,True,,True,True,,,,,,,,,,,,,,,,,,,,
655288610749909878,https://www.airbnb.com.vn/rooms/655288610749909878,,ThÃ nh phá»‘ Huáº¿,11,16.471672911616157,107.60983306914568,REGULAR,,Your House Homestay Huáº¿ nguyÃªn cÄƒn hoáº·c theo phÃ²ng,private_room,,False,,/ Ä‘Ãªm,285.294,â‚«285.294,16,,True,True,True,True,True,,,True,True,,,,False,False,,False,True,,,,,,,False,,,,,,,,,,,,,,,,
29992767,https://www.airbnb.com.vn/rooms/29992767,"4,39",ThÃ nh phá»‘ Huáº¿,30,16.47142,107.59716,REGULAR,,"KhÃ¡ch sáº¡n Canary - ThÃ nh phá»‘ Huáº¿ -""Dá»… dÃ ng"" tham quan báº±ng cÃ¡ch Ä‘i bá»™",private_room,18,False,,/ Ä‘Ãªm,347.972,â‚«347.972,10,,,True,,True,True,,,True,,,True,True,False,False,,,,,,,,,,,,True,,,,,,,,,True,,,,,
24748552,https://www.airbnb.com.vn/rooms/24748552,,ThÃ nh phá»‘ ÄÃ´ng HÃ ,6,16.82603,107.0849,REGULAR,,"PhÃ²ng táº§ng trÃªn cÃ¹ng, ban cÃ´ng vá»›i táº§m nhÃ¬n ra há»“ bÆ¡i",entire_home,,False,,/ Ä‘Ãªm,401.495,â‚«401.495,1,,,,,,,,,,,,,,False,False,True,,,,,,,,,,,,,,,,,,,,,,,,,
28870234,https://www.airbnb.com.vn/rooms/28870234,,ThÃ nh phá»‘ Huáº¿,9,16.46445,107.59187,REGULAR,,Tripple R tiÃªu chuáº©n - KhÃ¡ch sáº¡n Phong Nha,private_room,2,False,,/ Ä‘Ãªm,342.353,â‚«342.353,3,,True,True,,True,True,,,True,True,,,,False,,,False,True,5,,,,,,False,,,,,,,,True,,,,,,,,
38191048,https://www.airbnb.com.vn/rooms/38191048,,ThÃ nh phá»‘ Huáº¿,27,16.43226,107.58004,REGULAR,,PhÃ²ng Ä‘Ã´i. S7,private_room,,False,,/ Ä‘Ãªm,,,2,,True,True,,True,True,True,True,True,,,,,False,False,,False,True,,True,,,,,,,,,,,,,,,,,,,,,
33486548,https://www.airbnb.com.vn/rooms/33486548,"4,67",ThÃ nh phá»‘ Huáº¿,24,16.46214,107.58825,REGULAR,,NhÃ  trá» Há»“ng PhÃ¡t,private_room,6,False,,/ Ä‘Ãªm,347.972,â‚«347.972,3,,True,True,,True,,True,True,True,,,,,False,False,True,,,,,,,,,,,,,,,,,True,,,,,,,,
811549763010016456,https://www.airbnb.com.vn/rooms/811549763010016456,,Thá»‹ xÃ£ HÆ°Æ¡ng Thá»§y,18,16.43661,107.63357,REGULAR,,PhÃ²ng HÃ²a bÃ¬nh,private_room,,False,,/ Ä‘Ãªm,485.000,â‚«485.000,2,,True,True,True,True,,True,,True,,,,,False,False,,False,True,,True,,,,,,,,,,,,,,,,,,,True,,
39805394,https://www.airbnb.com.vn/rooms/39805394,,ThÃ nh phá»‘ Huáº¿,6,16.46979,107.59636,REGULAR,,Single room with a queen bed has a balcony,private_room,,False,,/ Ä‘Ãªm,401.495,â‚«401.495,2,,True,True,,,True,,,True,True,,,True,False,False,,False,True,,,,,,,False,,,,,True,,,,,,,,,,,
24434500,https://www.airbnb.com.vn/rooms/24434500,"4,4",ThÃ nh phá»‘ Huáº¿,16,16.47123,107.59546,REGULAR,,PhÃ²ng riÃªng gáº§n sÃ´ng HÆ°Æ¡ng á»Ÿ thÃ nh phá»‘ Huáº¿,private_room,15,False,,/ Ä‘Ãªm,401.495,â‚«401.495,2,,,True,,True,True,,,True,,,True,True,,,,,,,,,,,,,,True,,,True,,,,True,True,,,,,,
36288400,https://www.airbnb.com.vn/rooms/36288400,,ThÃ nh phá»‘ Huáº¿,30,16.46972,107.59594,REGULAR,,"PhÃ²ng ""TÃ¢m An"" Homestay TÃ¢m An",entire_home,,False,,/ Ä‘Ãªm,480.000,â‚«480.000,2,True,True,True,True,True,,True,True,True,,,,,False,,,,,,,,,,,,,,,,,,,True,,,,,,,,
34319721,https://www.airbnb.com.vn/rooms/34319721,"4,92",ThÃ nh phá»‘ Huáº¿,30,16.46588,107.57448,REGULAR,,LÃª Robinetâ˜… PhÃ²ng Superior â˜… 3 phÃºt Ä‘áº¿n Huáº¿ Citadel,private_room,13,False,,/ Ä‘Ãªm,395.000,â‚«395.000,2,,True,True,,True,,True,True,True,,,True,,,,True,True,True,5,True,True,,,,,,,,,,,,,,,,,,,,
12671298,https://www.airbnb.com.vn/rooms/12671298,"4,43",Hue City,13,16.480469,107.596291,REGULAR,,Táº§m nhÃ¬n ra vÆ°á»n cá»• Ä‘iá»ƒn - 10 phÃºt Ä‘i bá»™ Ä‘áº¿n sÃ´ng HÆ°Æ¡ng,private_room,21,False,,/ Ä‘Ãªm,489.265,â‚«489.265,4,,,True,,True,True,,,True,,,,,,,True,,,,,True,,,,,True,,True,True,,,,,,,,,,,,
34767406,https://www.airbnb.com.vn/rooms/34767406,,Hue,30,16.47903,107.57146,REGULAR,,Hue Sweethome Homestay/PhÃ²ng Ä‘Ã´i vá»›i River View,hotel_room,,False,,/ Ä‘Ãªm,342.353,â‚«342.353,2,,True,True,,True,True,True,True,True,,True,,True,,,,,,,,True,,,,,,,,,,,,,,,,,,,,
29891890,https://www.airbnb.com.vn/rooms/29891890,"4,4",ThÃ nh phá»‘ Huáº¿,30,16.47408,107.5739,REGULAR,,"Gia Ä‘Ã¬nh báº£n xá»© Minh TÃº #â¤ B2 ï¸BÆ°á»›c chÃ¢n Ä‘áº¿n kinh thÃ nh, rá»™ng rÃ£i",private_room,5,False,,/ Ä‘Ãªm,365.177,â‚«365.177,2,,True,True,True,True,True,True,,,,,,,False,False,True,False,True,5,True,,,,,,,,,,,,,,,,,,,,,
21509570,https://www.airbnb.com.vn/rooms/21509570,"4,63",ThÃ nh phá»‘ Huáº¿,21,16.47037,107.59583,REGULAR,,Sala Homestay Hue,private_room,16,False,,/ Ä‘Ãªm,347.972,â‚«347.972,2,,True,True,,True,True,,,True,,,,True,False,False,True,,,,,,,,,,,,,,True,,,,,,,,,,,
35778601,https://www.airbnb.com.vn/rooms/35778601,"5,0","Thuy Xuan, Hue",30,16.43655,107.57846,REGULAR,,Lavin Home â˜®ï¸ vÃ i bÆ°á»›c Ä‘áº¿n chÃ¹a TÆ° Hiáº¿u,hotel_room,8,False,,/ Ä‘Ãªm,435.116,â‚«435.116,2,,True,True,,True,,True,True,True,,,,,False,False,True,,,,,,,,,,True,,,,,,,,,,,,,,,
762855991782371475,https://www.airbnb.com.vn/rooms/762855991782371475,,ThÃ nh phá»‘ Huáº¿,16,16.4569711,107.5959293,REGULAR,,GiÆ°á»ng sá»‘ng cÃ¹ng gia Ä‘Ã¬nh báº£n xá»© Nana cÃ³ ban cÃ´ng,private_room,,False,,/ Ä‘Ãªm,395.361,â‚«395.361,2,,True,True,,True,True,True,,True,True,,,,False,,,,,,,True,,,,,,,,,,,,,,,,,,,,
38853172,https://www.airbnb.com.vn/rooms/38853172,,ThÃ nh phá»‘ Huáº¿,5,16.4663,107.59503,REGULAR,,phÃ²ng ba ngÆ°Æ¡ Ì€ i sang trá»ng,private_room,,False,,/ Ä‘Ãªm,479.294,â‚«479.294,3,,,True,True,,True,,,True,True,,,True,False,False,,,,,,,,,,,,,,,,,,,,,,,,,,
25394584,https://www.airbnb.com.vn/rooms/25394584,,Hue,5,16.45104,107.62357,REGULAR,,NhÃ  Soleil - Ban cÃ´ng biá»‡t thá»±,private_room,2,False,,/ Ä‘Ãªm,342.353,â‚«342.353,2,,True,True,,True,True,True,,,,,,,False,False,,False,False,5,,,,,,False,,True,,,,,,True,,,,,,,,
842560580926997088,https://www.airbnb.com.vn/rooms/842560580926997088,,ThÃ nh phá»‘ Huáº¿,15,16.4771823,107.6030863,REGULAR,,PhÃ²ng 2 giÆ°á»ng Ä‘Ã´i cÃ³ ban cÃ´ng,private_room,,False,,/ Ä‘Ãªm,,,6,True,,True,,True,,,,True,True,,True,,False,False,,False,True,,True,,,,,,True,,,,,,,,,,,,,,,
35806534,https://www.airbnb.com.vn/rooms/35806534,,ThÃ nh phá»‘ Huáº¿,13,16.47152,107.59764,REGULAR,,Chá»— á»Ÿ riÃªng cho cÃ¡ máº­p - Chia sáº» phÃ²ng cho 1 ngÆ°á»i,hotel_room,,False,,/ Ä‘Ãªm,,,1,,True,True,True,True,True,,,True,,,True,True,False,False,,,,,,,,,,,,,,,,,,,,,,,,,,
835950266445405635,https://www.airbnb.com.vn/rooms/835950266445405635,,ThÃ nh phá»‘ Huáº¿,7,16.467622080801775,107.60303098708391,REGULAR,,PhÃ²ng Pravite | NhÃ¬n ra vÆ°á»n,private_room,,False,,/ Ä‘Ãªm,420.000,â‚«420.000,2,,True,True,True,True,True,True,,True,,,,,False,,,False,True,,True,,,,,,,,,,,,,,,,,True,,,,
48163013,https://www.airbnb.com.vn/rooms/48163013,,ThÃ nh phá»‘ Huáº¿,28,16.4775,107.57065,REGULAR,,Hue Sweethome Homestay/Quang cáº£nh vÆ°á»n phÃ²ng Ä‘Ã´i,private_room,,False,,/ Ä‘Ãªm,342.353,â‚«342.353,2,,,True,,True,True,,,True,,,,True,False,,,,,,,,,,,,,,,,,,,,,,,,,,,
638945379483536238,https://www.airbnb.com.vn/rooms/638945379483536238,"3,0",ThÃ nh phá»‘ Huáº¿,5,16.461,107.588852,REGULAR,,NhÃ  nghá»‰ BÃ¬nh An,private_room,3,False,,/ Ä‘Ãªm,264.753,â‚«264.753,2,,True,True,True,True,True,,,True,True,,,True,,,True,,,,,,,,,,,,,,,,,,,,,,,,,
843140608382640152,https://www.airbnb.com.vn/rooms/843140608382640152,,ThÃ nh phá»‘ Huáº¿,7,16.46418,107.60687,REGULAR,,Ruby 's Manor Crown - KÃ½ tÃºc xÃ¡ 3,shared_room,,False,,/ Ä‘Ãªm,285.294,â‚«285.294,1,,,True,,True,,,,True,True,,,,False,False,,,,,,,,,,,,,,,,,,,,,,,,,,
43584360,https://www.airbnb.com.vn/rooms/43584360,,ThÃ nh phá»‘ Huáº¿,3,16.4641,107.59241,REGULAR,,KHÃCH Sáº N SUNNY A,private_room,,False,,/ Ä‘Ãªm,332.011,â‚«332.011,2,,,True,,True,True,,,True,,,True,True,False,False,,,,,,,,,,,True,,,,,True,,,,,,,,,,
36115396,https://www.airbnb.com.vn/rooms/36115396,"4,78",ThÃ nh phá»‘ Huáº¿,30,16.47079,107.60679,REGULAR,,PhÃ²ng dáº­y sá»›m - BÃ¡o Ä‘á»™ng tá»± Ä‘á»™ng 3:30-4:00 sÃ¡ng,private_room,9,False,,/ Ä‘Ãªm,399.412,â‚«399.412,2,,True,True,,True,True,True,,,True,,,,False,False,True,True,True,5,True,,,,,,,,,,,,,,,,,,,,,
864409592689447457,https://www.airbnb.com.vn/rooms/864409592689447457,,ThÃ nh phá»‘ Huáº¿,6,16.45945,107.61199,REGULAR,,PhÃ²ng gia Ä‘Ã¬nh cÃ³ táº§m nhÃ¬n ra thÃ nh phá»‘,private_room,,False,,/ Ä‘Ãªm,479.294,â‚«479.294,4,,True,True,True,True,True,,,True,True,,,True,False,False,,,,,,,,,,,,,,,,,,,,,,,,,,
842487895432799488,https://www.airbnb.com.vn/rooms/842487895432799488,,ThÃ nh phá»‘ Huáº¿,8,16.4771823,107.6030863,REGULAR,,PhÃ²ng gia Ä‘Ã¬nh giÆ°á»ng Ä‘Ã´i,private_room,,False,,/ Ä‘Ãªm,,,3,,,True,True,True,,,,True,True,,True,,,,,False,True,,True,,,True,,,True,,,,,,,,,,,,,,True,
30717151,https://www.airbnb.com.vn/rooms/30717151,"4,67",ThÃ nh phá»‘ Huáº¿,30,16.47086,107.598,REGULAR,,Canary Hotel - PhÃ²ng sang trá»ng táº¡i trung tÃ¢m thÃ nh phá»‘ Huáº¿,private_room,3,False,,/ Ä‘Ãªm,456.346,â‚«456.346,16,,,True,,True,True,,,True,,,True,,False,False,,,,,,,,,,,,True,,,,,,True,,,True,,,,,
40195859,https://www.airbnb.com.vn/rooms/40195859,"4,5",ThÃ nh phá»‘ Huáº¿,30,16.46792,107.60152,REGULAR,,â™¥[4pax+] PhÃ²ng gia Ä‘Ã¬nh lá»›n |â™¥|CÃ³ sÃ¢n thÆ°á»£ng| Táº§m nhÃ¬n ra vÆ°á»n,private_room,4,False,,/ Ä‘Ãªm,445.500,â‚«445.500,6,True,True,True,True,True,,,,,,True,,,,,True,False,True,3,True,True,,,,,,,,,,,,True,,,,,,,,
41723984,https://www.airbnb.com.vn/rooms/41723984,"5,0",ThÃ nh phá»‘ Huáº¿,30,16.45864,107.60777,REGULAR,,Biá»‡t thá»± Starfruit,private_room,3,False,,/ Ä‘Ãªm,456.471,â‚«456.471,2,,True,True,,True,,True,,True,,,True,,,,,False,True,3,True,True,,,,,True,,,,,,,,,,,,,,True,
836118298581098538,https://www.airbnb.com.vn/rooms/836118298581098538,,ThÃ nh phá»‘ Huáº¿,24,16.4323424,107.5800422,REGULAR,,Double â€“ double room. D2,private_room,,False,,/ Ä‘Ãªm,479.294,â‚«479.294,4,,,True,,True,True,True,True,True,,,True,,False,False,,,,,,,,,,,,,,,,,,,,,True,,,,,
27856561,https://www.airbnb.com.vn/rooms/27856561,,ThÃ nh phá»‘ Huáº¿,30,16.48054,107.59542,REGULAR,,F75Homestay,private_room,,False,,/ Ä‘Ãªm,,,16,,True,True,,True,True,True,True,True,,,,,False,False,,,,,,,,,,,,,,,,True,,,,,,,,,,
47487099,https://www.airbnb.com.vn/rooms/47487099,,ThÃ nh phá»‘ Huáº¿,12,16.4685,107.56208,REGULAR,,Tram homestay,private_room,,False,,/ Ä‘Ãªm,330.542,â‚«330.542,16,,True,True,True,True,True,True,,True,,,,True,False,,True,,,,,,,,,,,,,,,,,,,,,,,,,
880010897554271334,https://www.airbnb.com.vn/rooms/880010897554271334,,ThÃ nh phá»‘ Huáº¿,12,16.43156,107.57934,REGULAR,,Dorm Room _ B6,shared_room,,False,,/ Ä‘Ãªm,273.883,â‚«273.883,1,,True,True,,True,,True,,,,,,True,False,False,,,,,,,,,True,,,,,,,,,True,,,,True,,,,
880009269297849836,https://www.airbnb.com.vn/rooms/880009269297849836,,ThÃ nh phá»‘ Huáº¿,12,16.43288,107.57908,REGULAR,,Dorm Room _ B5,shared_room,,False,,/ Ä‘Ãªm,273.882,â‚«273.882,1,,True,True,,True,,True,,,,,,True,False,False,,,,,,,,,True,,,,,,,,,True,,,,True,,,,
19169861,https://www.airbnb.com.vn/rooms/19169861,"4,53",ThÃ nh phá»‘ Huáº¿,9,16.4676,107.59391,REGULAR,,KhÃ¡ch sáº¡n thÆ¡ má»™ng Huáº¿_chá»— nghá»‰ phá»¥c vá»¥ bá»¯a sÃ¡ng,private_room,38,False,,/ Ä‘Ãªm,428.233,â‚«428.233,2,,True,True,,True,True,,,True,,,,True,False,False,,,,,,,,,,,,,,True,True,,,,,,,,,,,
868598362099382850,https://www.airbnb.com.vn/rooms/868598362099382850,,ThÃ nh phá»‘ Huáº¿,5,16.46878,107.60677,REGULAR,,A private room in an apartment,private_room,,False,,/ Ä‘Ãªm,347.859,â‚«347.859,2,,True,True,,True,True,True,,True,True,,,,False,,True,False,True,,,,,,,False,,,,,,,,,,,,,,,,
36849969,https://www.airbnb.com.vn/rooms/36849969,"5,0",ThÃ nh phá»‘ Huáº¿,24,16.47051,107.59688,REGULAR,,"Tam Homestay ""TÃ¢m Tinh"" room",private_room,4,False,,/ Ä‘Ãªm,340.000,â‚«340.000,2,,,True,,True,,,,True,,,,True,False,,,True,True,4,,,,,,False,,,,True,True,,,True,,,,,,,,
35469609,https://www.airbnb.com.vn/rooms/35469609,,ThÃ nh phá»‘ Huáº¿,21,16.45904,107.59595,REGULAR,,Sun House,entire_home,,False,,/ Ä‘Ãªm,422.235,â‚«422.235,10,,True,True,,,True,True,True,True,,,True,True,False,False,,,,,,,,,,,,,,,,,,,,,,,,,,
32507923,https://www.airbnb.com.vn/rooms/32507923,"5,0",ThÃ nh phá»‘ Huáº¿,14,16.47777,107.5794,REGULAR,,nhÃ  a-mÃ¢ze - phÃ²ng gÃ¡c mÃ¡i sá»‘ 3,private_room,3,False,,/ Ä‘Ãªm,321.171,â‚«321.171,1,,True,True,,True,,,,,,,,True,False,False,,,,,,,,,,,,,,,,,,,,,,,,,,
29744271,https://www.airbnb.com.vn/rooms/29744271,,PhÃº Má»¹,5,16.49471,107.61156,REGULAR,,Bao Khang hostel,private_room,,False,,/ Ä‘Ãªm,285.294,â‚«285.294,16,,,True,,True,True,,,True,,,,True,,,True,,,,,,,,,,,,,,,,,,True,,,,,,,
833641689375584653,https://www.airbnb.com.vn/rooms/833641689375584653,,ThÃ nh phá»‘ Huáº¿,12,16.468071251363497,107.60254584252834,REGULAR,,@ Pravite room 2pax | Garden,private_room,,False,,/ Ä‘Ãªm,432.000,â‚«432.000,2,,True,True,True,True,True,True,True,True,,,,,,,,False,True,,True,True,,,,,,,,,,,,,,,,,,,,
36196285,https://www.airbnb.com.vn/rooms/36196285,,ThÃ nh phá»‘ Huáº¿,17,16.47157,107.59539,REGULAR,,Thá»i gian á»Ÿ nhÃ  cho cÃ¡ máº­p - PhÃ²ng Ä‘Ã´i vá»›i ban cÃ´ng,private_room,1,False,,/ Ä‘Ãªm,483.117,â‚«483.117,2,,True,True,True,True,True,,,True,,,True,,False,False,,False,True,4,,,,,,False,,,,,,,,,,,,,,,,
33155148,https://www.airbnb.com.vn/rooms/33155148,,,25,16.46643,107.59395,REGULAR,,PhÃ²ng Ä‘Æ¡n giáº£n ~1 phÃºt Western WalkingStreet~,private_room,,False,,/ Ä‘Ãªm,255.004,â‚«255.004,2,,True,True,,,,,,True,,,,True,False,False,True,False,False,,True,,,,,,True,,,,,True,,,,,,,,,,
49001132,https://www.airbnb.com.vn/rooms/49001132,,ThÃ nh phá»‘ Huáº¿,7,16.46437,107.60767,REGULAR,,Hue Crown Boutiqe_9012_Deluxe Double,private_room,,False,,/ Ä‘Ãªm,450.000,â‚«450.000,2,,True,True,,True,True,,,True,True,,,True,False,False,,,,,,,,,,,,,,,True,,,,,,,,,,,
31418245,https://www.airbnb.com.vn/rooms/31418245,"4,6",ThÃ nh phá»‘ Huáº¿,9,16.47648,107.5944,REGULAR,,Pháº¡m Cá»­a hÃ ng boutique Homestay-Riverview-Room303 Bá»¯a sÃ¡ng,private_room,10,False,,/ Ä‘Ãªm,355.604,â‚«355.604,2,,True,True,,True,True,True,True,True,,,,,False,False,,False,True,4,,,,,,False,,,,,,,,,,,,,,,,
29524645,https://www.airbnb.com.vn/rooms/29524645,,ThÃ nh phá»‘ Huáº¿,10,16.4266,107.57971,REGULAR,,thÆ°á»Ÿng thá»©c thÃªm mÃ³n Äƒn cung Ä‘Ã¬nh Huáº¿,private_room,,False,,/ Ä‘Ãªm,,,16,,True,True,,True,,True,,True,,,,,False,False,,False,False,,,,,,,False,,,,,True,,,,,,,,,,,
880004913821720267,https://www.airbnb.com.vn/rooms/880004913821720267,,ThÃ nh phá»‘ Huáº¿,12,16.4323424,107.5800422,REGULAR,,Dorm Room _ B2,shared_room,,False,,/ Ä‘Ãªm,273.882,â‚«273.882,1,,True,True,,True,,True,,,,,,True,False,False,,,,,,,,,True,,,,,,,,,True,,,,True,,,,
35536232,https://www.airbnb.com.vn/rooms/35536232,,ThÃ nh phá»‘ Huáº¿,10,16.45148,107.59047,REGULAR,,50,shared_room,,False,,/ Ä‘Ãªm,342.353,â‚«342.353,3,,True,True,,True,True,True,,,,,,,False,False,,,,,,,,,True,,,True,,,,,,True,,,,,,,,
825292172334609640,https://www.airbnb.com.vn/rooms/825292172334609640,,ThÃ nh phá»‘ Huáº¿,30,16.47569,107.5949,REGULAR,,LÃ  nhÃ  cá»§a báº¡n/03 PhÃ²ng ngá»§/TrÃ¡i tim Huáº¿/Ä‘i bá»™ Ä‘áº¿n sÃ´ng,shared_room,,False,,/ Ä‘Ãªm,403.191,â‚«403.191,6,,True,True,True,True,True,,,,True,True,,,False,False,,,,,,True,,,,,,,,,,,,,,,,,,,,
841868231075864557,https://www.airbnb.com.vn/rooms/841868231075864557,,ThÃ nh phá»‘ Huáº¿,15,16.4771823,107.6030863,REGULAR,,PhÃ²ng tiÃªu chuáº©n giÆ°á»ng Ä‘Ã´i,private_room,,False,,/ Ä‘Ãªm,,,3,,True,True,True,True,True,,,True,True,,,,False,False,,False,True,,True,,,,,,,,,,,,,,,,,,,,,
39441276,https://www.airbnb.com.vn/rooms/39441276,"4,45",ThÃ nh phá»‘ Huáº¿,30,16.46239,107.59968,REGULAR,,Spa phÃ²ng trong mÆ¡,private_room,11,False,,/ Ä‘Ãªm,,,1,,,True,True,,,,,True,,,,True,False,False,True,,,,,,,,,,True,,,,True,True,,,,,,,,,,
30718008,https://www.airbnb.com.vn/rooms/30718008,,ThÃ nh phá»‘ Huáº¿,23,16.4743,107.59596,REGULAR,,Pháº¡m Cá»­a hÃ ng boutique Homestay-NÆ°á»›c hoa Riverview-Breakfast,private_room,,False,,/ Ä‘Ãªm,492.499,â‚«492.499,2,,True,True,,True,True,True,True,True,,,,,False,False,,False,True,,,,,,,False,,,,,,,,,,,,,,,,
881139599603925830,https://www.airbnb.com.vn/rooms/881139599603925830,,ThÃ nh phá»‘ Huáº¿,10,16.454189025554836,107.55249816924334,REGULAR,,Lantana Huáº¿ 2 - phÃ²ng Ä‘Ã´i view sÃ´ng HÆ°Æ¡ng T.P #105,private_room,,False,,/ Ä‘Ãªm,435.086,â‚«435.086,2,,True,True,,True,,,,,True,True,,,False,False,,False,True,,True,True,,,,,,,,,,,,,,,,,,,,
887569625607557931,https://www.airbnb.com.vn/rooms/887569625607557931,,ThÃ nh phá»‘ Huáº¿,10,16.464703611135697,107.59261585211487,REGULAR,,PhÃ²ng 3 (Triple room),private_room,,False,,/ Ä‘Ãªm,365.177,â‚«365.177,3,,,True,,True,True,,,True,True,,True,True,False,,,,,,,,,,,,,,,,,,,,,True,True,,,,,
823605798030729600,https://www.airbnb.com.vn/rooms/823605798030729600,,ThÃ nh phá»‘ Huáº¿,6,16.444682302655206,107.56971191614866,REGULAR,,Biá»‡t thá»± PÃ©trichor,private_room,,False,,/ Ä‘Ãªm,399.412,â‚«399.412,2,,True,True,,True,True,,,True,,,,,False,False,,False,True,,True,,,,,,,,,,,,,,,,,,,,,
23086916,https://www.airbnb.com.vn/rooms/23086916,,,8,16.46536,107.59239,REGULAR,,PhÃ²ng cho gia Ä‘Ã¬nh - KhÃ¡ch sáº¡n Phong Nha Huáº¿,private_room,,False,,/ Ä‘Ãªm,456.471,â‚«456.471,4,,,True,,True,True,,,True,True,,True,True,False,,,,,,,,,,,,,,,,,,,,,True,True,,,,,
31089992,https://www.airbnb.com.vn/rooms/31089992,,ThÃ nh phá»‘ Huáº¿,9,16.4743,107.59416,REGULAR,,Pham Friendly Homestay-Riverview-R302 - Bá»¯a sÃ¡ng,private_room,1,False,,/ Ä‘Ãªm,415.521,â‚«415.521,2,,True,True,,True,True,True,True,True,,,,,False,False,,False,True,4,,,,,,False,,,,,,,,,,,,,,,,
24592897,https://www.airbnb.com.vn/rooms/24592897,"4,83",ThÃ nh phá»‘ Huáº¿,22,16.4342,107.58077,REGULAR,,Biá»‡t thá»± Spring Garden_PhÃ²ng hoa Ä‘Ã o_BF miá»…n phÃ­,private_room,6,False,,/ Ä‘Ãªm,433.647,â‚«433.647,2,,True,True,,True,True,True,True,True,True,,,,,False,,True,True,5,True,,,,,,,,,,,,,,,,,,,,,
41102508,https://www.airbnb.com.vn/rooms/41102508,,PhÃº Vang,16,16.48663,107.60194,REGULAR,,PHÃ’NG Cá»” Ä‘iá»ƒn - xáº£ rÃ¡c tá»­ táº¿ vÃ  hiá»‡u quáº£,private_room,1,False,,/ Ä‘Ãªm,342.353,â‚«342.353,2,,True,True,True,True,,,,True,,,True,,False,False,,False,True,3,True,,,True,,,,,,,,,,,,,,,,,,
39193115,https://www.airbnb.com.vn/rooms/39193115,,ThÃ nh phá»‘ Huáº¿,27,16.46249,107.61228,REGULAR,,PhÃ²ng xanh - lá»‘i vÃ o sÃ¢n hiÃªn,private_room,,False,,/ Ä‘Ãªm,342.353,â‚«342.353,2,,True,True,,True,True,True,,True,,,True,,False,False,,False,True,,True,,,,,,,,,,,,,,,,,,,,,
32508107,https://www.airbnb.com.vn/rooms/32508107,,ThÃ nh phá»‘ Huáº¿,19,16.47917,107.58046,REGULAR,,nhÃ  a-mÃª cung - phÃ²ng gÃ¡c mÃ¡i sá»‘ 4,private_room,,False,,/ Ä‘Ãªm,321.187,â‚«321.187,1,,True,True,,True,,,,,,,,True,False,False,,,,,,,,,,,,,,,,,,,,,,,,,,
31759262,https://www.airbnb.com.vn/rooms/31759262,"5,0",ThÃ nh phá»‘ Huáº¿,30,16.45818,107.61174,REGULAR,,KÃ½ á»©c Homestay Huáº¿ - Xe Ä‘áº¡p miá»…n phÃ­ - PhÃ²ng áº¥m cÃºng 2,private_room,8,False,,/ Ä‘Ãªm,193.891,â‚«193.891,2,,True,True,,True,True,True,True,,,,,,False,False,True,False,True,4,True,,,,,,,,,,,,,,,,,,,,,
843140448853077447,https://www.airbnb.com.vn/rooms/843140448853077447,,ThÃ nh phá»‘ Huáº¿,7,16.463343200026884,107.60709386318922,REGULAR,,Ruby 's Manor Crown - KÃ½ tÃºc xÃ¡ 8,shared_room,,False,,/ Ä‘Ãªm,285.294,â‚«285.294,1,,,True,,True,,,,True,True,,,,False,False,,,,,,,,,,,,,,,,,,,,,,,,,,
843153965658244126,https://www.airbnb.com.vn/rooms/843153965658244126,,ThÃ nh phá»‘ Huáº¿,7,16.46329207671462,107.6071260496974,REGULAR,,Ruby 's Manor Crown - KÃ½ tÃºc xÃ¡ 9,shared_room,,False,,/ Ä‘Ãªm,285.294,â‚«285.294,1,,,True,,True,,,,True,True,,,,False,False,,,,,,,,,,,,,,,,,,,,,,,,,,
35079910,https://www.airbnb.com.vn/rooms/35079910,"4,2",ThÃ nh phá»‘ Huáº¿,18,16.47088,107.59544,REGULAR,,Shark Homestay - PhÃ²ng Ä‘Ã´i cho 2 ngÆ°á»i(3),private_room,5,False,,/ Ä‘Ãªm,381.418,â‚«381.418,2,,True,True,True,True,True,,,True,,,True,True,False,False,,,,,,,,,,,,,,,,,,,,,,,,,,
31417379,https://www.airbnb.com.vn/rooms/31417379,,ThÃ nh phá»‘ Huáº¿,10,16.47573,107.5946,REGULAR,,Pháº¡m ThÃ¢n Thiá»‡n Homestay - Cityview-Family3  Bá»¯a sÃ¡ng,private_room,2,False,,/ Ä‘Ãªm,,,3,,True,True,,True,True,True,True,True,,,,,False,False,,False,True,4,,,,,,False,,,,,,,,,,,,,,,,
29882715,https://www.airbnb.com.vn/rooms/29882715,,ThÃ nh phá»‘ Huáº¿,6,16.46983,107.59341,REGULAR,,NhÃ  khÃ¡ch Halo,private_room,,False,,/ Ä‘Ãªm,325.235,â‚«325.235,4,,True,True,,True,True,True,True,True,,,,,False,,,False,False,,,,,,,False,,,,,,,,True,,,,,,,,
33129658,https://www.airbnb.com.vn/rooms/33129658,"5,0",,23,16.4673,107.5958,REGULAR,,PhÃ²ng Ä‘Ã´i - NgÃ´i nhÃ  Forktail - BÃªn trong thÃ nh phá»‘,private_room,3,False,,/ Ä‘Ãªm,270.947,â‚«270.947,2,,True,True,,,True,,,True,,,True,True,False,,True,False,False,4,,,,,,False,,,,,,True,,,,,,,,,,
45533637,https://www.airbnb.com.vn/rooms/45533637,,Hue,11,16.47067,107.59801,REGULAR,,ğ‡ğğ”ğ’ğ„ ğğ… ğ‹ğ˜ - KHU BIá»†T THá»° TRUNG TÃ‚M - 302,private_room,,False,,/ Ä‘Ãªm,410.824,â‚«410.824,2,,True,True,,True,,True,True,True,,,,True,False,False,,False,True,,True,,,,,,,,,,,,,,,,,,,,,
797939768671755742,https://www.airbnb.com.vn/rooms/797939768671755742,,ThÃ nh phá»‘ Huáº¿,5,16.45848,107.61086,REGULAR,,PhÃ²ng riÃªng táº¡i Huáº¿ xe Ä‘áº¡p miá»…n phÃ­,private_room,,False,,/ Ä‘Ãªm,,,2,,,True,True,True,True,,,True,True,,,True,False,False,,,,,,,,,,,,,,,,,,,,,,,,,,
608308009731969235,https://www.airbnb.com.vn/rooms/608308009731969235,,ThÃ nh phá»‘ Huáº¿,5,16.44675,107.57461,REGULAR,,"PhÃ²ng 103-Má»™t GiÆ°á»ng ÄÃ´i, View Äá»“i ThÃ´ng.",private_room,,False,,/ Ä‘Ãªm,456.471,â‚«456.471,2,,True,True,True,True,,True,,True,True,,,,False,False,True,,,,,,,,,,,,,,,,,,,,,,,,,
39758107,https://www.airbnb.com.vn/rooms/39758107,,ThÃ nh phá»‘ Huáº¿,30,16.46853,107.59967,REGULAR,,TÃ¬nh yÃªu cá»© tiáº¿p diá»…n...!,private_room,,False,,/ Ä‘Ãªm,374.710,â‚«374.710,16,,True,True,,True,True,True,,True,True,,,,,,True,,,,,,,,,,,,,True,,,,True,,,,,,,,
843143355703659979,https://www.airbnb.com.vn/rooms/843143355703659979,,ThÃ nh phá»‘ Huáº¿,7,16.46422,107.60748,REGULAR,,Ruby 's Manor Crown - KÃ½ tÃºc xÃ¡ 4,shared_room,,False,,/ Ä‘Ãªm,285.294,â‚«285.294,1,,,True,,True,,,,True,True,,,,False,False,,,,,,,,,,,,,,,,,,,,,,,,,,
39192062,https://www.airbnb.com.vn/rooms/39192062,,ThÃ nh phá»‘ Huáº¿,28,16.46062,107.61405,REGULAR,,PhÃ²ng dá»… thÆ°Æ¡ng vÃ  sÃ¡ng sá»§a vá»›i lá»‘i ra ban cÃ´ng,private_room,,False,,/ Ä‘Ãªm,285.294,â‚«285.294,2,,True,True,,True,True,True,,True,,,True,,False,False,,False,True,,True,,,,,,,,,,,,,,,,,,,,,
875024401551770472,https://www.airbnb.com.vn/rooms/875024401551770472,,ThÃ nh phá»‘ Huáº¿,9,16.45326,107.55291,REGULAR,,Lantana Huáº¿ 2- phÃ²ng ban cÃ´ng view sÃ´ng HÆ°Æ¡ng #202,private_room,,False,,/ Ä‘Ãªm,462.560,â‚«462.560,2,,,True,,True,True,,,True,True,True,,,False,False,True,False,True,,True,,,,,,,,,,,,,,,,,,,,,
31915838,https://www.airbnb.com.vn/rooms/31915838,"4,71",ThÃ nh phá»‘ Huáº¿,25,16.47833,107.58003,REGULAR,,a-mÃ¢ze house  - There room,private_room,14,False,,/ Ä‘Ãªm,481.803,â‚«481.803,2,,True,True,,True,,,,True,,,,True,False,False,,False,True,4,,,,,,False,,,,,,,,,True,,,,,,,
31007677,https://www.airbnb.com.vn/rooms/31007677,,ThÃ nh phá»‘ Huáº¿,11,16.47516,107.59596,REGULAR,,Pháº¡m ThÃ¢n Thiá»‡n Sá»‘ng cÃ¹ng gia Ä‘Ã¬nh báº£n xá»© - TwinRoom304-BF,private_room,,False,,/ Ä‘Ãªm,442.259,â‚«442.259,2,,True,True,,True,True,True,True,True,,,,,False,False,,False,True,,,,,,,False,,,,,,,,,,,,,,,,
843153953193797580,https://www.airbnb.com.vn/rooms/843153953193797580,,ThÃ nh phá»‘ Huáº¿,7,16.46331586995597,107.60711364448069,REGULAR,,The Manor Crown Dorm - KÃ½ tÃºc xÃ¡ 10,shared_room,,False,,/ Ä‘Ãªm,285.294,â‚«285.294,1,,,True,,True,,,,True,True,,,,False,False,,,,,,,,,,,,,,,,True,,,,,,,,,,
31265897,https://www.airbnb.com.vn/rooms/31265897,,ThÃ nh phá»‘ Huáº¿,11,16.47619,107.59498,REGULAR,,Pháº¡m vi Friendly Homestay-Balcony-Cityview3-Breakfast,private_room,1,False,,/ Ä‘Ãªm,385.405,â‚«385.405,2,,True,True,,True,True,True,True,True,,,,,False,False,,False,True,4,,,,,,False,,,,,,,,,,,,,,,,
526259173640248683,https://www.airbnb.com.vn/rooms/526259173640248683,,ThÃ nh phá»‘ Huáº¿,8,16.46226,107.60907,REGULAR,,PhÃ²ng Ä‘Ã´i Studio_ 403,private_room,,False,,/ Ä‘Ãªm,450.000,â‚«450.000,2,,,True,,True,True,,,True,True,,True,True,False,False,,,,,,,,,,,,,,,,,,,,,,,,,,
843143039949197343,https://www.airbnb.com.vn/rooms/843143039949197343,,ThÃ nh phá»‘ Huáº¿,7,16.46417,107.60811,REGULAR,,Ruby 's Manor Crown - KÃ½ tÃºc xÃ¡ 5,shared_room,,False,,/ Ä‘Ãªm,285.294,â‚«285.294,1,,,True,,True,,,,True,True,,,,False,False,,,,,,,,,,,,,,,,,,,,,,,,,,
31006837,https://www.airbnb.com.vn/rooms/31006837,,ThÃ nh phá»‘ Huáº¿,15,16.47602,107.59581,REGULAR,,Pham Friendly Homestay-Cityview-Room203-Breakfast,private_room,1,False,,/ Ä‘Ãªm,412.190,â‚«412.190,2,,True,True,,True,True,True,True,True,,,,,False,False,,False,True,4,,,,,,False,,,,,,,,,,,,,,,,
762872127717831383,https://www.airbnb.com.vn/rooms/762872127717831383,,ThÃ nh phá»‘ Huáº¿,11,16.4569711,107.5959293,REGULAR,,Nana Homestay - Queen Room,private_room,,False,,/ Ä‘Ãªm,395.361,â‚«395.361,2,,True,True,,True,True,True,,True,True,,,,False,,,False,True,,True,True,,,,,,,,,,,,,,,,,,,,
874995691658643636,https://www.airbnb.com.vn/rooms/874995691658643636,,ThÃ nh phá»‘ Huáº¿,9,16.45481,107.55331,REGULAR,,Lantana Huáº¿ 2- phÃ²ng ban cÃ´ng view sÃ´ng HÆ°Æ¡ng #201,private_room,,False,,/ Ä‘Ãªm,462.560,â‚«462.560,4,,,True,,True,True,,,True,True,True,,,False,False,True,,,,,True,,,,,,,,,,,,,,,,,,,,
31424657,https://www.airbnb.com.vn/rooms/31424657,,Hue city,5,16.4838,107.59815,REGULAR,,Mina 2,private_room,,False,,/ Ä‘Ãªm,456.471,â‚«456.471,2,,True,True,,True,True,True,,True,,,,True,,,,,,,,,,,,,,True,,,,,,,,,,,,,,
41465159,https://www.airbnb.com.vn/rooms/41465159,,ThÃ nh phá»‘ Huáº¿,9,16.46656,107.59924,REGULAR,,JimHouse | 3 phÃ²ng ngá»§ |Citycenter*FREE_BFast,private_room,,False,,/ Ä‘Ãªm,365.177,â‚«365.177,2,True,True,True,True,True,True,True,,,,,,,False,False,,False,True,,True,,,,,,,,,,,,,,,,,,,,,
621483889125890151,https://www.airbnb.com.vn/rooms/621483889125890151,,ThÃ nh phá»‘ Huáº¿,11,16.47259,107.59639,REGULAR,,PhÃ²ng DO - PhÃ²ng Ä‘Ã´i (2 giÆ°á»ng),private_room,1,False,,/ Ä‘Ãªm,383.435,â‚«383.435,2,True,True,True,True,True,True,,,,,,,,False,False,,True,True,1,True,True,,,,,,,,,,,,,,,,,,,,
41243882,https://www.airbnb.com.vn/rooms/41243882,,ThÃ nh phá»‘ Huáº¿,30,16.46765,107.59641,REGULAR,,Sophia Huáº¿ Home ngay phá»‘ Ä‘i bá»™,private_room,,False,,/ Ä‘Ãªm,365.177,â‚«365.177,2,,,True,True,True,True,True,,True,,,,True,False,,,,,,,,,,,,,True,,,,,,True,,,,,,,,
751122446545097860,https://www.airbnb.com.vn/rooms/751122446545097860,,ThÃ nh phá»‘ Huáº¿,10,16.47,107.59938,REGULAR,,PhÃ²ng táº¯m náº¯ng - GiÆ°á»ng cá»¡ Super King vÃ  Ban cÃ´ng,private_room,,False,,/ Ä‘Ãªm,481.796,â‚«481.796,2,,True,True,True,True,True,,,True,True,,,,False,False,,False,True,,True,,,,,,,,,,,,,,,,,,,,,
42908799,https://www.airbnb.com.vn/rooms/42908799,,ThÃ nh phá»‘ Huáº¿,30,16.46692,107.60225,REGULAR,,Private Room_With Terrace Garden View_Central City,private_room,1,False,,/ Ä‘Ãªm,380.000,â‚«380.000,4,,True,True,True,True,,,,,,True,,,,,True,False,True,3,True,True,,,,,,,,,,,,True,,,,,,,,
38568000,https://www.airbnb.com.vn/rooms/38568000,,ThÃ nh phá»‘ Huáº¿,8,16.47125,107.59541,REGULAR,,Chá»— á»Ÿ riÃªng cho cÃ¡ máº­p - PhÃ²ng Ä‘Ã´i vá»›i 2 ngÆ°á»i (4),private_room,,False,,/ Ä‘Ãªm,381.418,â‚«381.418,2,,True,True,True,True,True,,,True,True,,True,,False,False,,,,,,,,,,,,,,,,,,,,,,,,,,
836121811896978350,https://www.airbnb.com.vn/rooms/836121811896978350,,ThÃ nh phá»‘ Huáº¿,14,16.4323424,107.5800422,REGULAR,,Double â€“ double room. D6,private_room,,False,,/ Ä‘Ãªm,433.647,â‚«433.647,4,,,True,,True,True,True,True,True,,,,True,False,False,,,,,,,,,,,,,,,,,,,,,,True,,,,
36524057,https://www.airbnb.com.vn/rooms/36524057,,ThÃ nh phá»‘ Huáº¿,18,16.46739,107.60258,REGULAR,,NhÃ  Äáº·ng Khoa,private_room,,False,,/ Ä‘Ãªm,342.353,â‚«342.353,2,,True,True,,True,True,True,,True,,,,,False,False,True,,,,,,,,,,,,,,True,,,,,,,,,,,
33154588,https://www.airbnb.com.vn/rooms/33154588,,,24,16.46685,107.5956,REGULAR,,[20%GIáº¢M giÃ¡] PhÃ²ng~Trung tÃ¢m thÃ nh phá»‘ Huáº¿ ~1 phÃºt WalkingStreet,private_room,2,False,,/ Ä‘Ãªm,270.432,â‚«270.432,2,,True,True,,,True,,,True,,,True,True,,,True,False,False,4,,,,,,False,,,,,,True,,,,,,,,,,True
689376672283128346,https://www.airbnb.com.vn/rooms/689376672283128346,"5,0",ThÃ nh phá»‘ Huáº¿,5,16.46225,107.572,REGULAR,,PhÃ²ng Ä‘Ã´i 4 ngÆ°á»i rá»™ng rÃ£i,entire_home,5,False,,/ Ä‘Ãªm,456.471,â‚«456.471,4,,True,True,True,True,,True,,True,True,,,,False,,,,,,,,,,,,,,,,,,,,,,,,,,,
45463533,https://www.airbnb.com.vn/rooms/45463533,,ThÃ nh phá»‘ Huáº¿,9,16.47006,107.59747,REGULAR,,ğ‡ğğ”ğ’ğ„ ğğ… ğ‹ğ˜ - KHU BIá»†T THá»° TRUNG TÃ‚M - 203,private_room,,False,,/ Ä‘Ãªm,410.824,â‚«410.824,2,,True,True,,True,,True,True,True,,,,True,False,False,,False,True,,True,,,,,,,,,,,,,,,,,,,,,
760695405122730314,https://www.airbnb.com.vn/rooms/760695405122730314,,ThÃ nh phá»‘ Huáº¿,13,16.472304368809457,107.59604919701815,REGULAR,,PhÃ²ng Deluxe 2 ngÆ°á»i ( 1 double bed/2 twin beds),private_room,,False,,/ Ä‘Ãªm,471.306,â‚«471.306,2,,True,True,,True,True,True,,True,True,,,,False,False,,False,True,,True,,,,,,,,,,,,,,,,,,,,,
24774878,https://www.airbnb.com.vn/rooms/24774878,"5,0",ThÃ nh phá»‘ Huáº¿,19,16.4342,107.58077,REGULAR,,Spring Garden Villa_Camellia*10 Min go to Tá»« Hiáº¿u,private_room,4,False,,/ Ä‘Ãªm,456.471,â‚«456.471,2,,True,True,,True,True,,,True,True,,,,False,False,,True,True,5,True,True,,,,,,,,,,,,,,,,,,,,
30808992,https://www.airbnb.com.vn/rooms/30808992,,ThÃ nh phá»‘ Huáº¿,13,16.47638,107.59589,REGULAR,,Pháº¡m ThÃ¢n Thiá»‡n Homestay - Cityview-Room2 w-Breakfast,private_room,1,False,,/ Ä‘Ãªm,,,2,,True,True,,True,True,True,True,True,,,,,False,False,,False,True,4,,,,,,False,,,,,,,,,,,,,,,,
10553748,https://www.airbnb.com.vn/rooms/10553748,"4,71",tp. Huáº¿,15,16.46503,107.597,REGULAR,,PhÃ²ng ngá»§ nhá» cÃ³ táº§m nhÃ¬n Ä‘áº¹p,private_room,31,False,,/ Ä‘Ãªm,321.187,â‚«321.187,1,,,True,,,True,,,True,,,,,False,False,,False,True,7,,,,,,False,,,,,,,,,,,,,,,,
30806079,https://www.airbnb.com.vn/rooms/30806079,,ThÃ nh phá»‘ Huáº¿,18,16.47511,107.59413,REGULAR,,Pháº¡m Friendly Homestay - Riverview4 cÃ³ bá»¯a sÃ¡ng,private_room,,False,,/ Ä‘Ãªm,490.708,â‚«490.708,2,,True,True,,True,True,True,True,True,,,,,False,False,,False,True,,,,,,,False,,,,,,,,,,,,,,,,
39492781,https://www.airbnb.com.vn/rooms/39492781,,ThÃ nh phá»‘ Huáº¿,16,16.45841,107.55973,REGULAR,,HÆ¯Æ NG River,private_room,,False,,/ Ä‘Ãªm,319.530,â‚«319.530,4,,True,True,,True,True,True,True,True,,,,True,False,,,False,True,,,,,,,False,,,,,,,,,,,,,,,,
31108368,https://www.airbnb.com.vn/rooms/31108368,, thÃ nh phá»‘ Huáº¿,9,16.47449,107.59205,REGULAR,,Chá»— á»Ÿ táº¡i nhÃ  gÃ  trá»‘ng,private_room,,False,,/ Ä‘Ãªm,342.353,â‚«342.353,4,,True,True,,True,True,,,True,,,,True,False,False,,False,True,,,,,,,False,,,,,True,,,,,,,,,,,
