room_id,url,city,contextualPicturesCount,lat,long,listingObjType,pdpUrlType,name,roomTypeCategory,isSuperHost,isVerified,canInstantBook,weeklyPriceFactor,structuredStayDisplayPrice,maxGuestCapacity,SYSTEM_LOCK_ON_DOOR,SYSTEM_FLOWER,SYSTEM_VIEW_OCEAN,SYSTEM_COOKING_BASICS,SYSTEM_WI_FI,SYSTEM_WORKSPACE,SYSTEM_MAPS_CAR_RENTAL,SYSTEM_SURVEILLANCE,SYSTEM_NO_DETECTOR_CO2,rating,reviewCount,SYSTEM_POOL,SYSTEM_TV,SYSTEM_SNOWFLAKE,SYSTEM_LUGGAGE_DROP,SYSTEM_HAIRDRYER,SYSTEM_NO_DETECTOR_SMOKE,yearHosting,price,price_full,SYSTEM_BEACH,SYSTEM_WASHER,SYSTEM_CRIB,SYSTEM_PETS,SYSTEM_DRYER,SYSTEM_VIEW_MOUNTAIN,SYSTEM_EV_CHARGER,SYSTEM_FIREPLACE,SYSTEM_VIEW_CITY,SYSTEM_JACUZZI,SYSTEM_NO_LOCK_ON_DOOR,SYSTEM_PATIO_BALCONY,SYSTEM_ELEVATOR,SYSTEM_SMOKING_ALLOWED,SYSTEM_SAUNA,SYSTEM_PACK_N_PLAY,SYSTEM_REFRIGERATOR,SYSTEM_HIGH_CHAIR,SYSTEM_BATHTUB,SYSTEM_BREAKFAST,SYSTEM_CALENDAR,SYSTEM_PIANO,SYSTEM_MICROWAVE,SYSTEM_MAPS_RESORT,SYSTEM_GOLF
886077203110697780,https://www.airbnb.com.vn/rooms/886077203110697780,Thành phố Hội An,30,15.90033,108.38284,REGULAR,,Casamia Hoi An villa - Suite Lake view room,private_room,True,True,False,,/ đêm,3.0,True,True,True,True,True,True,True,True,False,,,,,,,,,,,,,,,,,,,,,,,,,,,,,,,,,,,,
822119632297181691,https://www.airbnb.com.vn/rooms/822119632297181691,Thành phố Hội An,20,15.8814,108.32561,REGULAR,,Ngân sách - Trung tâm - Đi bộ 5 phút,private_room,,,False,,/ đêm,1.0,,,,,True,,,True,False,"4,8",10,True,True,True,True,True,False,,,,,,,,,,,,,,,,,,,,,,,,,,,,
877079016380874832,https://www.airbnb.com.vn/rooms/877079016380874832,Ngũ Hành Sơn,11,16.03626,108.2443,REGULAR,,Cozy Glory Apartment (1bedroom),entire_home,True,True,False,,/ đêm,2.0,True,,,True,True,,True,True,False,,2,,True,True,,,,4,331.882,₫331.882,True,True,,,,,,,,,,,,,,,,,,,,,,,
888609592756732176,https://www.airbnb.com.vn/rooms/888609592756732176,Thành phố Hội An,30,15.87552,108.3591,REGULAR,,6 bedroom private pool villa-6 people stay,entire_home,,,False,,/ đêm,6.0,,,,,True,,True,,False,,,,True,True,,True,False,,,,,,True,,,,,,,,,,,,,,,,,,,,,,
888889355971248237,https://www.airbnb.com.vn/rooms/888889355971248237,Thành phố Hội An,10,15.89736,108.31958,REGULAR,,Cozy And Clean Apartment 7,private_room,,,False,,/ đêm,2.0,,,,True,True,True,True,True,False,,,,True,,,,,,,,,True,,True,True,,,,,,,,,,,,,,,,,,,,
862620260726960552,https://www.airbnb.com.vn/rooms/862620260726960552,Ngũ Hành Sơn,14,16.0009626,108.2662945,REGULAR,,Five Marble Mountain foot bright&tranquil studio,entire_home,,,False,,/ đêm,2.0,,,,True,True,True,True,True,False,,,,True,,,,,,,,True,True,,,,True,,,,,,,,,,,,,,,,,,,
892525704013580582,https://www.airbnb.com.vn/rooms/892525704013580582,Thành phố Hội An,30,15.904887900181656,108.34809567779303,REGULAR,,H.A beach villa private pool.,entire_home,,,False,,/ đêm,8.0,,,,True,True,True,True,,False,,,True,True,,,,False,,2.852,₫2.852.943,True,,,,,,True,,,,,,,,,,,,,,,,,,
34131630,https://www.airbnb.com.vn/rooms/34131630,Thành phố Hội An,6,15.8887,108.32295,REGULAR,,Ưu đãi tuyệt vời - Đi xe đạp ngắn đến Thị trấn/Bãi biển Hội An,private_room,False,True,False,,/ đêm,2.0,True,,,True,True,,True,,False,"4,76",21,,,True,,True,False,4,,,,,,True,,,,True,,,,,,,,,,,,,,,,,
13162569,https://www.airbnb.com.vn/rooms/13162569,Hội An,30,15.885922,108.330971,REGULAR,,Homestay Flame Flowers - Gần phố cổ,private_room,True,True,False,,/ đêm,2.0,True,True,,,True,True,True,,,"4,98",255,,True,,,,,7,352.624,₫352.624,,,,True,,,True,,True,True,,,,,,,,,,,,,,,
44236348,https://www.airbnb.com.vn/rooms/44236348,Phước Mỹ,17,16.06278,108.2362,REGULAR,,New Suite Studio@3min cũng đến MyKhe Beach Center.,private_room,True,True,False,,/ đêm,2.0,,True,,True,True,True,True,True,False,"4,91",11,,True,True,,,,6,625.455,₫625.455,,,,,,,,,,,False,,,,,,,,,,,,,,
812966922912318054,https://www.airbnb.com.vn/rooms/812966922912318054,Sơn Trà,22,16.06534,108.2452,REGULAR,,Suite Glory(studio),entire_home,,,False,,/ đêm,2.0,,,,True,True,True,,True,,"4,86",14,True,True,True,,True,,,,,True,,,,,,,,,True,,,,,,,,,,,,,,,
885410664415760381,https://www.airbnb.com.vn/rooms/885410664415760381,Mỹ An,11,16.049675856972335,108.24773664868776,REPRESENTATIVE,,Room/Balcony<walkingstreet>near MyKhe beach 150met,private_room,,,False,,/ đêm,2.0,,,,True,True,True,True,True,False,,,,True,,,,False,,251.750,₫251.750,True,,,,,,,,True,,,,,,,,,,,,,,,,
4512367,https://www.airbnb.com.vn/rooms/4512367,Hoi An Ancient Town,28,15.87861,108.3449,REPRESENTATIVE,,Phòng có ban công_GardenView_ClosetoTown Center&Beach,private_room,,,False,,/ đêm,2.0,,True,,,True,True,True,,False,"4,94",71,True,True,True,,,False,,540.816,₫540.816,,,,,,,,,,,,True,,,,,,,,,,,,,
885795294558858388,https://www.airbnb.com.vn/rooms/885795294558858388,Thành phố Hội An,16,15.8816759,108.3249898,REGULAR,,Deluxe Double Room City View 4*,private_room,,,False,,/ đêm,2.0,,,,True,True,,True,True,,,,True,True,True,,True,,,,,,,,,,,,True,,,,,True,,,,,,,,,,,,
893207879285100735,https://www.airbnb.com.vn/rooms/893207879285100735,Thành phố Hội An,30,15.90372,108.34932,REGULAR,,[H.A Villas] Beach Villa with breakfast inc.,entire_home,,,False,,/ đêm,10.0,,,,True,True,True,True,,False,,,True,True,,,,False,,,,True,True,,,,,,,,,,,,,,,,,,,,,,,
890176213753771013,https://www.airbnb.com.vn/rooms/890176213753771013,Hội An,9,15.88012,108.38973,REGULAR,,Voucher Vinpearl Resort & Spa-Deluxe King,private_room,,,False,,/ đêm,2.0,,,,,True,True,True,,,,,True,True,True,,,,,2.608,₫2.608.731,True,,,,,,,,,True,,,,True,,,,,,,,,,,
43481758,https://www.airbnb.com.vn/rooms/43481758,Thành phố Hội An,30,15.88315,108.35411,REGULAR,,HƯƠNG SEN 4 BIỆT THỰ ROOM-ENTIRE LỚN ĐẸP VỚI BỂ BƠI,entire_home,,,False,,/ đêm,10.0,,,,True,True,True,True,,False,"4,69",29,True,True,True,,,False,,,,,,,True,,,,,,,,,,,,,,,,,,,,,
33800481,https://www.airbnb.com.vn/rooms/33800481,Sơn Trà,30,16.06302,108.23508,REGULAR,,Nhà của Felix,private_room,True,True,False,,/ đêm,2.0,True,True,,True,True,True,,,False,"4,88",89,,True,,,,False,4,330.941,₫330.941,,True,,,True,,,,,,,,,,,,,,,,,,,,
619925442007225552,https://www.airbnb.com.vn/rooms/619925442007225552,Thành phố Hội An,28,15.88058,108.32862,REGULAR,,Ngân sách - Trung tâm - Hồ bơi - 5 phút đi bộ đến chợ đêm❤️,private_room,,,False,,/ đêm,1.0,,,,,True,,,True,False,"4,84",19,True,True,True,True,True,False,,294.401,₫294.401,,,,,,,,,,,,,,,,,,,,,,,,,
877081322814891266,https://www.airbnb.com.vn/rooms/877081322814891266,Ngũ Hành Sơn,11,16.03633,108.24402,REGULAR,,Cozy Glory Apartment (1bedroom),entire_home,True,True,False,,/ đêm,2.0,True,,,True,True,,True,True,False,,2,,True,True,,,,4,331.882,₫331.882,True,True,,,,,,,,,,,,,,,,,,,,,,,
812798935235181616,https://www.airbnb.com.vn/rooms/812798935235181616,Sơn Trà,16,16.0661,108.24513,REGULAR,,Suite Glory(Bồn tắm),entire_home,,,False,,/ đêm,2.0,,,,True,True,True,,True,,"5,0",11,True,True,,,,,,,,True,,,,,,,,,True,,,True,,True,,,,,,,,,,
16835068,https://www.airbnb.com.vn/rooms/16835068,Thành phố Hội An,30,15.89339,108.34449,REGULAR,,LÀNG HOA 1- QUANG CẢNH VƯỜN HOA,private_room,False,True,False,,/ đêm,1.0,,,,True,True,,True,,False,"4,91",32,,True,True,,,False,6,267.664,₫267.664,,,,True,True,,,,,,False,,,,,,,,,,,,,,
42567055,https://www.airbnb.com.vn/rooms/42567055,Thành phố Hội An,15,15.880593833548074,108.34997788635546,REGULAR,,"Phòng King Bữa sáng, Xe đạp vàHồ bơi miễn phí.",private_room,,,False,,/ đêm,2.0,,,,True,True,True,True,,False,"4,99",68,True,True,True,,,False,,545.219,₫545.219,,,,,,,,,,,,True,,,,,,,,,,,,,
823595908387803534,https://www.airbnb.com.vn/rooms/823595908387803534,Thành phố Hội An,12,15.883351569570676,108.36451513760377,REGULAR,,Nhà Meraki - tầm nhìn ra hồ 2 phòng ngủ Cẩm Thanh Hội An,entire_home,,,False,,/ đêm,3.0,,True,True,True,True,True,,,False,"4,9",10,,True,,,,False,,774.859,₫774.859,,True,,True,,,,,,,,,,,,,,,,,,,,,
42486258,https://www.airbnb.com.vn/rooms/42486258,Thành phố Hội An,21,15.88145,108.32743,REPRESENTATIVE,,"Phòng có ban công, ngay trung tâm phố cổ",private_room,True,True,False,,/ đêm,2.0,True,True,,,True,True,True,True,False,"4,98",164,True,,,,,False,3,569.640,₫569.640,,,,,,,,,,,,,,,,,,,,,,,,,
893132592375050955,https://www.airbnb.com.vn/rooms/893132592375050955,Thành phố Hội An,30,15.87317,108.33453,REGULAR,,Garden View charming,private_room,,,False,,/ đêm,2.0,,,,,True,,True,True,False,,,True,True,True,,,,,,,,True,,,,,,,,,,,,,,,,,,,,,,,
606246364356465247,https://www.airbnb.com.vn/rooms/606246364356465247,Thành phố Hội An,30,15.875171,108.324142,REGULAR,,HoiAn Vị trí tốt nhất ⭐⭐ Ban công và Hồ bơi miễn phí 302⭐,private_room,,,False,,/ đêm,2.0,,,,,True,True,,True,False,"4,9",20,True,True,True,True,True,,,508.542,₫508.542,,,,,,,,,,,,True,,,,,,,,,,,,,
846900847382432017,https://www.airbnb.com.vn/rooms/846900847382432017,Thành phố Hội An,13,15.8769,108.34156,REGULAR,,Private modern room,private_room,False,True,False,,/ đêm,2.0,True,,,True,True,True,True,True,False,,1,,True,,,,False,2,,,,True,,,,,,,,,,,,,,,,,,,,,,,
891117425484528946,https://www.airbnb.com.vn/rooms/891117425484528946,Thành phố Hội An,10,15.90444,108.34749,REGULAR,,"Phòng thuê dài hạn, gần biển",private_room,,,False,,/ đêm,2.0,,,,True,True,,True,,False,,,True,True,True,,,False,,,,True,True,,,,,,,,,,,,,,,,,,,,,,,
17988454,https://www.airbnb.com.vn/rooms/17988454,Thành phố Hội An,30,15.88499,108.33051,REGULAR,,Flame Flowers Homestay  - Gần Khu phố cổ,private_room,True,True,False,,/ đêm,2.0,True,True,,,True,True,True,,,"4,98",49,,True,True,,,,7,322.086,₫322.086,,True,,,True,,True,,,,,,,,,,,,,,,,,,
34372247,https://www.airbnb.com.vn/rooms/34372247,,30,16.06385,108.23753,REGULAR,,Nhà của Felix 3,private_room,True,True,False,,/ đêm,2.0,True,True,,True,True,,,,False,"4,89",38,,True,True,,,False,4,324.323,₫324.323,,True,,,,,,,,,,True,,,,,,,,,,,,,
887235822115905285,https://www.airbnb.com.vn/rooms/887235822115905285,Thành phố Hội An,19,15.915271513763615,108.33778427016232,REGULAR,,"Three bedrooms, three bathroom An Bang Beach House",entire_home,,,False,,/ đêm,6.0,,,,True,True,True,True,True,False,,,,True,,,,False,,2.600,₫2.600.000,True,,,True,,,,,,,,,,,,,,,,,,,,,
40999962,https://www.airbnb.com.vn/rooms/40999962,Thành phố Hội An,25,15.90535,108.34601,REGULAR,,Phòng biệt thự biển Hội An. Hướng sông. Hồ bơi,private_room,,,False,,/ đêm,4.0,,,True,True,True,True,True,,,"5,0",13,True,True,,,,,,344.099,₫344.099,True,,,,,,,,,True,,,,,,,,,,,,,,,
32430593,https://www.airbnb.com.vn/rooms/32430593,Thành phố Hội An,29,15.905039588776425,108.34674826166041,REGULAR,,Phòng sang trọng biệt thự biển Hội An,hotel_room,,,False,,/ đêm,4.0,,,True,,True,True,True,,,"4,83",41,True,True,True,,,,,348.002,₫348.002,,True,,,True,,,,,True,,,,,,,,,,,,,,,
814129166215122112,https://www.airbnb.com.vn/rooms/814129166215122112,Sơn Trà,27,16.0659,108.24559,REGULAR,,Suite Glory(Studio2),entire_home,,,False,,/ đêm,2.0,,,,True,True,True,True,True,,"4,8",10,True,True,,,,,,,,True,,,,,,,,,True,,,,,True,,,,,,,,,,
842550756353719522,https://www.airbnb.com.vn/rooms/842550756353719522,Thành phố Hội An,15,15.89683,108.3215,REGULAR,,Căn hộ ấm cúng và sạch sẽ 5,private_room,True,True,False,,/ đêm,2.0,True,,,True,True,True,True,True,False,,2,,True,,,,,2,330.941,₫330.941,,True,,True,,,,,,,,,,,,,,,,,,,,,
893135367239711525,https://www.airbnb.com.vn/rooms/893135367239711525,Thành phố Hội An,28,15.87194,108.3367,REGULAR,,River View Charming Hoi An,private_room,,,False,,/ đêm,2.0,,,,,True,,True,True,False,,,True,True,True,,,,,,,,,,,,,,,,,,,,,,,,,,,,,,,
19644971,https://www.airbnb.com.vn/rooms/19644971,Thành phố Hội An,10,15.91377,108.33984,REGULAR,,Phòng sang trọng,entire_home,,,False,,/ đêm,2.0,,,,True,True,True,,,False,"4,64",149,,True,True,,,False,,,,,,,True,,,,,,,,,,,,True,True,,,,,,,,
41537784,https://www.airbnb.com.vn/rooms/41537784,Thành phố Hội An,10,15.87764,108.32278,REGULAR,,Giường đơn_Gần Trung tâm Thị trấn Cổ 300m,private_room,True,False,False,,/ đêm,1.0,,,True,,True,,,,False,"4,96",25,,True,True,True,,False,3,,,,,,,,,,,,,False,True,,,,,,True,,,,,,,
891032605567694053,https://www.airbnb.com.vn/rooms/891032605567694053,Thành phố Hội An,18,15.89121,108.3742,REGULAR,,Beach Villa/ King Bed/ Private Pool/Fire Pit/,entire_home,,,False,,/ đêm,9.0,,,,True,True,True,True,True,,,,True,True,True,,,,,,,True,True,,,,,,,,,,,,,,,,,,,,,,,
19351129,https://www.airbnb.com.vn/rooms/19351129,Thành phố Hội An,30,15.86989396192383,108.36695016289735,REGULAR,,Hội An Mercy Homestay - Trải nghiệm vùng nông thôn,private_room,,,False,,/ đêm,5.0,,True,,,True,,,,False,"4,93",183,,,True,True,True,False,,411.439,₫411.439,,,,True,,,,,,,,True,,,,,,,,,,,,,
606181307720529532,https://www.airbnb.com.vn/rooms/606181307720529532,Thành phố Hội An,30,15.87568,108.32392,REGULAR,,HoiAn Vị trí tốt nhất⭐⭐ Ban công và Hồ bơi miễn phí 303⭐,private_room,,,False,,/ đêm,2.0,,,,,True,True,,True,False,"4,95",21,True,True,True,True,True,,,481.803,₫481.803,,,,,,,,,,,,,,,,,True,,,,,,,,
649716474389006748,https://www.airbnb.com.vn/rooms/649716474389006748,Ngũ Hành Sơn,8,16.0498343,108.2457949,REPRESENTATIVE,,Căn hộ hai phòng ngủ LioVIE An Thượng/Bãi biển,entire_home,,,False,,/ đêm,4.0,,,,True,True,,True,True,False,"4,87",119,True,True,,,,,,1.219,₫1.219.999,True,,,True,,,,,,True,,,,,,,,,,,,,,,
31575630,https://www.airbnb.com.vn/rooms/31575630,Điện Bàn,30,15.92854,108.31674,REGULAR,,phòng nắng ĐẸP,private_room,False,True,False,,/ đêm,2.0,,,,True,True,True,True,,False,"4,81",77,,,True,,,False,4,593.412,₫593.412,,,,,,,,,,,False,True,,,,,,,True,,,,,,
830771519843628343,https://www.airbnb.com.vn/rooms/830771519843628343,Thành phố Hội An,18,15.89662,108.31967,REGULAR,,Căn hộ ấm cúng và sạch sẽ 1,private_room,True,True,False,,/ đêm,2.0,True,,,True,True,True,True,True,False,"5,0",3,,True,,,,,2,330.941,₫330.941,,True,,True,,,,,,,,,,,,,,,,,,,,,
27558315,https://www.airbnb.com.vn/rooms/27558315,"huong Kiet, Hoi An",18,15.8833,108.3403,REGULAR,,Khung cảnh nông thôn tuyệt vời - Phòng đôi riêng 1,private_room,True,True,False,,/ đêm,2.0,True,,,,True,True,True,,False,"4,83",111,,True,True,True,,False,5,,,,,,,,,,,,,,True,,,,,,,,,,,,,
669916714367905744,https://www.airbnb.com.vn/rooms/669916714367905744,Thành phố Hội An,13,15.8895,108.36768,REGULAR,,Tâm Casa - Suite Poolside River View - tầng 1,private_room,True,True,False,,/ đêm,2.0,True,,True,True,True,True,True,True,False,"4,79",14,True,,,,,,10,1.900,₫1.900.000,,,,,,,,,,True,,,,,,,,,,,,,,,
24528757,https://www.airbnb.com.vn/rooms/24528757,Hội An,30,15.90876,108.3425,REGULAR,,* Phòng ban công riêng * Biệt thự gỗ truyền thống,hotel_room,,,False,,/ đêm,2.0,,True,,True,True,True,True,,,"4,96",161,,True,True,True,,,,550.000,₫550.000,,True,,,,,,,,,,True,,,,,,,,,,,,,
860774071282908108,https://www.airbnb.com.vn/rooms/860774071282908108,Thành phố Hội An,30,15.883108079148311,108.35636458885193,REGULAR,,Bãi biển* Căn hộ yên tĩnh 2 phòng ngủ * Hội An #2,entire_home,,,False,,/ đêm,4.0,,True,,True,True,True,True,True,False,,,True,,,,,False,,,,True,,,,,,,,,,,,,,,,,,,,,,,,
833979174256208948,https://www.airbnb.com.vn/rooms/833979174256208948,Ngũ Hành Sơn,13,16.048,108.2478,REGULAR,,Cát biển Kỳ. Căn hộ gần bãi biển .,private_room,,,False,,/ đêm,2.0,,,,True,True,True,True,True,False,,,,True,,,,,,381.147,₫381.147,True,,,True,,,,,,,,,True,,,,,,,,,,,,
593673818102298113,https://www.airbnb.com.vn/rooms/593673818102298113,Thành phố Hội An,14,15.88212,108.32559,REGULAR,,"Phòng 1 người, ngay tại trung tâm phố cổ",private_room,True,True,False,,/ đêm,1.0,True,,,True,True,True,,True,False,"5,0",7,True,True,,,,False,1,383.435,₫383.435,,,,,,,,,True,,,,,,,,,,,,,,,,
872355844477104231,https://www.airbnb.com.vn/rooms/872355844477104231,Thành phố Hội An,24,15.88183,108.34961,REGULAR,,Superior Room with City View- Hoi An Heart Villa,private_room,,,False,,/ đêm,2.0,,,,,True,True,True,True,,,,True,True,True,,True,,,,,,,True,,,,,,,,,,,True,,,,,,,,,,,
587317702103207086,https://www.airbnb.com.vn/rooms/587317702103207086,Thành phố Hội An,30,15.886868,108.321838,REGULAR,,Tầm nhìn ra vườn gia đình Bespoke - Thư giãn tại Bespoke,private_room,True,True,False,,/ đêm,4.0,True,True,,True,True,True,True,True,False,"5,0",5,,True,,,,,4,767.040,₫767.040,True,,,,,,,,,,,,,,,,,,,,,,,,
29782805,https://www.airbnb.com.vn/rooms/29782805,Thành phố Hội An,30,15.87579,108.32065,REGULAR,,Phòng đôi ấm cúng - gần thị trấn cũ - chỗ đỗ xe miễn phí,private_room,True,True,False,,/ đêm,2.0,True,True,,,True,True,True,,False,"4,81",42,True,True,,,,,4,661.883,₫661.883,,,,,True,,,,,True,,,,,,,,,,,,,,,
31577165,https://www.airbnb.com.vn/rooms/31577165,Điện Bàn,30,15.92712,108.31677,REGULAR,,phòng XA trên bầu trời,private_room,,,False,,/ đêm,2.0,,,,True,True,,True,,False,"4,77",56,,,True,,,False,,627.647,₫627.647,,True,,,True,,,,,True,,True,,,,,,,,,,,,,
606279324247009154,https://www.airbnb.com.vn/rooms/606279324247009154,Thành phố Hội An,23,15.87601,108.32346,REGULAR,,1 phút đến chợ đêm HỘI AN❤ Hồ bơi❤Super Clean202,private_room,,,False,,/ đêm,2.0,,,,,True,True,,True,False,"4,95",21,True,True,True,True,True,,,481.803,₫481.803,,,,,,,,,,,,True,,,,,,,,,,,,,
851838341447400433,https://www.airbnb.com.vn/rooms/851838341447400433,Thành phố Hội An,24,15.90882,108.34666,REGULAR,,Aki 's Villa An Bang- 1st Flr - 3br- Massage miễn phí,private_room,True,True,False,,/ đêm,6.0,True,True,True,True,True,True,True,True,False,"5,0",5,,,,,,,7,1.717,₫1.717.216,True,,,,,,,,,,,,,,,,,,,,,,,,
663312676364862359,https://www.airbnb.com.vn/rooms/663312676364862359,Thành phố Hội An,16,15.89333,108.31874,REGULAR,,Biệt thự 1 phòng ngủ vui vẻ có hồ bơi,private_room,True,True,False,,/ đêm,2.0,True,,,True,True,True,,True,False,"5,0",6,True,True,True,,,,10,,,,,,,,,,,,,,,,,,,,,,,,,,,
812944629719392220,https://www.airbnb.com.vn/rooms/812944629719392220,Sơn Trà,20,16.06567,108.24566,REGULAR,,Suite Glory(tầm nhìn ra bãi biển),entire_home,,,False,,/ đêm,2.0,,,,True,True,True,,True,,"5,0",3,True,True,,,,,,,,True,,,,,,,,,True,,,True,,True,,,,,,,,,,
879198337879294609,https://www.airbnb.com.vn/rooms/879198337879294609,Hội An,30,15.88658,108.35768,REGULAR,,BIG PROMO! The Nest room w/pool & garden view,private_room,True,True,False,,/ đêm,2.0,True,True,True,,True,True,True,,False,,1,True,,,,,False,6,,,True,,,,,,,,,,,,,,,,,,,,,,,,
854182598442124962,https://www.airbnb.com.vn/rooms/854182598442124962,Sơn Trà,9,16.05612,108.24502,REGULAR,,Ký túc xá gần bãi biển # Talofofo,shared_room,,,False,,/ đêm,6.0,,,,,True,True,,True,False,,,,,True,,,False,,,,True,,,,,,,,,,,,,,,,True,,,,,,,,
42543319,https://www.airbnb.com.vn/rooms/42543319,Thành phố Hội An,13,15.88075,108.34995,REGULAR,,"Ban công phòng sang trọng, Bữa sáng, Xe đạp,Hồ bơi miễn phí",private_room,True,True,False,,/ đêm,2.0,True,,True,True,True,True,True,,False,"4,99",75,True,True,,,,False,3,562.089,₫562.089,,,,,,,,,,,,,,,,,,,,,,,,,
39040355,https://www.airbnb.com.vn/rooms/39040355,Hoi An city,16,15.87774,108.32183,REPRESENTATIVE,,Phòng có tầm nhìn ra hồ bơi_Trung tâm thị trấn lân cận 300m,hotel_room,,,False,,/ đêm,2.0,,True,,,True,True,True,,False,"4,91",93,True,True,True,True,,,,548.749,₫548.749,,,,,,,,,,,,True,,,,,,,,,,,,,
605290685203980073,https://www.airbnb.com.vn/rooms/605290685203980073,Ngũ Hành Sơn,30,16.03779,108.24555,REPRESENTATIVE,,BonnyBoutique/SuperiorStudio with Balcony&Pool,private_room,,,False,,/ đêm,2.0,,,,True,True,True,True,True,False,"4,79",63,True,True,,,,,,,,,,,,,,,,,,,,True,,True,,,,,,,,,,
689482799382969532,https://www.airbnb.com.vn/rooms/689482799382969532,Thành phố Hội An,16,15.882392976777018,108.33369277997055,REGULAR,,1 CĂN HỘ/ VƯỜN PHÍA TRƯỚC HỒ BƠI TRÊN TẦNG THƯỢNG GẦN THỊ TRẤN,private_room,,,False,,/ đêm,2.0,,True,,True,True,True,True,True,False,"5,0",14,True,True,,,,False,,576.294,₫576.294,,,,,,,,,,,,,,,,,,,,,,,,,
665677351648372917,https://www.airbnb.com.vn/rooms/665677351648372917,Sơn Trà,16,16.06008,108.2434,REGULAR,,Khách sạn Sea Sand 2: Phòng cao cấp gần bãi biển số4,private_room,,,False,,/ đêm,2.0,,,True,,True,True,True,True,False,"4,25",8,,True,,,,,,,,True,,,True,,,,,True,,,,,,,,,,,,,,,,
31177875,https://www.airbnb.com.vn/rooms/31177875,Hoi An City,24,15.87683,108.34652,REGULAR,,"Phòng đấu nối - Biệt thự Anh Nhung, Hội An",private_room,,,False,,/ đêm,5.0,,,,,True,,True,,False,"4,98",97,True,True,True,,True,False,,,,,,,,,,,,,,,True,,,,,,,,True,,,,,
871414225221052451,https://www.airbnb.com.vn/rooms/871414225221052451,Thành phố Hội An,30,15.887344119010374,108.37915708042604,REGULAR,,Unique Coconut Huts Homestay Breakfast and Beach,private_room,,,False,,/ đêm,2.0,,True,,True,True,True,True,True,False,,,True,True,,,,,,707.530,₫707.530,,True,,,,,,,,,,,,,,,,,,,,,,,
868628590539526934,https://www.airbnb.com.vn/rooms/868628590539526934,Tam Kỳ,29,15.60488336022445,108.54112785376925,REGULAR,,Cảnh Tiên Homestay Tam Thanh Beach,private_room,,,False,,/ đêm,14.0,,True,,True,True,True,True,True,False,,,,,,,,False,,563.121,₫563.121,True,,,,,,,,True,,,,,,,,,,,,,,,,
16071459,https://www.airbnb.com.vn/rooms/16071459,Thành phố Hội An,26,15.88213,108.34391,REGULAR,,Tầm nhìn hướng vườn phòng sinh đôi với bữa sáng-Ngan Phú,private_room,,,False,,/ đêm,2.0,,,,True,True,,True,,,"4,85",252,True,True,True,,True,False,,562.065,₫562.065,,,,,,,,,,,,,,True,,,,,,True,,,,,
50779175,https://www.airbnb.com.vn/rooms/50779175,Thành phố Hội An,30,15.890970728237429,108.34587317741823,REGULAR,,Phòng deluxe double room view cánh đồng và hồ bơi.,private_room,,,False,,/ đêm,2.0,,True,,True,True,True,True,True,,"4,75",12,True,True,,,,,,,,,,,,,,,,True,,,,True,,,,,,,,,,,,
893107825811527839,https://www.airbnb.com.vn/rooms/893107825811527839,Thành phố Hội An,30,15.88341,108.35374,REGULAR,,Deluxe River View Cam Thanh,private_room,,,False,,/ đêm,2.0,,,,,True,,True,True,False,,,True,True,True,,,,,,,,,,,,,,,,,,,,,,,,,,,,,,,
842474360652394748,https://www.airbnb.com.vn/rooms/842474360652394748,Thành phố Hội An,12,15.87819,108.34207,REGULAR,,Phòng rộng rãi ngay trung tâm Hội An,private_room,,,False,,/ đêm,2.0,,,True,True,True,True,,,False,"5,0",4,,,True,True,,False,,367.516,₫367.516,,True,,,,,,,,,,True,,,,,,,,,,,,,
33840031,https://www.airbnb.com.vn/rooms/33840031,Sơn Trà,30,16.06383,108.23495,REGULAR,,Nhà của Felix 2,private_room,True,True,False,,/ đêm,2.0,True,True,,True,True,True,,,False,"4,92",52,,True,,,,False,4,308.118,₫308.118,,True,,,True,,,,,,,,,,,,,,,,,,,,
797614935482042681,https://www.airbnb.com.vn/rooms/797614935482042681,Hội An,22,15.87974,108.33836,REGULAR,,Homestay Xanh La - 1 giường đơn,private_room,True,True,False,,/ đêm,1.0,True,,,,True,,True,True,False,"5,0",3,,True,True,,True,False,4,285.294,₫285.294,,,,,,,,,,,,,,,,,,,,,,,,,
884141476371979526,https://www.airbnb.com.vn/rooms/884141476371979526,Thành phố Hội An,28,15.87285,108.33539,REGULAR,,River View Room Free Pool,private_room,,,False,,/ đêm,2.0,,,,,True,,True,True,False,,,True,True,True,,,,,,,,,,,,,,,,,,,,,,,,,,,,,,,
38278003,https://www.airbnb.com.vn/rooms/38278003,Thành phố Hội An,17,15.89144,108.32031,REGULAR,,SeaLine Homestay_10 phút đến Phố cổ Hội An/Hồ bơi/Xe đạp/Bữa sáng,private_room,,,False,,/ đêm,2.0,,,,,True,,,,False,,,True,True,True,,True,False,,,,,,,True,,,,,,,,,,,,,,,,True,True,,,,
891631554101009483,https://www.airbnb.com.vn/rooms/891631554101009483,Thành phố Hội An,15,15.9576931,108.5071247,REGULAR,,Monkey Bungalow Villa,private_room,,,False,,/ đêm,6.0,,,,True,True,True,,True,False,,,,,,,,False,,,,True,,,True,,,,,,True,,,,,,,,,,,,True,,,
742455768307975916,https://www.airbnb.com.vn/rooms/742455768307975916,Thành phố Hội An,16,15.88256868767122,108.33367405100348,REGULAR,,Lovely 1BR APT W/ ROOfTOP POOL 10 MINS FrOM TOWN,private_room,,,False,,/ đêm,2.0,,True,,True,True,True,True,True,False,"4,79",14,True,True,,,,False,,620.741,₫620.741,,,,,,,,,,,,,,,,,,,,,,,,,
37651156,https://www.airbnb.com.vn/rooms/37651156,Thành phố Hội An,30,15.8813,108.354,REGULAR,,Toàn bộ Biệt thự hồ bơi hai phòng. Ngọc ẩn trong Hoian,entire_home,,,False,,/ đêm,4.0,,True,,True,True,,True,,False,"4,85",74,True,True,,,,False,,831.902,₫831.902,,True,,True,,,,,,,,,,,,,,,,,,,,,
772697138441164016,https://www.airbnb.com.vn/rooms/772697138441164016,Thành phố Hội An,15,15.88116,108.34883,REGULAR,,"Phòng sang trọng với bữa sáng, xe đạp và hồ bơi miễn phí",private_room,,,False,,/ đêm,2.0,,,,True,True,True,True,True,,"4,88",17,True,True,True,,,False,,481.803,₫481.803,,,,,,,,,,,,True,,,,,,,,,,,,,
39759153,https://www.airbnb.com.vn/rooms/39759153,Ngũ Hành Sơn,12,16.04749,108.24781,REGULAR,,SH32❤️ Phòng riêng kiểu NY rất gần bãi biển✅,private_room,,,False,,/ đêm,2.0,,,,,True,,True,,False,"4,93",55,,True,True,True,True,False,,396.147,₫396.147,,,,,,,,,,,,,,,,,True,,,,,,True,,
852748948139480879,https://www.airbnb.com.vn/rooms/852748948139480879,Thành phố Hội An,18,15.87891,108.37315,REGULAR,,Private House 2Brs - Netflix & Jaccuzi Pool,entire_home,,,False,,/ đêm,4.0,,True,,True,True,True,True,,,,,True,True,,,,,,1.129,₫1.129.765,,True,,True,,,,,True,,,,,,,,,,,,,,,,
890233192042518426,https://www.airbnb.com.vn/rooms/890233192042518426,Thành phố Hội An,30,15.87689,108.36317,REGULAR,,Modern Furnished Studio with Pool,private_room,,,False,,/ đêm,2.0,,True,,True,True,True,True,,False,,,True,,True,,,False,,,,,True,,,,,,,,,,,,,,,,,,,,,,,
39997382,https://www.airbnb.com.vn/rooms/39997382,Thành phố Hội An,20,15.88164,108.32028,REGULAR,,Phòng ấm cúng ✰trong lòng✰ ban công Hội An W,private_room,True,True,False,,/ đêm,2.0,True,True,,True,True,,True,,,"5,0",10,,True,True,True,,,4,292.141,₫292.141,,True,,,,,,,,,,True,,,,,,,,,,,,,
31005996,https://www.airbnb.com.vn/rooms/31005996,Thành phố Hội An,21,15.87827,108.32075,REGULAR,,Ban công phòng hiện đại với bồn tắm gần khu phố cổ,private_room,,,False,,/ đêm,2.0,,True,,,True,True,True,True,,"5,0",10,True,True,True,,,,,,,,,,,,,,,True,True,,,,,,,,,,,,,,,
29787758,https://www.airbnb.com.vn/rooms/29787758,Thành phố Hội An,30,15.87578,108.32069,REGULAR,,Phòng ngủ mái hiên với tầm nhìn đáng yêu,private_room,True,True,False,,/ đêm,3.0,True,True,True,,True,True,True,,False,"4,86",85,True,True,,,,,4,970.001,₫970.001,,,,,,,,,,,,,,,,,,,,,,,,,
44159709,https://www.airbnb.com.vn/rooms/44159709,Thành phố Hội An,30,15.8846,108.3653,REGULAR,,"Nhà riêng với 2bdrs, Hồ bơi, Nhà bếp - Pea Home",private_room,True,True,False,,/ đêm,4.0,,,,True,True,True,True,,False,"4,88",34,True,,,,,False,3,1.460,₫1.460.707,,True,,True,,,,,,,False,,,,,,,,,,,,,,
40239798,https://www.airbnb.com.vn/rooms/40239798,Ngũ Hành Sơn,30,16.05429,108.246,REGULAR,,Căn hộ Studio có ban công lớn gần biển Mỹ Khê,entire_home,,,False,,/ đêm,2.0,,,,True,True,True,True,,,"4,79",24,,True,True,,,,,603.283,₫603.283,,True,,True,,,,,,,,True,True,,,,,,,,,,,,
649181878402779397,https://www.airbnb.com.vn/rooms/649181878402779397,Thành phố Hội An,29,15.908239325615869,108.34719277918339,REGULAR,,Aki 's House An Bàng - Family Garden - 2br,private_room,True,True,False,,/ đêm,4.0,True,True,,True,True,True,True,,False,"4,86",14,True,,,,,,7,1.426,₫1.426.471,True,,,,,,,,,True,,,,,,,,,,,,,,,
692461392679605478,https://www.airbnb.com.vn/rooms/692461392679605478,Thành phố Hội An,7,15.87519,108.32502,REPRESENTATIVE,,Phòng đôi cao cấp với ban công - trung tâm Hội An,private_room,False,False,False,,/ đêm,2.0,True,,,,True,,,,False,"4,67",57,,True,True,,,False,8,750.000,₫750.000,,,,,,,,,,,,True,,,,,,,,,,,,,
27559087,https://www.airbnb.com.vn/rooms/27559087,Hoi An,17,15.88303,108.34043,REGULAR,,Khung cảnh nông thôn tuyệt vời -Twin Room 1,private_room,True,True,False,,/ đêm,2.0,,,,,True,True,True,,False,"4,78",45,,True,True,True,,False,5,,,,,,,,,,,,,False,True,,,,,,,,,,,,,
37841492,https://www.airbnb.com.vn/rooms/37841492,Ngũ Hành Sơn,12,16.04905,108.24776,REGULAR,,SH22❤️ Phòng riêng kiểu NY chỉ cách bãi biển 3 phút✅,private_room,,,False,,/ đêm,1.0,,,,,True,,True,,False,"4,87",61,,True,True,True,True,False,,374.710,₫374.710,,,,,,,,,,,,,,,,,True,,,,,,True,,
893104752474164861,https://www.airbnb.com.vn/rooms/893104752474164861,Thành phố Hội An,30,15.88167,108.35203,REGULAR,,Deluxe Garden with Pool,private_room,,,False,,/ đêm,2.0,,,,,True,,,True,False,,,True,True,True,,,,,,,,,,,,,,,,,,,,,,,,,,,,,,,
32450237,https://www.airbnb.com.vn/rooms/32450237,Phước Mỹ,30,16.06295,108.24049,REPRESENTATIVE,,OASIS-NEAR BEACH-NICE ROOM-AIRPORT SHUTTLE-NETFLIX,hotel_room,,,False,,/ đêm,2.0,,True,,,True,True,True,,,"4,95",136,,True,True,True,True,,,467.919,₫467.919,True,,,,,,,,,,,,True,,,,,,,,,,,,
7939405,https://www.airbnb.com.vn/rooms/7939405,Da Nang ,30,15.97463,108.28008,REGULAR,,Căn hộ có vườn riêng trong Ocean Villas resort 5*,entire_home,,,False,,/ đêm,6.0,,True,,True,True,,True,,,"4,75",146,True,True,,,,,,1.349,₫1.349.013,True,True,,,,,,,,,,,True,,,,,,,,,,,True,
24788160,https://www.airbnb.com.vn/rooms/24788160,Thành phố Hội An,22,15.88233,108.34585,REGULAR,,"Nhà anh đào, phòng có bữa sáng & hồ bơi tuyệt vời",private_room,,,False,,/ đêm,2.0,,True,,,True,True,True,,False,"4,99",90,True,True,True,,,,,,,,,True,,,,,,,,,True,,,,,,,,,,,,,
882271546081194690,https://www.airbnb.com.vn/rooms/882271546081194690,Thành phố Hội An,30,15.77124612704465,108.41575621830356,REGULAR,,Khách sạn Ngọc Hoa - Nam Hội An.,private_room,,,False,,/ đêm,16.0,,True,,True,True,True,True,True,False,,,,,,,,,,,,True,,,True,,,,,,True,,,,,,,,,,,,,,,
18183382,https://www.airbnb.com.vn/rooms/18183382, Hội An,30,15.88287,108.35622,REGULAR,,"Nhà bếp chung 1 phòng ngủ, khung cảnh yên tĩnh ở Hội An 02",private_room,,,False,,/ đêm,2.0,,True,,True,True,True,True,True,False,"4,91",123,,,,,,False,,,,True,,,,,,,,,,,,,,,,,,,,,,,,
842579661328907648,https://www.airbnb.com.vn/rooms/842579661328907648,Thành phố Hội An,12,15.897364617082275,108.32038766826172,REGULAR,,Căn hộ ấm cúng và sạch sẽ 4,private_room,True,True,False,,/ đêm,2.0,True,,,True,True,True,True,True,False,"5,0",4,,True,,,,,2,285.294,₫285.294,,True,,True,,,,,,,,,,,,,,,,,,,,,
892954528923184313,https://www.airbnb.com.vn/rooms/892954528923184313,Thành phố Hội An,30,15.90922,108.34115,REGULAR,,PINK HOUSE VILLA an bang Hoi an,entire_home,,,False,,/ đêm,10.0,,,,True,True,True,True,True,False,,,True,,,,,False,,4.792,₫4.792.943,True,,,,,,,,,True,,,,,,,,,,,,,,,
27130064,https://www.airbnb.com.vn/rooms/27130064,Hội An,9,15.87685,108.36552,REGULAR,,Một phòng đôi với bữa sáng và tầm nhìn ra hồ | 2,private_room,True,True,False,,/ đêm,2.0,True,,,True,True,,True,True,False,"5,0",5,True,True,,,,False,5,550.000,₫550.000,,,,,,,,,,True,,,,,,,,,,,,,,,
842263930770485856,https://www.airbnb.com.vn/rooms/842263930770485856,Sơn Trà,23,16.06582,108.24313,REGULAR,,BAO Apartment & Coffee,private_room,,,False,,/ đêm,16.0,,,,,True,True,True,True,False,"3,67",3,,,True,True,True,,,256.765,₫256.765,True,,,,,,True,,,,,,,,,,,,,,,,,,
33920359,https://www.airbnb.com.vn/rooms/33920359,Thành phố Hội An,24,15.87854,108.33793,REGULAR,,Xanh La Hội An homestay - 1 giường king,private_room,True,True,False,,/ đêm,2.0,True,,,,True,True,True,,False,"4,94",77,,True,True,,True,False,4,338.930,₫338.930,,,,,,,,,,,,,,,,,True,,,,,,,,
777782336406386428,https://www.airbnb.com.vn/rooms/777782336406386428,Thành phố Hội An,15,15.8747213,108.3237539,REGULAR,,Double room- 2 pax- homestay Cường Thịnh,private_room,,,False,,/ đêm,2.0,,,,,True,,True,True,False,"4,6",5,,True,True,,,False,,281.871,₫281.871,,,,,,,,,True,,,,,True,,,True,,,,,,,,
880779264444789603,https://www.airbnb.com.vn/rooms/880779264444789603,Thành phố Hội An,13,15.89704,108.32114,REGULAR,,Cozy And Clean Apartment 8,private_room,True,True,False,,/ đêm,2.0,True,,,True,True,True,True,True,False,,,,True,,,,,,342.353,₫342.353,,,,True,,,True,,,,,,,,,,,,,,,,,,
21190818,https://www.airbnb.com.vn/rooms/21190818,Thành phố Hội An,9,15.91217,108.33804,REGULAR,,phòng gia đình hai phòng ngủ,private_room,False,True,False,,/ đêm,4.0,,,,True,True,,,,False,"4,74",43,,True,True,,True,False,6,1.017,₫1.017.083,,,,,,,,,,,False,,,True,,,,,,,,,,,
766212968161873505,https://www.airbnb.com.vn/rooms/766212968161873505,Thành phố Hội An,19,15.8835,108.36104,REGULAR,,Phòng đơn yên bình - Ban công Riêng và Phòng tắm,private_room,True,True,False,,/ đêm,1.0,,,,True,True,True,True,,False,"5,0",5,True,,,,,False,3,502.118,₫502.118,,True,,True,,,,,,,False,,,,,,,,,,,,,,
832143308353252508,https://www.airbnb.com.vn/rooms/832143308353252508,Ngũ Hành Sơn,19,16.04734017988922,108.24521830793455,REGULAR,,Nhà Trắng 1,private_room,False,True,False,,/ đêm,,,,,,,,,,,"5,0",3,,,,,,,2,315.235,₫315.235,,,,,,,,,,,,,,,,,,,,,,,,,
32956517,https://www.airbnb.com.vn/rooms/32956517,Ngũ Hành Sơn,12,16.04751,108.23658,REGULAR,,Toàn cảnh studio-ban công - nhà thông minh thành phố 23,entire_home,,,False,,/ đêm,2.0,,,True,True,True,,True,True,False,"4,85",39,,True,True,,,,,401.365,₫401.365,,True,,,,,,,,,,,True,,,,,,,,,,,,
6067252,https://www.airbnb.com.vn/rooms/6067252,Hội An,14,15.87952,108.30553,REGULAR,,King Suite River View - Thuần khiết,private_room,,,False,,/ đêm,2.0,,,,,True,,True,,,"4,33",75,True,True,True,True,,,,422.182,₫422.182,,True,,,True,,,,,True,,,,,,,,,True,,,,,,
11783951,https://www.airbnb.com.vn/rooms/11783951,tp. Hội An,30,15.8884,108.33097,REPRESENTATIVE,,Volar Balcony Deluxe Double 2 với bữa sáng,private_room,True,True,False,,/ đêm,2.0,True,True,,,True,True,True,,False,"4,92",85,True,True,,,,False,7,508.668,₫508.668,,,,,,,,,,,,,,,,,,,,,,,,,
15540401,https://www.airbnb.com.vn/rooms/15540401,tp. Hội An,30,15.88157,108.34626,REGULAR,,Phòng đôi cao cấp với bữa sáng - Biệt thự Nam Phú,private_room,True,True,False,,/ đêm,2.0,,,,,True,,True,,False,"4,89",188,True,True,True,,True,,7,490.709,₫490.709,,,,,,,,,,,False,,,True,,,,,,True,,,,,
791711507739198811,https://www.airbnb.com.vn/rooms/791711507739198811,Thành phố Hội An,11,15.87627,108.3243,REGULAR,,Phòng ban công Hội An với hồ bơi và trung tâm tầm nhìn đẹp,private_room,,,False,,/ đêm,2.0,,True,True,,True,,,True,False,"5,0",17,True,True,True,,True,,,672.104,₫672.104,,,,,,,,,,True,,,,,,,,,,,,,,,
853340545527020346,https://www.airbnb.com.vn/rooms/853340545527020346,Thành phố Hội An,12,15.91638,108.33549,REGULAR,,Romantic Blue Boat Villa - An Bang Beach Getaway,entire_home,,,False,,/ đêm,2.0,,True,,True,True,True,True,,False,,,,,True,,,False,,1.896,₫1.896.167,True,,,,,,,,,,,True,,,,,,,,,,,,,
812949042432962861,https://www.airbnb.com.vn/rooms/812949042432962861,Sơn Trà,22,16.06665,108.24532,REGULAR,,Suite Glory(studio),entire_home,,,False,,/ đêm,,,,,,,,,,,"4,83",12,,,,,,,,,,,,,,,,,,,,,,,,,,,,,,,,,,
846102660601433813,https://www.airbnb.com.vn/rooms/846102660601433813,Thành phố Hội An,22,15.90756,108.34672,REGULAR,,Deluxe Pool vw- Aki 's Villa An Bang - Mát-xa miễn phí,private_room,True,True,False,,/ đêm,2.0,True,True,True,True,True,True,True,True,False,"4,9",10,,,,,,,7,616.965,₫616.965,True,,,,,,,,,,,,,,,,,,,,,,,,
887381528992113682,https://www.airbnb.com.vn/rooms/887381528992113682,Thành phố Hội An,30,15.87497,108.35752,REGULAR,,6 bedroom private pool villa-8 people stay,private_room,,,False,,/ đêm,,,,,,,,,,,,,,,,,,,,,,,,,,,,,,,,,,,,,,,,,,,,,,
835337781971731789,https://www.airbnb.com.vn/rooms/835337781971731789,Hội An,21,15.8868,108.35554,REGULAR,,5 phòng - toàn bộ biệt thự có hồ bơi,entire_home,,,False,,/ đêm,10.0,,,,True,True,True,,,False,"5,0",6,True,True,True,,,False,,,,,True,,True,,,,,,,,,,,,,,,,,,,,,
886523745241027849,https://www.airbnb.com.vn/rooms/886523745241027849,Thành phố Hội An,9,15.889818594034244,108.3217145571472,REGULAR,,Private room_Huge balcony,private_room,,,False,,/ đêm,,,,,,,,,,,,,,,,,,,,,,,,,,,,,,,,,,,,,,,,,,,,,,
39072164,https://www.airbnb.com.vn/rooms/39072164,Thành phố Hội An,30,15.87233,108.33493,REGULAR,,Phòng Deluxe Bữa sáng miễn phí - Hồ bơi và xe đạp miễn phí,private_room,True,True,False,,/ đêm,3.0,True,,,True,True,True,True,,,"4,92",76,True,True,True,,,False,4,,,,,,,,,,,,,,True,,,,,,,,,,,,,
606262516516840172,https://www.airbnb.com.vn/rooms/606262516516840172,Thành phố Hội An,21,15.87448,108.32365,REGULAR,,1 phút đến chợ đêm HỘI AN Hồ bơi ❤ Siêu sạch❤ 100,private_room,,,False,,/ đêm,2.0,,,True,,True,,,True,False,"4,83",36,True,True,True,True,True,False,,465.714,₫465.714,,,,,,,,,,,,,,,,,,,,,,,,,
859170929060331097,https://www.airbnb.com.vn/rooms/859170929060331097,Thành phố Hội An,30,15.88163,108.30351,REGULAR,,[40% PROMO] Luxurious Villa w/ Private Pool - BBQ,entire_home,,,False,,/ đêm,10.0,,,True,True,True,True,True,,,"5,0",6,True,,,,,,,,,,,,True,,,,,True,True,,,,,,,,,,,,,,,
21255113,https://www.airbnb.com.vn/rooms/21255113,Hoi An City,9,15.874543,108.320919,REGULAR,,Phòng đôi view vườn - homestay Riverlife Hội An,private_room,True,False,False,,/ đêm,2.0,True,,True,,True,True,,,False,"4,94",54,,True,True,,True,False,6,347.972,₫347.972,,,,,,,,,,,,,,True,,,,,,,,,,,
16939002,https://www.airbnb.com.vn/rooms/16939002,Thành phố Hội An,30,15.91547,108.33489,REGULAR,,Bungalow lãng mạn số1,entire_home,,,False,,/ đêm,2.0,,True,,True,True,True,True,True,,"4,91",67,,,,,,,,375.000,₫375.000,True,True,,True,,,,,,,,True,,,,,,,,,,,,,
674437231629300276,https://www.airbnb.com.vn/rooms/674437231629300276,Ngũ Hành Sơn,17,16.03691,108.24542,REGULAR,,"Laurel Studio Bể bơi miễn phí, Phòng xông hơi khô, Phòng tập thể dục",private_room,,,False,,/ đêm,2.0,,True,,True,True,True,True,,,"4,67",3,True,True,,,,,,495.000,₫495.000,True,,,True,,,,,,,,,,,True,,,,,,,,,,
41135761,https://www.airbnb.com.vn/rooms/41135761,Thành phố Hội An,12,15.91474,108.33624,REGULAR,,Bluesand An Bang Homestay - Ban công kép sang trọng,private_room,False,True,False,,/ đêm,2.0,True,,,True,True,True,True,,False,"5,0",8,,True,True,,,,2,487.853,₫487.853,True,,,,,,,,,,,True,,,,,,,,,,,,,
701727019879522976,https://www.airbnb.com.vn/rooms/701727019879522976,Thành phố Hội An,30,15.887330172186815,108.37923883871518,REGULAR,,Homestay địa phương với bữa sáng ở hồ bơi và biển gần,private_room,True,True,False,,/ đêm,2.0,True,True,,True,True,True,True,True,False,"4,97",31,True,True,,,,,8,639.059,₫639.059,,,,,,,,,,,,,,,,,,,,,,,,,
13872750,https://www.airbnb.com.vn/rooms/13872750,Truong Sa Road,28,15.97504,108.2813,REGULAR,,Căn hộ sang trọng trên bãi biển riêng!,entire_home,,,False,,/ đêm,5.0,,True,,True,True,,True,,False,"4,8",143,True,True,,,,,,1.748,₫1.748.068,True,,,,,,,,,,,,True,,,,,,,,,,,True,
10236436,https://www.airbnb.com.vn/rooms/10236436,tp. Hội An,23,15.87488,108.35091,REGULAR,,Phòng đẹp để nghỉ ngơi thư giãn,private_room,,,False,,/ đêm,2.0,,,,True,True,,True,,False,"4,87",86,,True,True,,,False,,267.650,₫267.650,,True,,,,,,,,,,True,,,,,True,,,,,,,,
10960790,https://www.airbnb.com.vn/rooms/10960790,Thành phố Hội An,23,15.88073,108.34887,REGULAR,,Delux Room with Private Bathroom,private_room,False,True,False,,/ đêm,2.0,True,True,,True,True,True,True,,False,"5,0",5,,,,,,False,2,321.187,₫321.187,True,,,,,,,,True,,,,,,,,,,,,,,,,
40048182,https://www.airbnb.com.vn/rooms/40048182,Cẩm Lệ,20,16.00007,108.22125,REGULAR,,Nhà Lil - Căn hộ 2,entire_home,,,False,,/ đêm,4.0,,,,True,True,True,True,True,False,"4,86",22,,True,,,,False,,570.589,₫570.589,,True,,True,,,,,,,,,,,,,,,,,,,,,
36573406,https://www.airbnb.com.vn/rooms/36573406,Son Tra,30,16.06591,108.24229,REPRESENTATIVE,,"Lem 's Apartment & coffee, homestay ở bãi biển Mỹ Khê",private_room,False,True,False,,/ đêm,2.0,True,True,,True,True,True,True,,,"4,9",68,,True,,,,,4,550.000,₫550.000,True,,,True,,,,,True,,,,,,,,,,,,,,,,
657045198460214113,https://www.airbnb.com.vn/rooms/657045198460214113,Thành phố Hội An,18,15.881017140175995,108.35293907672167,REGULAR,,Perfect apartment /pool/Netflix,entire_home,,,False,,/ đêm,2.0,,,,True,True,True,True,True,False,"5,0",9,True,True,,,,False,,741.765,₫741.765,,True,,,,,,,,,,,,,,,,,,,,,,,
662670002228657361,https://www.airbnb.com.vn/rooms/662670002228657361,Ngũ Hành Sơn,10,16.04958,108.2474,REGULAR,,SE52 - Căn hộ studio tầng 5 rất gần bãi biển,private_room,True,True,False,,/ đêm,,,,,,,,,,,,1,,,,,,,4,449.671,₫449.671,,,,,,,,,,,,,,,,,,,,,,,,,
820713694578303474,https://www.airbnb.com.vn/rooms/820713694578303474,Thành phố Hội An,30,15.883606615871388,108.36770734387385,REGULAR,,Hoi An Retreat - Family-Friendly Villa with Pool,entire_home,,,False,,/ đêm,7.0,,True,True,True,True,True,True,,False,"5,0",15,True,,,,,False,,4.228,₫4.228.997,,,,,,,,,,,,,,,,,,,,,,,,,
5621516,https://www.airbnb.com.vn/rooms/5621516,tp. Hội An,26,15.87655,108.37133,REGULAR,,"Phòng gia đình bao gồm 2 giường với Hồ bơi, Lake View",private_room,,,False,,/ đêm,4.0,,True,,True,True,True,True,,,"4,82",63,True,True,True,,,,,535.327,₫535.327,True,,,,,,,,,,,True,,,,,,,,,,,,,
41462317,https://www.airbnb.com.vn/rooms/41462317,Thành phố Hội An,9,15.87775,108.32283,REGULAR,,Giường cỡ king_Gần Trung tâm Thị trấn Cổ 300m,private_room,,,False,,/ đêm,2.0,,,True,,True,,,,False,"4,72",53,,True,True,True,True,False,,,,,,,,,,,,,,,True,,,,,,True,,,,,,,
715042081842800060,https://www.airbnb.com.vn/rooms/715042081842800060,Thành phố Hội An,30,15.8873867,108.3791688,REGULAR,,Homestay địa phương rất độc đáo W/Pool Breakfast& Beach,private_room,,,False,,/ đêm,3.0,,True,,True,True,True,True,True,False,"5,0",13,True,True,,,,,,639.059,₫639.059,,True,,,,,,,,,,,,,,,,,,,,,,,
606394234519726386,https://www.airbnb.com.vn/rooms/606394234519726386,Thành phố Hội An,27,15.87471,108.32513,REGULAR,,1 phút đến chợ đêm NiceView DoubleRoom❤302,private_room,,,False,,/ đêm,,,,,,,,,,,"4,75",4,,,,,,,,347.948,₫347.948,,,,,,,,,,,,,,,,,,,,,,,,,
744478642723856900,https://www.airbnb.com.vn/rooms/744478642723856900,Thành phố Hội An,30,15.89411,108.32056,REGULAR,,{Star & Fortune} Hai căn hộ với hồ bơi * Máy giặt,private_room,True,True,False,,/ đêm,4.0,,,,True,True,True,True,,False,"5,0",13,True,,,,,False,4,,,True,,,True,,,,,,,False,,,,,,,,,,,,,,
593673892697050611,https://www.airbnb.com.vn/rooms/593673892697050611,Thành phố Hội An,17,15.88373,108.32618,REGULAR,,"Phòng có ban công,view hồ bơi_gần phố cổ 500 mét.",private_room,True,True,False,,/ đêm,2.0,True,True,,,True,True,True,True,False,"4,86",21,True,True,,,,False,1,462.177,₫462.177,,,,,,,,,,,,,,,,,,,,,,,,,
614714457521304812,https://www.airbnb.com.vn/rooms/614714457521304812,Hội An,30,15.90686,108.34339,REGULAR,,Toàn bộ tầng 2 2 có ban công - HỒ bơi - bữa sáng.,private_room,True,True,False,,/ đêm,5.0,True,True,True,True,True,True,True,True,,"5,0",6,True,,,,,,11,1.317,₫1.317.605,True,,,,,,,,,,,,,,,,,,,,,,,,
848219739926035944,https://www.airbnb.com.vn/rooms/848219739926035944,Thành phố Hội An,21,15.89696,108.32103,REGULAR,,Căn hộ ấm cúng và sạch sẽ 6,private_room,True,True,False,,/ đêm,2.0,True,,,True,True,True,True,True,False,,,,True,,,,,,,,,True,,True,,,,,,,,,,,,,,,,,,,,,
44159732,https://www.airbnb.com.vn/rooms/44159732,Hoi An,18,15.88451,108.36564,REGULAR,,Phòng đôi - Quang cảnh làng - yên bình - ĐẬU HÀ LAN,private_room,True,True,False,,/ đêm,2.0,,,,True,True,True,True,,False,"4,98",43,True,,,,,False,3,616.236,₫616.236,,True,,True,,,,,,,False,,,,,,,,,,,,,,
806202342733325288,https://www.airbnb.com.vn/rooms/806202342733325288,Ngũ Hành Sơn,30,16.05213180000001,108.24629930740969,REGULAR,,Jolia Hotel Đà Nẵng Beach - Phòng 2,private_room,,,False,,/ đêm,2.0,,,,True,True,True,True,True,False,"4,86",7,True,True,,,,,,579.623,₫579.623,True,,,,,,,,,,,,True,,,,,,,,,,,,
637401306971481255,https://www.airbnb.com.vn/rooms/637401306971481255,Thành phố Hội An,28,15.878809928894043,108.3189926147461,REGULAR,,Ngôi nhà rộng rãi quyến rũ xa nhà,entire_home,,,False,,/ đêm,9.0,,True,,True,True,True,True,True,False,"4,83",48,,True,,,,,,1.318,₫1.318.146,,True,,True,,,,,,,,,,,,,,,,,,,,,
644586095366099766,https://www.airbnb.com.vn/rooms/644586095366099766,Hòa Hải,30,15.99294,108.27009,REGULAR,,Câu lạc bộ golf BRG - Biệt thự điểm riêng 3 Phòng ngủ số3,entire_home,,,False,,/ đêm,6.0,,True,,True,True,True,True,,,"5,0",7,True,True,,,,,,4.244,₫4.244.538,True,,,True,,,,,,,,,,,,,,,,,,,,,True
862620254479918664,https://www.airbnb.com.vn/rooms/862620254479918664,Ngũ Hành Sơn,10,16.0021,108.26586,REGULAR,,Modern&Chic Villa Non Nuoc Beach,entire_home,,,False,,/ đêm,12.0,,,,True,True,True,True,True,False,,,,True,True,,,False,,,,True,,,,,,,,,,,,,,,,,,,,,,,,
30856767,https://www.airbnb.com.vn/rooms/30856767,Thành phố Hội An,6,15.87375,108.33238,REGULAR,,Phòng ấm cúng với WC bên ngoài riêng - Hội An,private_room,True,True,False,,/ đêm,2.0,True,,,,True,,True,,,"4,92",13,,True,True,True,True,,4,320.032,₫320.032,,,,,,,,,,,,True,,,,,True,,,,True,,,,
872361278495070351,https://www.airbnb.com.vn/rooms/872361278495070351,Thành phố Hội An,25,15.88169,108.35118,REGULAR,,Standard Room Non Breakfast- Hoi An Heart Villa,private_room,,,False,,/ đêm,2.0,,,,,True,True,True,True,,,,True,True,True,,True,,,,,,,True,,,,,,,,,,,True,,,,,,,,,,,
41851135,https://www.airbnb.com.vn/rooms/41851135,Thành phố Hội An,30,15.87497,108.32513,REPRESENTATIVE,,Phòng Volar de Faifo - Ban công & Bữa sáng 402,private_room,True,True,False,,/ đêm,,,,,,,,,,,"5,0",4,,,,,,,3,795.000,₫795.000,,,,,,,,,,,,,,,,,,,,,,,,,
41633269,https://www.airbnb.com.vn/rooms/41633269,Hoi An,30,15.88237,108.34188,REPRESENTATIVE,,Paddy Boutique House Hoian-Room with Bathtub,private_room,,,False,,/ đêm,2.0,,,,True,True,True,True,,False,"5,0",43,,True,True,,True,False,,,,,,,,,,,,,True,,,,,,,,,,,,,,,
606283613588513066,https://www.airbnb.com.vn/rooms/606283613588513066,Thành phố Hội An,30,15.87606,108.32485,REGULAR,,1 phút đến Chợ đêm HỘI AN Hồ bơi sạch❤ sẽ300,private_room,,,False,,/ đêm,2.0,,,,,True,True,,True,False,"4,88",41,True,True,True,True,True,,,,,,,,,,,,,,,,True,,,,,,,,,,,,,
44071373,https://www.airbnb.com.vn/rooms/44071373,Thành phố Hội An,6,15.8818436,108.3340901,REGULAR,,Hội An Maison Vui Homestay Deluxe Có Ban công,private_room,,,False,,/ đêm,2.0,,,,,True,True,True,True,,"4,96",24,,True,True,,,,,593.412,₫593.412,,,,,True,,,,True,True,,,,,,,,,True,,,,,,
32430722,https://www.airbnb.com.vn/rooms/32430722,Thành phố Hội An,20,15.90533,108.34706,REGULAR,,Phòng sang trọng villa biển Hội An.Ban công.Hồ bơi,hotel_room,,,False,,/ đêm,2.0,,,True,,True,True,True,,,"4,86",22,True,True,True,,,,,328.185,₫328.185,,True,,,True,,,,,True,,,,,,,,,,,,,,,
893006522536000482,https://www.airbnb.com.vn/rooms/893006522536000482,Thành phố Hội An,24,15.88605,108.33607,REGULAR,,Suite Family Garden View w/Bathtub & Breakfast,private_room,,,False,,/ đêm,4.0,,True,,True,True,True,True,True,,,,True,True,,,,,,,,,,,,,,,,,True,,,,,,,,,,,,,,,
42566369,https://www.airbnb.com.vn/rooms/42566369,Hoi An,14,15.880642,108.349971,REGULAR,,"Phòng King với bữa sáng, xe đạp vàhồ bơi miễn phí.",private_room,True,True,False,,/ đêm,2.0,True,,,,True,True,True,,False,"4,96",28,True,True,True,,,False,3,508.542,₫508.542,,,,,,,,,,,,True,,,,,,,,,,,,,
862518623687021806,https://www.airbnb.com.vn/rooms/862518623687021806,Ngũ Hành Sơn,14,16.048735,108.2341524,REPRESENTATIVE,,1Bedroom Riverside&Balcony facing to Han River,private_room,True,True,False,,/ đêm,2.0,,,True,True,True,True,True,,,,1,,True,,,,,2,,,,True,,,True,,,,,,False,,True,,,,,,,,,,,,
5621348,https://www.airbnb.com.vn/rooms/5621348,tp. Hội An,26,15.87653,108.37126,REGULAR,,"Phòng đôi sang trọng với ban công, hồ nước, hồ bơi",private_room,,,False,,/ đêm,2.0,,True,,True,True,True,True,,,"4,73",33,True,True,True,,,,,481.803,₫481.803,True,,,,,,,,,,,True,,,,,,,,,,,,,
584452454714303712,https://www.airbnb.com.vn/rooms/584452454714303712,Thành phố Hội An,24,15.90919,108.34395,REGULAR,,Beach Resort*City View*An Bang Beach,private_room,,,False,,/ đêm,3.0,,,,,True,,True,True,False,"4,75",8,True,True,True,,True,,,942.000,₫942.000,,,,,,,,,,,,,,,,,,,,,,,,,
867726809931110883,https://www.airbnb.com.vn/rooms/867726809931110883,Thành phố Hội An,7,15.913764300450996,108.34030036088257,REGULAR,,Private Room 2Pax Near The Beach,private_room,False,True,False,,/ đêm,2.0,,,,True,True,True,True,True,False,,1,True,True,,,,,6,510.841,₫510.841,True,,,,,,,,,,False,,,,,,,,,,,,,,
38180543,https://www.airbnb.com.vn/rooms/38180543,Sơn Trà,17,16.05686378479004,108.24430084228516,REGULAR,,"Đi bộ đến bãi biển Mỹ Khê, sáng sủa và yên bình",private_room,True,True,False,,/ đêm,2.0,True,,,True,True,True,True,,False,"4,94",53,,True,True,,,,4,431.365,₫431.365,,,,,True,,,,,,,,True,,,,,,,,,,,,
720664487971752624,https://www.airbnb.com.vn/rooms/720664487971752624,Thành phố Hội An,23,15.882471210150205,108.33376495706209,REGULAR,,SEMI-ClASSiCAl 2BR Apt w/ROOfTOP Pool Near OldTown,private_room,,,False,,/ đêm,4.0,,True,,True,True,True,True,True,False,"4,71",7,True,,,,,False,,935.706,₫935.706,,,,,,,,,True,,,,,,,,,,,,,,,,
41310343,https://www.airbnb.com.vn/rooms/41310343,Da Nang,10,16.05022,108.24633,REGULAR,,"SH42❤️NY phòng phong cách trên tầng 4, 150 m ra bãi biển✅",private_room,,,False,,/ đêm,2.0,,,,,True,,True,,False,"4,87",79,,True,True,True,True,False,,369.362,₫369.362,,,,,,,,,,,,,,,,,True,,,,,,True,,
887343881858924346,https://www.airbnb.com.vn/rooms/887343881858924346,Thành phố Hội An,30,15.88007,108.30344,REGULAR,,[40% OFF for MAY] Full house with private pool,entire_home,,,False,,/ đêm,10.0,,,True,True,True,True,True,,False,,,True,,,,,False,,,,,,,True,,,,,,True,,,,,,,,,,,,,,,
20892872,https://www.airbnb.com.vn/rooms/20892872,Thành phố Hội An,30,15.89708,108.35922,REGULAR,,Nhà De Vong  Riverside,entire_home,,,False,,/ đêm,6.0,,True,True,True,True,True,True,,False,"4,95",80,,,,,,False,,1.049,₫1.049.826,True,,,True,,,,,,,,,,,,,,,,,,,,,
41157669,https://www.airbnb.com.vn/rooms/41157669,Thành phố Hội An,21,15.885706542569165,108.33160557213185,REGULAR,,tue tam garden villa Hội chủ sở hữu hồ bơi miễn phí xe đạp miễn phí,private_room,,,False,,/ đêm,2.0,,True,,True,True,True,True,,,"5,0",9,True,,,,,,,401.503,₫401.503,True,,,True,,,,,True,True,,,,,,,,,,,,,,,
35566924,https://www.airbnb.com.vn/rooms/35566924,Thành phố Hội An,26,15.883248377359555,108.35631830685426,REGULAR,,Bãi biển * Căn hộ yên tĩnh 2 phòng ngủ * Hội An #01,entire_home,,,False,,/ đêm,4.0,,True,,True,True,True,True,True,False,,,True,,,,,False,,1.465,₫1.465.394,True,,,,,,,,,,,,,,,,,,,,,,,,
868020580262298938,https://www.airbnb.com.vn/rooms/868020580262298938,Hội An,30,15.904832673962947,108.34806077407748,REGULAR,,New! Beach Bliss: 5-Min Walk to Beach!,entire_home,,,False,,/ đêm,10.0,,True,,True,True,True,True,True,False,"5,0",3,,,,,,False,,,,True,,,,,,,,,,,,,,,,,,,,,,,,
42817381,https://www.airbnb.com.vn/rooms/42817381,Thành phố Hội An,20,15.890395164489746,108.35202026367188,REGULAR,,Amazing Countryside View - Private Double Room,private_room,True,True,False,,/ đêm,2.0,True,True,,True,True,True,True,,False,"5,0",5,,,,,,False,3,479.294,₫479.294,True,,,,,,,,,True,,,,,,,,,,,,,,,
877052718931319405,https://www.airbnb.com.vn/rooms/877052718931319405,Ngũ Hành Sơn,11,16.037282008354705,108.24495635926723,REGULAR,,Cozy Glory Apartment(1 bedroom),entire_home,,,False,,/ đêm,2.0,,,,True,True,,True,True,False,,,,True,True,,,,,374.737,₫374.737,True,True,,,,,,,,,,True,,,,,,,,,,,,,
656317353036039566,https://www.airbnb.com.vn/rooms/656317353036039566,Thành phố Hội An,30,15.912111418870671,108.34286738187073,REGULAR,,Shadyside 3: Lost Beach House (nhà riêng),entire_home,,,False,,/ đêm,6.0,,True,True,True,True,True,True,,False,"4,85",13,,True,,,,,,1.739,₫1.739.765,True,,,True,,,,,,,,,,,,,,,,,,,,,
686394732891830711,https://www.airbnb.com.vn/rooms/686394732891830711,Thành phố Hội An,11,15.8751611,108.3255832,REGULAR,,Nhà Bống Homestay - Economy Double Room(2 people),private_room,,,False,,/ đêm,2.0,,,,True,True,True,True,True,False,"4,71",7,,True,,,,,,,,,True,,,True,,,,True,,,,,,,,,,,,,,,,
41987571,https://www.airbnb.com.vn/rooms/41987571,Thành phố Hội An,30,15.88205,108.3262,REGULAR,,Phòng Ban công cao cấp gần phố cổ Hội An,entire_home,,,False,,/ đêm,2.0,,,,True,True,True,True,True,False,"4,88",27,,,,,,False,,553.471,₫553.471,True,,,True,,,,,True,,,,,,,,,,,,,,,,
728502583826239557,https://www.airbnb.com.vn/rooms/728502583826239557,Thành phố Hội An,19,15.87904,108.33223,REGULAR,,Biệt thự Yến,private_room,False,True,False,,/ đêm,2.0,True,,,True,True,,True,True,False,"4,88",25,True,True,,,,False,5,602.541,₫602.541,,True,,,,,,,,,,,,,,,,,,,,,,,
877063553937562133,https://www.airbnb.com.vn/rooms/877063553937562133,Ngũ Hành Sơn,11,16.03693,108.24462,REGULAR,,Cozy Glory Apartment (Studio),entire_home,,,False,,/ đêm,2.0,,,,True,True,,True,True,False,,,,True,True,,,,,347.948,₫347.948,True,True,,,,,,,,,,True,,,,,,,,,,,,,
569045569612213497,https://www.airbnb.com.vn/rooms/569045569612213497,Thành phố Hội An,22,15.90074,108.35565,REGULAR,,Hội An một biệt thự đại dương liền mạch,private_room,True,True,False,,/ đêm,2.0,True,,,True,True,True,True,True,False,"4,95",19,,True,True,,,,4,593.412,₫593.412,True,,,,,,,,,,,,,,,,,,,,,,,,
31577286,https://www.airbnb.com.vn/rooms/31577286,Điện Bàn,26,15.9286,108.31617,REGULAR,,Phòng XA ấm cúng,private_room,,,False,,/ đêm,2.0,,,,True,True,,True,,False,"4,5",12,,,True,,True,False,,433.647,₫433.647,,,,True,,,,,,,,,,True,,,,,,True,,,,,
856144332481461687,https://www.airbnb.com.vn/rooms/856144332481461687,Ngũ Hành Sơn,11,16.01451819222682,108.26293253701782,REGULAR,,1B Nhìn ra biển tại Hyatt Resort,entire_home,,,False,,/ đêm,3.0,,True,,True,True,True,True,,False,"5,0",3,True,,,,,,,3.081,₫3.081.178,True,,,,,,,,,,,,,,True,,,,,,,,,,
41135252,https://www.airbnb.com.vn/rooms/41135252,Thành phố Hội An,14,15.89037,108.32225,REGULAR,,Phòng hạnh phúc,private_room,,,False,,/ đêm,2.0,,,,True,True,,,,False,"5,0",11,,True,True,True,True,,,479.294,₫479.294,,,,,,,,,,,,,,,,,True,,,,True,,,,
820674519056107556,https://www.airbnb.com.vn/rooms/820674519056107556,Thành phố Hội An,7,15.914823,108.3347738,REGULAR,,Happy nest by PAO HOMES- 1min walking to the beach,entire_home,,,False,,/ đêm,2.0,,True,,True,True,True,True,,False,,,,,True,True,,False,,1.338,₫1.338.278,True,,,,,,,,,,,,,,,,,,,,,,,,
19485848,https://www.airbnb.com.vn/rooms/19485848,Thành phố Hội An,30,15.88328,108.34824,REGULAR,,BIỆT THỰ BOUTIQUE HÌNH CÂY,hotel_room,,,False,,/ đêm,16.0,,,,,True,True,True,,False,"4,83",92,True,True,,,,False,,,,,True,,True,,,,,,True,,,,,,,,,,,,,,,
46494617,https://www.airbnb.com.vn/rooms/46494617,Phước Sơn,26,15.44201,107.79294,REPRESENTATIVE,,Phòng ấm cúng và tiết kiệm hoàn hảo tại khách sạn Châu Giang,private_room,,,False,,/ đêm,2.0,,,,,True,,True,,False,,,,True,True,,True,False,,,,,,,,,,,,,,,,,,,,True,,,,,,,,
879277704115076602,https://www.airbnb.com.vn/rooms/879277704115076602,Thành phố Hội An,30,15.88727122500004,108.37906615250023,REGULAR,,Villa rooms-breakfast-beach 200m,private_room,,,False,,/ đêm,2.0,,True,,True,True,True,True,True,False,,,True,,,,,,,,,True,,,,,,,,,,,,,,,,,,,,,,,,
872348627195605090,https://www.airbnb.com.vn/rooms/872348627195605090,Thành phố Hội An,29,15.8827542,108.3504292,REGULAR,,Twin/ Dbl Room W Breakfast- Hoi An Heart Villa,private_room,False,True,False,,/ đêm,2.0,True,,,,True,True,True,True,,,,True,True,True,,,,,,,,,True,,,,,,,,,,,,,,,True,,,,,,,
651963502716000069,https://www.airbnb.com.vn/rooms/651963502716000069,Ngũ Hành Sơn,17,16.04926,108.24823,REGULAR,,"Tầm nhìn ra biển, 1 phút đi bộ là tới bãi biển Mỹ Khê",private_room,,,False,,/ đêm,2.0,,,,,True,True,True,True,False,"4,7",10,,True,True,,,,,492.000,₫492.000,True,,,,,,,,,True,,True,,,,,,,,,,,,,
888688479346722954,https://www.airbnb.com.vn/rooms/888688479346722954,Thành phố Hội An,20,15.906742221125223,108.34074978459473,REGULAR,,Daisy 7BRs w Amazing pool - 7 min to An Bang Beach,entire_home,,,False,,/ đêm,16.0,,,,True,True,True,True,True,False,,,True,,,,,False,,,,True,,,True,,,,,,,,,,,,,,,,,,,,,
850970316179701970,https://www.airbnb.com.vn/rooms/850970316179701970,Thành phố Tam Kỳ,14,15.60383,108.54425,REGULAR,,JJ Beach Front Villa I,entire_home,,,False,,/ đêm,6.0,,True,,True,True,True,True,True,False,,,,,,,,False,,,,True,True,,,,,,,,,,,,,,,,,,,,,,,
31635636,https://www.airbnb.com.vn/rooms/31635636,Thành phố Hội An,18,15.87536,108.32493,REGULAR,,Phòng Deluxe có Ban công - 5 phút đi bộ đến Thị trấn Hội An,private_room,True,True,False,,/ đêm,2.0,True,,,,True,True,True,,False,"4,9",112,,True,True,True,,False,4,559.177,₫559.177,,,,,,,,,,,,True,,,,,,,,,,,,,
39791136,https://www.airbnb.com.vn/rooms/39791136,Thành phố Hội An,14,15.88095,108.32752,REGULAR,,Phòng Superior - Gần phố cổ Hội An,private_room,True,False,False,,/ đêm,2.0,True,,,,True,,,,False,"4,82",51,,True,True,True,True,False,4,429.200,₫429.200,,,,,,,,,,,,,,,,,True,,,True,,,,,
40290576,https://www.airbnb.com.vn/rooms/40290576,Ngũ Hành Sơn,18,16.05319,108.24593,REPRESENTATIVE,,Luxury Suite 1 phút ra bãi biển/Family Luxury Suite - 1 phút ra bãi biển,entire_home,,,False,,/ đêm,4.0,,,,True,True,True,True,,False,"4,86",44,,True,True,,,,,719.200,₫719.200,,True,,,True,,,,,,,,True,,,,,,,,,,,,
32413471,https://www.airbnb.com.vn/rooms/32413471,Thành phố Hội An,30,15.90492,108.34686,REGULAR,,"Phòng sang trọng,villa Hội An,view sông,ban công",hotel_room,,,False,,/ đêm,2.0,,,,,True,True,True,,,"4,7",20,True,True,True,,,,,349.363,₫349.363,,True,,,True,,,,,True,,True,,,,,,,,,,,,,
39162831,https://www.airbnb.com.vn/rooms/39162831,Sơn Trà,17,16.05989,108.24576,REGULAR,,"New, Quite, Spacious Studio ,1 phút đi bộ đến bãi biển",private_room,,,False,,/ đêm,2.0,,,,True,True,,True,,,,,,True,True,True,True,,,541.284,₫541.284,True,True,,,,,,,,,,,True,,,,,,,,,,,,
30188331,https://www.airbnb.com.vn/rooms/30188331,Thành phố Hội An,30,15.87962,108.32009,REGULAR,,"Gần khu phố cổ, Phòng 3 người, Đã bao gồm bữa sáng",private_room,,,False,,/ đêm,3.0,,True,,True,True,True,True,True,,"4,75",4,True,True,True,,,,,,,,,,,,,,,,True,,,,,,,,,,,,,,,
705618337816816449,https://www.airbnb.com.vn/rooms/705618337816816449,Thành phố Hội An,30,15.891841186202576,108.37257525874861,REGULAR,,Đóng Sông/Đóng Bãi biển/Cũi/Hố lửa/Hồ bơi riêng,entire_home,,,False,,/ đêm,15.0,,True,True,True,True,True,True,True,,"4,95",42,True,,,,,,,,,True,,,,,,,,,True,,,,,,,,,,,,,,,
889738705451949911,https://www.airbnb.com.vn/rooms/889738705451949911,Thành phố Hội An,8,15.8873054,108.326331,REGULAR,,Twin room with swimming pool,private_room,,,False,,/ đêm,2.0,,,True,True,True,True,True,True,False,,,True,True,True,,,,,,,,,,,,,,,,,,,,,,,,,,,,,,,
23399725,https://www.airbnb.com.vn/rooms/23399725,,30,15.97445,108.2819,REGULAR,,Couple Retreat Studio @ 5* Resort,hotel_room,,,False,,/ đêm,3.0,,,,True,True,,True,,False,"4,75",4,True,True,True,,,,,1.338,₫1.338.270,,True,,,,,,,,,,True,True,,,,,,,,,,,,
13022479,https://www.airbnb.com.vn/rooms/13022479,Hội An,30,15.88287,108.35622,REGULAR,,"Nhà bếp chung 1 phòng ngủ, khung cảnh yên tĩnh ở Hội An 01",private_room,,,False,,/ đêm,2.0,,True,,True,True,True,True,True,False,"5,0",74,True,,,,,False,,,,True,,,,,,,,,,,,,,,,,,,,,,,,
809149313817697856,https://www.airbnb.com.vn/rooms/809149313817697856,Ngũ Hành Sơn,26,16.05497,108.23956,REGULAR,,B-Private duplex-bathtub - 5 phút đi bộ đến bãi biển,entire_home,,,False,,/ đêm,3.0,,,,True,True,True,True,True,False,"5,0",7,,,,,,False,,,,True,,,,,,,,True,,,,,,,,,,,,,,,,True
661934802715730325,https://www.airbnb.com.vn/rooms/661934802715730325,Ngũ Hành Sơn,13,16.04228,108.24737,REGULAR,,Căn hộ Studio đáng yêu gần biển Mỹ An,private_room,False,True,False,,/ đêm,2.0,True,,,True,True,True,True,True,,,1,,True,,,,,2,403.292,₫403.292,True,,,True,,,,,True,,,,,,,,,,,,,,,,
39009913,https://www.airbnb.com.vn/rooms/39009913,Thành phố Hội An,19,15.8808303,108.3554238,REGULAR,,Paddy Field View Room for Digital Nomad,private_room,False,True,False,,/ đêm,2.0,True,,,True,True,True,True,,False,,,,True,,,,False,,285.294,₫285.294,,,,True,,,,,,,,,True,,,,,,,,,,,,
39138997,https://www.airbnb.com.vn/rooms/39138997,Ngũ Hành Sơn,30,16.01302,108.26211,REGULAR,,2BR Ocean View tại tầng 4 tại Hyatt Residence A ❤,entire_home,,,False,,/ đêm,6.0,,,,True,True,,True,,,"5,0",20,True,True,True,,,,,4.165,₫4.165.296,True,,,,,,,,,True,,,True,,,,,,True,,,,,,
854693967121533023,https://www.airbnb.com.vn/rooms/854693967121533023,Mỹ An,12,16.049407779858196,108.24792976773684,REGULAR,,"Phòng có ban công, phố đi bộ, cách bãi tắm 150m",private_room,False,True,False,,/ đêm,2.0,True,,,True,True,,True,,False,"4,67",9,,True,,,,False,1,427.500,₫427.500,True,,,,,,,,True,,,,True,,,,,,,,,,,,
41551214,https://www.airbnb.com.vn/rooms/41551214,Thành phố Hội An,30,15.90092,108.35276,REGULAR,,"Hội An, 1BR với tầm nhìn ra sông, Brkfst Incl, 5' đến bãi biển",private_room,True,True,False,,/ đêm,2.0,True,,True,,True,True,True,,False,"4,73",22,,,,,,False,3,409.728,₫409.728,True,,,True,,,,,True,,,,,,,,,,,,,,,,
36021886,https://www.airbnb.com.vn/rooms/36021886,Hội An,11,15.88392,108.32533,REGULAR,,Phòng đôi có ban công - Sống cùng gia đình bản xứ Đào Tiến,private_room,True,True,False,,/ đêm,2.0,True,,,,True,,True,,False,"4,93",29,,True,True,True,True,False,6,,,,,,,,,,,,,,True,,,,,,,,,,,,,
861819266121019592,https://www.airbnb.com.vn/rooms/861819266121019592,Thành phố Hội An,19,15.8859328,108.3282693,REGULAR,,Gia đình Hội An bên hồ bơi toàn bộ tầng cho 7 người,entire_home,,,False,,/ đêm,7.0,,,,,True,True,True,,False,,,True,True,True,True,,False,,,,,,,,,,,,,,,,,,,,,,True,,,,,,
855570521157807292,https://www.airbnb.com.vn/rooms/855570521157807292,Sơn Trà,30,16.0581988,108.2439728,REGULAR,,NT Elegant House *3 phút đến biển Mỹ Khê *Điều hoà,entire_home,,,False,,/ đêm,4.0,,,,True,True,True,True,True,False,"5,0",11,,,,,,False,,,,True,,,True,,,,,True,,,,,,,,,,,,,,,,
675481737789734466,https://www.airbnb.com.vn/rooms/675481737789734466,Ngũ Hành Sơn,7,16.049800593697405,108.2458706527786,REPRESENTATIVE,,Căn hộ 1 phòng ngủ bên bờ biển/LIVIE An Thượng,entire_home,,,False,,/ đêm,2.0,,,,True,True,,True,True,False,"4,6",10,True,True,,,,,,917.999,₫917.999,True,,,True,,,,,,True,,,,,,,,,,,,,,,
32482423,https://www.airbnb.com.vn/rooms/32482423,Thành phố Hội An,30,15.90549,108.34652,REGULAR,,"Phòng sang trọng,villa biển Hội An,hồ bơi,ban công",private_room,,,False,,/ đêm,4.0,,,,,True,True,True,,,"4,95",20,True,True,True,,,,,403.569,₫403.569,,True,,,True,,,,,True,,True,,,,,,,,,,,,,
878645963948869993,https://www.airbnb.com.vn/rooms/878645963948869993,Ngũ Hành Sơn,23,16.0541,108.24731,REGULAR,,[Free Pickup]-Muong Thanh Sea View - My Khe Beach,entire_home,,,False,,/ đêm,5.0,,,,True,True,True,,,,"5,0",3,,True,True,,True,,,895.261,₫895.261,True,True,,,,,,,,,,,,,,,True,,,,,,,,
24358549,https://www.airbnb.com.vn/rooms/24358549,Mỹ An,17,16.048797607421875,108.24647521972656,REGULAR,,Hachi Home Cafe & Apartment ( căn hộ 202 ),entire_home,,,False,,/ đêm,3.0,,,,True,True,True,True,True,False,"4,43",7,,True,,,,,,433.647,₫433.647,True,True,,,,,,,,,,,True,,,,,,,,,,,,
14146590,https://www.airbnb.com.vn/rooms/14146590,Hội An,23,15.90696,108.34783,REGULAR,,Seaside An Bàng Homestay - Căn hộ cao cấp cạnh bãi biển,private_room,,,False,,/ đêm,2.0,,,,True,True,True,True,,False,"4,75",25,,True,True,,,False,,,,True,,,,,,,,,,,True,,,,,,,,,,,,,
41581723,https://www.airbnb.com.vn/rooms/41581723,Mỹ An,18,16.05053,108.24495,REGULAR,,Salito Homestay đi bộ ra bãi biển chỉ 2 phút,private_room,False,True,False,,/ đêm,2.0,True,,,True,True,True,True,,False,,1,,,True,,,False,5,,,True,True,,,,,,,,,,,,,,,,,,,,,,,
866907832981205834,https://www.airbnb.com.vn/rooms/866907832981205834,Thành phố Hội An,30,15.8873237,108.3321665,REGULAR,,double room with king bed,private_room,,,False,,/ đêm,2.0,,,,True,True,True,True,True,False,,,True,True,True,,,False,,,,,,,,,,,,,,,,,,,,,,,,,,,,
869836792595792827,https://www.airbnb.com.vn/rooms/869836792595792827,Thành phố Hội An,7,15.87923,108.33916,REGULAR,,Lover's Retreat Rosie Villa ( Rosie C),entire_home,,,False,,/ đêm,2.0,,True,True,True,True,True,True,True,False,,,True,,,,,False,,1.882,₫1.882.942,,,,,,,,,,,,,,,,,,,,,,,,,
39437023,https://www.airbnb.com.vn/rooms/39437023,Ngũ Hành Sơn,10,16.04655,108.23739,REGULAR,,Căn hộ - ban công nhìn ra thành phố - ngôi nhà thông minh 34,entire_home,,,False,,/ đêm,2.0,,,,True,True,True,True,True,False,,,,True,,,,,,362.565,₫362.565,,True,,,,,,,True,,,,True,,,,,,,,,,,,
40271468,https://www.airbnb.com.vn/rooms/40271468,Ngũ Hành Sơn,19,16.05319,108.24593,REPRESENTATIVE,,ModernLuxury Studio cách bãi biển 1 phút,entire_home,,,False,,/ đêm,2.0,,,,True,True,True,True,,False,"4,9",348,,True,True,,,,,556.800,₫556.800,,True,,,True,,,,,,,,True,,,,,,,,,,,,
717027840587270501,https://www.airbnb.com.vn/rooms/717027840587270501,Thành phố Hội An,30,15.88163,108.32387,REGULAR,,Ninh Ninhs Garten,entire_home,,,False,,/ đêm,8.0,,True,,True,True,True,True,True,False,"4,75",12,,,,,,False,,1.711,₫1.711.766,True,,,,,,,,,,,,,,,,,,,,,,,,
31365688,https://www.airbnb.com.vn/rooms/31365688,Ngũ Hành Sơn,12,16.04689,108.23692,REGULAR,,Căn hộ - Ban công - quang cảnh thành phố - nhà thông minh 22,entire_home,,,False,,/ đêm,2.0,,,True,True,True,,True,True,False,"4,86",42,,True,True,,,,,362.565,₫362.565,,True,,,,,,,,,,,True,,,,,,,,,,,,
21519631,https://www.airbnb.com.vn/rooms/21519631,,30,15.88661,108.35726,REGULAR,,KHUYẾN MÃI LỚN! Nhà nghỉ thôn dã ven sông với khu vườn nhiệt đới,entire_home,,,False,,/ đêm,2.0,,True,True,True,True,True,True,,False,"5,0",24,,,True,,,False,,,,True,,,,,,,,,,,,,,,,,,,,,,,,
