room_id,url,rating,city,contextualPicturesCount,lat,long,listingObjType,pdpUrlType,name,roomTypeCategory,reviewCount,canInstantBook,weeklyPriceFactor,structuredStayDisplayPrice,maxGuestCapacity,SYSTEM_VIEW_OCEAN,SYSTEM_BEACH,SYSTEM_COOKING_BASICS,SYSTEM_WI_FI,SYSTEM_WORKSPACE,SYSTEM_MAPS_CAR_RENTAL,SYSTEM_POOL,SYSTEM_TV,SYSTEM_NO_DETECTOR_CO2,SYSTEM_ELEVATOR,SYSTEM_WASHER,SYSTEM_SNOWFLAKE,SYSTEM_PATIO_BALCONY,price,price_full,SYSTEM_PETS,SYSTEM_FIREPIT,isSuperHost,isVerified,SYSTEM_LOCK_ON_DOOR,SYSTEM_NO_DETECTOR_SMOKE,SYSTEM_VIEW_CITY,SYSTEM_FLOWER,yearHosting,SYSTEM_DRYER,SYSTEM_JACUZZI,SYSTEM_NO_LOCK_ON_DOOR,SYSTEM_SURVEILLANCE,SYSTEM_HAIRDRYER,SYSTEM_REFRIGERATOR,SYSTEM_VIEW_MOUNTAIN,SYSTEM_TOYS,SYSTEM_BREAKFAST,SYSTEM_SMOKING_ALLOWED,SYSTEM_LUGGAGE_DROP,SYSTEM_MAPS_RESORT,SYSTEM_EV_CHARGER,SYSTEM_BOAT_SAIL,SYSTEM_FIREPLACE,SYSTEM_CALENDAR,SYSTEM_HIGH_CHAIR,SYSTEM_SKI,SYSTEM_GYM,SYSTEM_MICROWAVE
625011935264035999,https://www.airbnb.com.vn/rooms/625011935264035999,"4,97",ThÃ nh phá»‘ Háº¡ Long,23,20.959726,107.008675,REGULAR,,CÄƒn há»™  Greenbay Garden- ToÃ  A 707,entire_home,30,False,,/ Ä‘Ãªm,2.0,True,True,True,True,True,True,True,True,False,,,,,,,,,,,,,,,,,,,,,,,,,,,,,,,,,,,
43155066,https://www.airbnb.com.vn/rooms/43155066,"4,83",ThÃ nh phá»‘ Háº¡ Long,30,20.96063,107.00836,REGULAR,,PhÃ²ng táº­p áº¥m cÃºng aptâ¤Greenbay Garden view â¤seaâ¤ gym&pool,entire_home,48,False,,/ Ä‘Ãªm,3.0,,True,True,True,True,,True,True,,True,True,True,True,,,,,,,,,,,,,,,,,,,,,,,,,,,,,,,
880974780222731226,https://www.airbnb.com.vn/rooms/880974780222731226,,ThÃ nh phá»‘ Háº¡ Long,21,20.97176,107.01646,REGULAR,,CÄƒn há»™ 2308 ToÃ  A greenbay garden,entire_home,,False,,/ Ä‘Ãªm,2.0,True,True,True,True,True,True,True,True,False,,,,,422.235,â‚«422.235,True,,,,,,,,,,,,,,,,,,,,,,,,,,,,
883765589019332011,https://www.airbnb.com.vn/rooms/883765589019332011,,ThÃ nh phá»‘ Háº¡ Long,30,20.956263866462077,107.00447056442499,REGULAR,,Halong And Me Deluxe Stay,private_room,,False,,/ Ä‘Ãªm,6.0,,True,True,True,True,True,,True,False,,True,True,,,,,True,,,,,,,,,,,,,,,,,,,,,,,,,,,
874445693790678735,https://www.airbnb.com.vn/rooms/874445693790678735,,Há»“ng BÃ ng,11,20.865135979254607,106.6731121391058,REGULAR,,Central Single Bed,private_room,,False,,/ Ä‘Ãªm,2.0,,,,True,True,True,,,False,,,True,,268.177,â‚«268.177,,,False,True,True,False,,,,,,,,,,,,,,,,,,,,,,,
604970307762418068,https://www.airbnb.com.vn/rooms/604970307762418068,"4,88",ThÃ nh phá»‘ Háº¡ Long,26,20.95852,107.00686,REGULAR,,TÃ¹ng Minh Homestay Háº¡ Long,entire_home,8,False,,/ Ä‘Ãªm,3.0,True,True,True,True,,True,True,True,False,True,,,,,,,,,,,,True,,,,,,,,,,,,,,,,,,,,,,
877061058396844670,https://www.airbnb.com.vn/rooms/877061058396844670,,ThÃ nh phá»‘ Háº¡ Long,15,20.95462,107.00331,REGULAR,,Halong And Me Ancient Town View,private_room,,False,,/ Ä‘Ãªm,3.0,,True,True,True,True,True,,,False,,True,True,,,,,,False,True,True,False,,,,,,,,,,,,,,,,,,,,,,,
52144321,https://www.airbnb.com.vn/rooms/52144321,"4,75",ThÃ nh phá»‘ Háº¡ Long,18,20.9608,107.00732,REGULAR,,CÄƒn há»™ 1BR vá»›i ban cÃ´ng vÃ  táº§m nhÃ¬n ra biá»ƒn - Greenbay Garden,entire_home,28,False,,/ Ä‘Ãªm,3.0,,,True,True,True,,True,True,,True,True,True,True,,,,,,,,,,True,,,,,,,,,,,,,,,,,,,,,
764792211968108791,https://www.airbnb.com.vn/rooms/764792211968108791,"5,0",CÃ¡t BÃ ,30,20.73089,107.050934,REGULAR,,-30% Big Vnese breakfast-Join cooking with host.,private_room,10,False,,/ Ä‘Ãªm,2.0,,True,True,True,True,True,,,False,,True,,,363.935,â‚«363.935,,,False,True,True,,True,,2,True,,,,,,,,,,,,,,,,,,,
872783277087143270,https://www.airbnb.com.vn/rooms/872783277087143270,,Há»“ng BÃ ng,15,20.86385,106.67242,REGULAR,,Central cozy Exclusive room,private_room,1,False,,/ Ä‘Ãªm,2.0,,,True,True,True,True,,True,False,,True,,,,,,,False,True,,False,,,,,True,False,,,,,,,,,,,,,,,,,
891901613128371597,https://www.airbnb.com.vn/rooms/891901613128371597,,CÃ¡t Háº£i,23,20.75156,106.99823,REGULAR,,Bed in dormitory-CatBa SOL Beach,shared_room,,False,,/ Ä‘Ãªm,16.0,,True,,True,True,True,True,,False,,,True,,,,,,,,,False,,,,True,,,True,,,,,,,,,,,,,,,,
874094016329313082,https://www.airbnb.com.vn/rooms/874094016329313082,,Háº¡ Long,15,20.95677,107.00337,REGULAR,,Halong And Me Happy Corner,private_room,,False,,/ Ä‘Ãªm,3.0,,True,True,True,True,True,,True,False,,True,,,,,,,False,True,True,False,,,,,,,,,,,,,,,,,,,,,,,
867681223105404001,https://www.airbnb.com.vn/rooms/867681223105404001,,ThÃ nh phá»‘ Háº¡ Long,22,20.95043509765661,107.07888074219227,REGULAR,,T5 Vá»‹ trÃ­ trung tÃ¢m Ä‘á»§ tiá»‡n Ã­ch,private_room,,False,,/ Ä‘Ãªm,3.0,,,True,True,,,,,False,,True,True,True,,,,,,,,False,,,,,,,True,True,True,,,,,,,,,,,,,,
794006918111373560,https://www.airbnb.com.vn/rooms/794006918111373560,"5,0",ThÃ nh phá»‘ Háº¡ Long,28,20.95821,107.00641,REGULAR,,Green Háº¡ Long Homestay,entire_home,6,False,,/ Ä‘Ãªm,4.0,True,True,True,True,True,True,True,True,False,True,,,,456.471,â‚«456.471,,,,,,,,,,,,,,,,,,,,,,,,,,,,,
878696428197632765,https://www.airbnb.com.vn/rooms/878696428197632765,"5,0",Há»“ng BÃ ng,10,20.863931028858385,106.65939196944238,REGULAR,,Cosy private room on high floor,private_room,3,False,,/ Ä‘Ãªm,2.0,True,,,True,,True,,True,False,,,True,True,456.471,â‚«456.471,,,False,True,True,,True,,6,,,,,True,,,,,,,,,,,,,,,
836667692777296508,https://www.airbnb.com.vn/rooms/836667692777296508,"4,0",ThÃ nh phá»‘ Háº¡ Long,15,20.96019225971029,107.00811333954334,REGULAR,,"1 phÃ²ng ngá»§ , táº§m nhÃ¬n ra biá»ƒn Háº¡ Long",entire_home,4,False,,/ Ä‘Ãªm,4.0,,,True,True,,True,True,True,False,True,True,True,,,,,,,,,,,,,,,,,True,,,,,,,,,,,,,,,
688275793706514315,https://www.airbnb.com.vn/rooms/688275793706514315,"4,87",ThÃ nh phá»‘ Háº¡ Long,21,20.958513151728248,107.05127108842134,REGULAR,,"NhÃ  táº¡o máº«u phÃ²ng riÃªng, phÃ²ng sáº¡ch sáº½ vÃ  giÃ¡ ráº», ngáº«u nhiÃªn",private_room,31,False,,/ Ä‘Ãªm,2.0,,,True,True,,,,True,False,,,True,,342.353,â‚«342.353,True,,,,,False,,,,,,,,True,,,,,,,,,,,,,,,
769274508062906305,https://www.airbnb.com.vn/rooms/769274508062906305,"4,86",CÃ¡t Háº£i,11,20.724482,107.053356,REGULAR,,Bancony hÆ°Æ¡ng cÃ  phÃª vÃ  bá»¯a sÃ¡ng,private_room,7,False,,/ Ä‘Ãªm,2.0,,,,True,True,True,,True,False,,True,True,True,,,,,,,,,,,,,,,,,,True,True,,,,,,,,,,,,
41480047,https://www.airbnb.com.vn/rooms/41480047,"4,76",Lan Ha Bay,30,20.77252,107.05245,REGULAR,,"9. InnerX-Stay, Ha Long Floating Homestay",private_room,34,False,,/ Ä‘Ãªm,2.0,True,,,,,,,,False,,,,True,428.233,â‚«428.233,,,False,True,,False,,,5,,,False,,,True,True,,True,True,,,,,,,,,,
874437361328119566,https://www.airbnb.com.vn/rooms/874437361328119566,,Há»“ng BÃ ng,8,20.8648763,106.6731829,REGULAR,,Cozy central Flex room 3,private_room,,False,,/ Ä‘Ãªm,2.0,,,,True,True,True,,True,False,,,True,,,,,,False,True,True,False,,,,,,,,,,,,,,,,,,,,,,,
704195690168297633,https://www.airbnb.com.vn/rooms/704195690168297633,"4,88",ThÃ nh phá»‘ Háº¡ Long,21,20.95955,107.05062,REGULAR,,"PhÃ²ng Ä‘áº¹p, sáº¡ch sáº½ á»Ÿ trung tÃ¢m Háº¡ Long (phÃ²ng ngáº«u nhiÃªn)",private_room,16,False,,/ Ä‘Ãªm,2.0,,,True,True,,,,True,False,,,True,,301.367,â‚«301.367,True,,,,,False,,,,,,,,True,,,,,,,,,,,,,,,
838972876461893104,https://www.airbnb.com.vn/rooms/838972876461893104,"5,0",CÃ¡t Háº£i,30,20.730898829653373,107.0511332899332,REGULAR,,-30% Stay with Vnese family-Big Vnese breakfast,private_room,6,False,,/ Ä‘Ãªm,2.0,,True,True,True,True,,,,False,,True,,,430.091,â‚«430.091,,,False,True,True,False,True,,2,True,,,,,,,,,,,,,,,,,,,
861275879144545110,https://www.airbnb.com.vn/rooms/861275879144545110,,TrÃ¢n ChÃ¢u,23,20.76745269270024,107.02149107625733,REGULAR,,Cat Ba Countryside Homestay 2,private_room,,False,,/ Ä‘Ãªm,4.0,,,,True,,True,True,,False,,,True,True,,,,,False,True,True,False,,,,,,,True,True,,,,,,,,,,,,,,,
877943157353982960,https://www.airbnb.com.vn/rooms/877943157353982960,,ThÃ nh phá»‘ Háº¡ Long,10,20.96114,107.00795,REGULAR,,CÄƒn Há»™ 1 Ngá»§ view biá»ƒn Háº¡ Long,entire_home,,False,,/ Ä‘Ãªm,2.0,,True,True,True,True,True,,True,False,,True,,,,,,,,,,False,,,,,,,True,,,,,,,,,,,,,,,,
887280582542615674,https://www.airbnb.com.vn/rooms/887280582542615674,,CÃ¡t Háº£i,30,20.73463,107.04617,REGULAR,,Hungsen Homestay,entire_home,,False,,/ Ä‘Ãªm,16.0,,,True,True,True,True,,True,False,,True,,,,,True,,,,,False,,,,,,,True,,,,,,,,,,,,,,,,
659857259060016524,https://www.airbnb.com.vn/rooms/659857259060016524,,Háº¡ Long,9,20.96338,107.04901,REGULAR,,PhÃ²ng Homestay gáº§n cÃ´ng viÃªn Sun,private_room,,False,,/ Ä‘Ãªm,3.0,,,True,True,True,True,,,False,,True,True,,,,,,,,,False,,,,,,,True,,,,,,,,,,,,,,,,
856199359620528461,https://www.airbnb.com.vn/rooms/856199359620528461,,ThÃ nh phá»‘ Háº¡ Long,17,20.9503804,107.0788939,REGULAR,,T4 Vá»‹ trÃ­ trung tÃ¢m Ä‘á»§ tiá»‡n Ã­ch,private_room,,False,,/ Ä‘Ãªm,3.0,,True,True,True,,True,,,False,,True,True,,445.919,â‚«445.919,,,,,,False,,,,,,,True,,,True,,,,,,,,,,,,,
40386970,https://www.airbnb.com.vn/rooms/40386970,"4,88",CÃ¡t Háº£i,30,20.72439,107.05244,REPRESENTATIVE,,CÃ¡t BÃ  Green ğŸ Hotel A Family-run Hotel ğŸ’›ğŸŒ·,private_room,64,False,,/ Ä‘Ãªm,2.0,,,,True,True,True,,True,False,True,True,True,,450.000,â‚«450.000,,,,,,,,,,,,,True,,,,,,,True,,,,,,,,,
621402433189356015,https://www.airbnb.com.vn/rooms/621402433189356015,"5,0",ThÃ nh phá»‘ Háº¡ Long,8,20.94556962912558,107.03603385338997,REGULAR,,SAMATHA HOTEL BAI CHAY- DELUXE PHÃ’NG ÄÃ”I,private_room,3,False,,/ Ä‘Ãªm,2.0,,True,,True,True,True,,True,,,,True,,,,,,False,True,True,,,,11,,,,True,,,,,,,,True,True,,,,,,,
877808670926560599,https://www.airbnb.com.vn/rooms/877808670926560599,,ThÃ nh phá»‘ Háº¡ Long,16,20.952521350253903,107.08045000883845,REGULAR,,Orion Hotel Halong,private_room,,False,,/ Ä‘Ãªm,16.0,,,,True,True,True,,True,,True,,True,True,,,True,,,,,,,,,,,,True,,,,,,,True,,,,,,,,,
848140337261615281,https://www.airbnb.com.vn/rooms/848140337261615281,,ThÃ nh phá»‘ Háº¡ Long,13,20.9614104,107.0084906,REGULAR,,-15% Studio with amazing views of Cua Luc Gulf,entire_home,,False,,/ Ä‘Ãªm,3.0,,True,True,True,,True,,True,False,True,,,,407.628,â‚«407.628,True,,,,,,,,,,,,,,,,,,,,True,,True,,,,,,
867843119721551787,https://www.airbnb.com.vn/rooms/867843119721551787,,NgÃ´ Quyá»n,12,20.85503,106.69233,REGULAR,,Modern house sprinkled with charm,private_room,,False,,/ Ä‘Ãªm,2.0,,,True,True,,True,,,False,,True,True,,,,,,False,True,,False,,,,,,False,,,,,,,,,,,,,,,,,
45765088,https://www.airbnb.com.vn/rooms/45765088,"4,76",ThÃ nh phá»‘ Háº¡ Long,23,20.95548,107.02353,REGULAR,,â™¥ PhÃ²ng ngá»§ Ä‘áº¹p â™¥ Äi bá»™ má»i nÆ¡i! â™¥,private_room,33,False,,/ Ä‘Ãªm,3.0,,,True,True,,True,,True,False,,True,True,,458.349,â‚«458.349,,,,,,False,True,,,,,,,True,,,,,,,,,,,,,,,
41249002,https://www.airbnb.com.vn/rooms/41249002,,,9,20.750492744736707,106.99589654803276,REGULAR,,Homestay má»™c máº¡c - phÃ²ng Ä‘Ã´i vá»›i phÃ²ng táº¯m riÃªng,private_room,,False,,/ Ä‘Ãªm,2.0,,,True,True,,True,,,False,,,True,,456.471,â‚«456.471,,True,False,False,True,False,,,,,,,True,,True,,,,,,,,,,,,,,
681005607431395780,https://www.airbnb.com.vn/rooms/681005607431395780,,TrÃ¢n ChÃ¢u,7,20.769714396250126,107.02152815654705,REGULAR,,Cat ba park homestay - single room 2,private_room,,False,,/ Ä‘Ãªm,2.0,True,,True,True,True,True,,,False,,,,,342.353,â‚«342.353,,,,,,False,,True,,,,,True,,,,,,,,,,,,,,,,
46072301,https://www.airbnb.com.vn/rooms/46072301,"4,83",ThÃ nh phá»‘ Háº¡ Long,25,20.95397,107.02518,REGULAR,,PhÃ²ng ngá»§ Queenâ˜… thoáº£i mÃ¡i phong cÃ¡ch ÄÃ´ng DÆ°Æ¡ngâ˜… Trung tÃ¢m HL,private_room,12,False,,/ Ä‘Ãªm,2.0,,,True,True,True,True,,True,False,,True,True,,378.041,â‚«378.041,,,,,,False,True,,,,,,,,,,,,,,,,,,,,,,
872887472151575694,https://www.airbnb.com.vn/rooms/872887472151575694,,Há»“ng BÃ ng,10,20.86525,106.67248,REGULAR,,Cozy central Flex room 2,private_room,2,False,,/ Ä‘Ãªm,2.0,,,True,True,,True,,True,False,,True,True,,278.242,â‚«278.242,,,False,True,,False,,,,,,False,,,,,,,,,,,,,,,,,
40064777,https://www.airbnb.com.vn/rooms/40064777,"4,86",CÃ¡t Háº£i,30,20.76836,107.06597,REGULAR,,"6.InnerX-Stay, Ha Long Floating Homestay",private_room,87,False,,/ Ä‘Ãªm,2.0,,,,,,,,,False,,,,,428.233,â‚«428.233,,,,,,False,,,,,,,,,,,,True,True,,,,,,,,,,
883685685344995589,https://www.airbnb.com.vn/rooms/883685685344995589,,CÃ¡t Háº£i,30,20.73274,107.04507,REGULAR,,PhÃ²ng giÃ¡ ráº».Phá»¥c vá»¥ chu Ä‘Ã¡o,entire_home,,False,,/ Ä‘Ãªm,16.0,,,True,True,True,True,,True,False,,True,,,,,True,,,,,False,,,,,,,True,,,,,,,,,,,,,,,,
893370270891777636,https://www.airbnb.com.vn/rooms/893370270891777636,,ThÃ nh phá»‘ Háº¡ Long,11,20.96775,106.99264,REGULAR,,"Dorm 4 beds with terrace, 2km to beach & quiet",shared_room,,False,,/ Ä‘Ãªm,4.0,,,,True,,True,,,False,,True,True,True,,,,,,,,False,,,,True,,,,,,True,,,,,True,,,,,,,,
861279501044710852,https://www.airbnb.com.vn/rooms/861279501044710852,,TrÃ¢n ChÃ¢u,23,20.767532946711253,107.02153399160157,REGULAR,,Cat Ba Countryside Homestay for a Real Holiday,private_room,1,False,,/ Ä‘Ãªm,4.0,,,,True,,True,True,,False,,,True,True,364.720,â‚«364.720,,,False,True,True,False,,,5,,,,True,True,,,,,,,,,,,,,,,
34959497,https://www.airbnb.com.vn/rooms/34959497,,Quan Lan,9,20.8692,107.49379,REGULAR,,LiÃªn káº¿t sá»‘ng cÃ¹ng gia Ä‘Ã¬nh báº£n xá»© Quanlan ( Tráº£i nghiá»‡m  vá»›i gia Ä‘Ã¬nh Ä‘á»‹a phÆ°Æ¡ng,private_room,,False,,/ Ä‘Ãªm,16.0,,,True,True,,True,,,False,,,True,,268.177,â‚«268.177,,,False,False,,False,,,,,,False,,True,,,,,,,,,,,,,,,
715898880706275016,https://www.airbnb.com.vn/rooms/715898880706275016,"4,7",CÃ¡t Háº£i,9,20.724482,107.053356,REGULAR,,Coffee Scent deluxe vá»›i bá»¯a sÃ¡ng,private_room,10,False,,/ Ä‘Ãªm,2.0,,,,True,True,True,,True,False,,,True,True,,,,True,,,,,,,,,,,,,,True,,,,,,,,,,,,,
20274290,https://www.airbnb.com.vn/rooms/20274290,"4,69",tt. CÃ¡t BÃ ,8,20.73413,107.04571,REGULAR,,"Sá»Ÿ há»¯u má»™t ngÃ´i nhÃ , bao gá»“m Ä‘iá»u hÃ²a, WIFI miá»…n phÃ­",entire_home,30,False,,/ Ä‘Ãªm,4.0,,,True,True,True,True,,True,False,,True,True,,342.353,â‚«342.353,True,,,,,,,,,True,,,,,,,,,,,,,,,,,,,
661321509020564007,https://www.airbnb.com.vn/rooms/661321509020564007,,Cáº©m Pháº£,14,21.0113744,107.2769837,REGULAR,,khÃ¡ch sáº¡n Ä‘áº§y Ä‘á»§ tiá»‡n Ã­ch tuyá»‡t vá»i vá»›i giÃ¡ ráº»,private_room,,False,,/ Ä‘Ãªm,4.0,,,,True,,True,,,False,,,True,,410.824,â‚«410.824,,,,,,,,,,,,,True,,,,,,,,,,,,,,,,
622877354310542066,https://www.airbnb.com.vn/rooms/622877354310542066,,ThÃ nh phá»‘ Háº¡ Long,6,20.94535,107.03523,REGULAR,,KhÃ¡ch sáº¡n Maruko ngay trung tÃ¢m KDL Sun World,private_room,,False,,/ Ä‘Ãªm,2.0,,,True,True,True,True,,True,,,True,True,,399.412,â‚«399.412,,,,,,,,,,True,,,True,,,,,,,,,,,,,,,,
609019411417091116,https://www.airbnb.com.vn/rooms/609019411417091116,,Cat Ba,8,20.71531,107.06457,REGULAR,,"KhÃ¡ch sáº¡n giÃ¡ ráº» Coffee Scent. 
02 giÆ°á»ng Queen",private_room,,False,,/ Ä‘Ãªm,2.0,,,,True,True,True,,True,False,,True,True,True,342.353,â‚«342.353,,,,,,,,,,,,,True,,,True,,,,,,,,,,,,,
30514217,https://www.airbnb.com.vn/rooms/30514217,"4,36",CÃ¡t Háº£i,30,20.73696,107.04256,REGULAR,,Cabin trÃªn Ä‘á»‰nh nÃºi M2,private_room,89,False,,/ Ä‘Ãªm,2.0,True,,,True,,True,True,,False,,,True,,,,True,,False,True,True,False,True,,7,,,,,,,,,,,,,,,,,,,,
572672574025788221,https://www.airbnb.com.vn/rooms/572672574025788221,"4,43",CÃ¡t Háº£i,13,20.73911,107.03258,REGULAR,,Cabin trÃªn cÃ¹ng Moutain M5,private_room,14,False,,/ Ä‘Ãªm,2.0,True,,,True,,True,True,,False,,,,,,,,,False,True,True,False,,True,7,,,,True,,,,,,,,,,,,,,,,
39428399,https://www.airbnb.com.vn/rooms/39428399,,ThÃ nh phá»‘ Háº¡ Long,21,20.94889,107.09968,REGULAR,,Bá»¯a sÃ¡ng miá»…n phÃ­ - GiÆ°á»ng tuyá»‡t vá»i trong phÃ²ng kÃ½ tÃºc xÃ¡ 8 giÆ°á»ng,shared_room,,False,,/ Ä‘Ãªm,8.0,,,,True,,True,,,False,True,,True,,275.235,â‚«275.235,,,,,,False,,,,True,,,,,,,,,,,,,,,,,,,
31130642,https://www.airbnb.com.vn/rooms/31130642,"4,16",CÃ¡t Háº£i,14,20.73862,107.03225,REGULAR,,Cabin trÃªn Ä‘á»‰nh nÃºi M8,private_room,32,False,,/ Ä‘Ãªm,2.0,True,,,True,,True,True,,False,,,True,True,,,True,,False,True,,False,,,7,,,False,,,,,,,,,,,,,,,,,
873474283685353835,https://www.airbnb.com.vn/rooms/873474283685353835,,ThÃ nh phá»‘ Háº¡ Long,19,20.9553,107.00498,REGULAR,,May Corner Bancony Room 211,private_room,,False,,/ Ä‘Ãªm,3.0,True,True,True,True,True,True,,,False,,,,,,,,,False,True,True,False,,True,,,,,,,,,,,,,,,,,,,,,
883154854150171750,https://www.airbnb.com.vn/rooms/883154854150171750,,NgÃ´ Quyá»n,7,20.85649,106.69075,REGULAR,,Private relaxing room,private_room,,False,,/ Ä‘Ãªm,2.0,,,True,,,,,,False,,True,True,,,,,,False,True,True,False,,,,,,,,,,,,,,,,,,,,,,,
21555860,https://www.airbnb.com.vn/rooms/21555860,"5,0",Quáº£ng ninh,30,20.99958,107.80979,REGULAR,,QuÃª HÆ°Æ¡ng BÃªn Biá»ƒn Thanh Lan,private_room,9,False,,/ Ä‘Ãªm,14.0,,True,,,,,,,False,,,True,,440.689,â‚«440.689,,,False,False,,False,,,5,True,,False,,True,,,,,,True,,,,,,,,,
777028716155014220,https://www.airbnb.com.vn/rooms/777028716155014220,,CÃ¡t Háº£i,30,20.7255507,107.0480199,REGULAR,,KhÃ¡ch sáº¡n má»›i Cat Ba-Thao minh,private_room,,False,,/ Ä‘Ãªm,2.0,True,True,True,True,True,True,,True,,,,,,481.390,â‚«481.390,True,,,,,,,,,,,,True,,,,,,,,,,,,,,,,
872279379215375728,https://www.airbnb.com.vn/rooms/872279379215375728,,NgÃ´ Quyá»n,12,20.85682,106.68318,REGULAR,,Sunflower Homestay (NhÃ  sÃ n riÃªng biá»‡t),private_room,1,False,,/ Ä‘Ãªm,2.0,,,True,True,True,True,,True,False,,True,True,,,,,,False,True,True,,,,,True,,,,,,,,,,,,,,,,,,,
34285697,https://www.airbnb.com.vn/rooms/34285697,"4,86",CÃ¡t Háº£i,30,20.76924,107.06422,REGULAR,,"3.InnerX-Stay, Ha Long Floating Homestay",private_room,147,False,,/ Ä‘Ãªm,2.0,True,,,,,,,,False,,,,,428.233,â‚«428.233,True,,,,,False,,,,,,,,,,,,True,True,,,,,,,,,,
33232324,https://www.airbnb.com.vn/rooms/33232324,"4,85",CÃ¡t Háº£i,30,20.7571,107.05627,REGULAR,,"1. InnerX-Stay, Ha Long Floating Homestay",private_room,191,False,,/ Ä‘Ãªm,2.0,True,True,,,,,,,False,,,,True,428.233,â‚«428.233,True,,False,True,True,False,,,5,,,,,,True,,,True,,,,,,,,,,,
861271123177426403,https://www.airbnb.com.vn/rooms/861271123177426403,,TrÃ¢n ChÃ¢u,23,20.76729218455031,107.02127649953614,REGULAR,,Homestay nÃ´ng thÃ´n CÃ¡t BÃ  1,private_room,,False,,/ Ä‘Ãªm,4.0,,,,True,,True,True,,False,,,True,True,364.720,â‚«364.720,,,False,True,True,False,,,,,,,True,True,,,,,,,,,,,,,,,
25329705,https://www.airbnb.com.vn/rooms/25329705,"4,22",TT. CÃ¡t BÃ ,27,20.73938,107.03167,REGULAR,,Cabin trÃªn Ä‘á»‰nh nÃºi M1,private_room,32,False,,/ Ä‘Ãªm,2.0,True,,,True,,True,True,,False,,,True,True,,,True,,False,True,True,False,,,7,,,,,,,,,,,,,,,,,,,,
14954469,https://www.airbnb.com.vn/rooms/14954469,"4,27",,30,20.73945,107.03159,REGULAR,,Bungalow giÆ°á»ng táº§ng Ä‘Ã´i vÃ  giÆ°á»ng táº§ng Ä‘Æ¡n B4,private_room,31,False,,/ Ä‘Ãªm,3.0,,,,True,,True,True,,False,,,True,True,410.824,â‚«410.824,True,,False,True,True,False,,True,7,,,,,,,,,,,,,,,,,,,,
876716094244247723,https://www.airbnb.com.vn/rooms/876716094244247723,,CÃ¡t Háº£i,6,20.72803,107.04313,REGULAR,,Seoul Hotel And Apartment - Deluxe Room 101,private_room,,False,,/ Ä‘Ãªm,4.0,,True,True,True,True,True,,True,False,,,,,,,True,,,,,,,,,,True,,True,,,,,,,,,,,,,,,,
654593382348524591,https://www.airbnb.com.vn/rooms/654593382348524591,,CÃ¡t Háº£i,7,20.7250946,107.0535114,REPRESENTATIVE,,KhÃ¡ch sáº¡n giÃ¡ ráº» cá»§a Luna,private_room,,False,,/ Ä‘Ãªm,2.0,,,,True,,True,,,False,,,True,,300.000,â‚«300.000,,,,,,False,,True,,,,,,True,True,True,,,,True,,,,,,,,,
757881837148789407,https://www.airbnb.com.vn/rooms/757881837148789407,,ThÃ nh phá»‘ Háº¡ Long,21,20.95839,107.05223,REGULAR,,Almor homestay phÃ²ng riÃªng táº¡i trung tÃ¢m HÃ  dÃ i,private_room,,False,,/ Ä‘Ãªm,2.0,,,True,True,,,,,False,,,True,True,342.353,â‚«342.353,True,,,,,False,,,,,,,,True,True,,,,,,,,,,,,,,
621279408452268212,https://www.airbnb.com.vn/rooms/621279408452268212,,ThÃ nh phá»‘ Háº¡ Long,6,20.94634,107.10492,REGULAR,,PhÃ²ng ngá»§ Ä‘Ã¡ng yÃªu á»Ÿ thÃ nh phá»‘ Háº¡ Long,private_room,,False,,/ Ä‘Ãªm,2.0,,,,True,,True,,True,False,,,True,,474.730,â‚«474.730,,,,,,False,,,,,,,True,,,,,,,,,,,,,,,,
41524341,https://www.airbnb.com.vn/rooms/41524341,,Háº£i An,30,20.85288,106.71455,REGULAR,,CÄƒn há»™ S20 - PhÃ²ng há»c - Háº£i PhÃ²ng,entire_home,,False,,/ Ä‘Ãªm,6.0,True,,True,True,,True,,,False,,True,True,,467.883,â‚«467.883,,,,,,False,,,,,,,True,,,,,,,,,,,True,,,,,
24289651,https://www.airbnb.com.vn/rooms/24289651,,ThÃ nh phá»‘ Háº¡ Long,30,20.95765,107.09193,REGULAR,,Wow Ocean Trang trÃ­ giÆ°á»ng Ä‘Æ¡n ngay trung tÃ¢m Háº¡ Long,shared_room,,False,,/ Ä‘Ãªm,8.0,,,True,True,True,True,,,False,,True,True,,234.546,â‚«234.546,,,,,,False,,,,,True,,,,,,,,,,,,,True,,,,,
877099995765245851,https://www.airbnb.com.vn/rooms/877099995765245851,,CÃ¡t Háº£i,5,20.72972,107.04312,REGULAR,,Seoul Hotel And Apartment - Deluxe Room 305,private_room,,False,,/ Ä‘Ãªm,2.0,,True,,True,True,True,,True,False,,True,True,,,,True,,,,,,,,,,,,True,,,,,,,,,,,,,,,,
751057851176098706,https://www.airbnb.com.vn/rooms/751057851176098706,,YÃªn HÆ°ng,7,20.9193942,106.8553702,REGULAR,,"NgÃ´i biá»‡t thá»± Ä‘á»™c láº­p, cÃ³ nhiá»u cÃ¢y xanh, sáº¡ch sáº½",private_room,,False,,/ Ä‘Ãªm,1.0,,,True,True,True,True,,,False,,,,,399.412,â‚«399.412,,,False,True,,False,True,True,,,,False,True,,,,,,,,,,,,,,,,
699960686661063153,https://www.airbnb.com.vn/rooms/699960686661063153,,ThÃ nh phá»‘ Cáº©m Pháº£,25,21.015446303042626,107.25994057953358,REGULAR,,"PhÃ²ng ngá»§ riÃªng, bá» máº·t vá»›i khung cáº£nh ngoÃ i trá»i rá»™ng lá»›n",private_room,,False,,/ Ä‘Ãªm,5.0,True,True,True,True,True,True,,,False,,,,,285.294,â‚«285.294,,,False,True,,False,,True,,,,False,,,,,,,,,,,,,,,,,
831614693817476525,https://www.airbnb.com.vn/rooms/831614693817476525,,ThÃ nh phá»‘ Háº¡ Long,30,20.9581169,107.0509214,REGULAR,,La Casa Homestay Háº¡ Long,private_room,,False,,/ Ä‘Ãªm,8.0,,True,,,,,,,False,,,,True,399.412,â‚«399.412,,,,,,False,,,,True,,,True,,True,,,,,,,,,,,,,,
22644846,https://www.airbnb.com.vn/rooms/22644846,"4,27",ThÃ nh phá»‘ Háº¡ Long,30,20.97652,107.15436,REGULAR,,Sá»‘ng cÃ¹ng gia Ä‘Ã¬nh báº£n xá»© Ruby Háº¡ Long,hotel_room,11,False,,/ Ä‘Ãªm,16.0,,True,True,True,,True,,,False,,True,True,,330.941,â‚«330.941,,,,,,False,,,,,,,,True,,,,True,,,,,,,,,,,
867879274009478733,https://www.airbnb.com.vn/rooms/867879274009478733,,Äá»“ SÆ¡n,5,20.69521,106.79245,REGULAR,,phÃ²ng trá» bÃ¬nh dÃ¢n khu I Äá»“ SÆ¡n,shared_room,,False,,/ Ä‘Ãªm,16.0,,,,True,True,True,,,False,,,True,,,,,,,,,False,,,,,,,True,,,,,,,,,,,,,,,,
681005679802525469,https://www.airbnb.com.vn/rooms/681005679802525469,,CÃ¡t Háº£i,8,20.76925515488398,107.02160801917117,REGULAR,,Cat ba park homestay - phÃ²ng Ä‘Æ¡n 3,private_room,,False,,/ Ä‘Ãªm,2.0,True,,True,True,True,True,,,False,,,,,342.353,â‚«342.353,,,,,,False,,True,,,,,True,,,,,,,,,,,,,,,,
28720153,https://www.airbnb.com.vn/rooms/28720153,,ThÃ nh phá»‘ Háº¡ Long,14,20.95816,107.04956,REGULAR,,NhÃ  khÃ¡ch Viá»‡t Anh,private_room,,False,,/ Ä‘Ãªm,16.0,,,,True,,,,True,False,,,True,,285.294,â‚«285.294,,,,,,,,,,,,,,,,,,True,True,,,,,,,,,,
28728634,https://www.airbnb.com.vn/rooms/28728634,"4,83",CÃ¡t Háº£i,30,20.76872,107.06477,REGULAR,,10. InnerX-Stay. Ha Long Floating Homestay,private_room,236,False,,/ Ä‘Ãªm,2.0,,,,,,,,,False,,,,,428.233,â‚«428.233,True,,False,True,,False,,,5,,,False,,,,,,True,True,,,,,,,,,,
33233157,https://www.airbnb.com.vn/rooms/33233157,"4,9",CÃ¡t Háº£i,30,20.76995,107.06399,REGULAR,,"2.InnerX-Stay, Ha Long Floating Homestay",private_room,167,False,,/ Ä‘Ãªm,2.0,,,,,,,,,False,,,,,428.241,â‚«428.241,True,,False,True,True,False,,,5,,,,,,,,,True,True,,,,,,,,,,
41479916,https://www.airbnb.com.vn/rooms/41479916,"4,9",Lan Ha Bay,30,20.77244,107.05075,REGULAR,,"8. InnerX-Stay, Ha Long Floating Homestay",private_room,31,False,,/ Ä‘Ãªm,2.0,,,,,,,,,False,,,,,428.233,â‚«428.233,,,False,True,,False,,,5,,,False,,,,,,True,True,,,,,,,,,,
688283097193214038,https://www.airbnb.com.vn/rooms/688283097193214038,"4,67",ThÃ nh phá»‘ Háº¡ Long,21,20.95889,107.05167,REGULAR,,"PhÃ²ng cÃ³ GiÃ¡ ráº» vÃ  sáº¡ch sáº½, trung tÃ¢m, (phÃ²ng ngáº«u nhiÃªn)",private_room,6,False,,/ Ä‘Ãªm,2.0,,,True,True,,,,True,False,,,True,True,342.353,â‚«342.353,True,,,,,False,,,,,,,,True,True,,,,,,,,,,,,,,
621281615506557263,https://www.airbnb.com.vn/rooms/621281615506557263,,ThÃ nh phá»‘ Háº¡ Long,6,20.94807,107.10647,REGULAR,,PhÃ²ng ngá»§ Ä‘Ã¡ng yÃªu á»Ÿ thÃ nh phá»‘ Háº¡ Long,private_room,,False,,/ Ä‘Ãªm,2.0,,,,True,,True,,True,False,,,True,,429.083,â‚«429.083,,,,,,False,,,,,,,True,,,,,,,,,,,,,,,,
30432521,https://www.airbnb.com.vn/rooms/30432521,,Quan Láº¡n,17,20.86907,107.4924,REGULAR,,KhÃ¡ch sáº¡n Ä‘áº¯t Ä‘á» 5 phÃºt Ä‘i bá»™ ra bÃ£i biá»ƒn.,entire_home,,False,,/ Ä‘Ãªm,16.0,,,,True,,,,,False,,,,,266.140,â‚«266.140,True,,,,,False,,,,,,,,,,,,,True,,,,,,,,,,
15063396,https://www.airbnb.com.vn/rooms/15063396,"4,61",,30,20.72772,107.05215,REGULAR,,NHÃ€ KHÃCH DÃ€I 9,private_room,23,False,,/ Ä‘Ãªm,4.0,,,,True,,,,True,,,,True,,,,,,,,,,,,,True,,,,True,True,,,,,True,,,,,True,,,,
47106315,https://www.airbnb.com.vn/rooms/47106315,,ThÃ nh phá»‘ Háº¡ Long,30,20.95308,107.07827,REGULAR,,HÃ¹ng VÆ°Æ¡ng R402 - KhÃ¡ch sáº¡n Boutique táº¡i trung tÃ¢m Háº¡ Long,private_room,,False,,/ Ä‘Ãªm,2.0,,,,True,True,True,,True,False,True,,True,,473.588,â‚«473.588,,,,,,False,,,,,,,,True,,,,,,True,,,,,,,,,
806683025143127570,https://www.airbnb.com.vn/rooms/806683025143127570,,ThÃ nh phá»‘ Háº¡ Long,23,20.95915,107.00613,REGULAR,,KÃ½ tÃºc xÃ¡ Vá»‹nh Háº¡ Long,shared_room,,False,,/ Ä‘Ãªm,4.0,,True,True,True,True,,True,True,False,,True,True,,270.773,â‚«270.773,,,,,,,,,,,,,True,,,,,,,,,,,,,,,,
732933646432716080,https://www.airbnb.com.vn/rooms/732933646432716080,,ThÃ nh phá»‘ Cáº©m Pháº£,6,21.0035,107.26472,REGULAR,,PhÃ²ng 1 giÆ°á»ng giÃ¡ ráº» chá»‰ 250k,private_room,,False,,/ Ä‘Ãªm,2.0,,,,True,,True,,True,False,,,True,,285.294,â‚«285.294,,,,,,False,,,,,,,True,,,,,,,,,,,,,,,,
24163863,https://www.airbnb.com.vn/rooms/24163863,"4,57",Äáº±ng Giang,9,20.83587,106.70142,REGULAR,,"PhÃ²ng riÃªng, khu vá»±c quá»‘c táº¿, gáº§n sÃ¢n bay",private_room,14,False,,/ Ä‘Ãªm,4.0,,,True,True,,True,,,False,,True,True,,267.664,â‚«267.664,True,,False,True,True,False,,,5,True,,,,,,,,,,,,,,,,,,,
31127388,https://www.airbnb.com.vn/rooms/31127388,"4,33",CÃ¡t Háº£i,14,20.73862,107.03225,REGULAR,,Buá»“ng ngá»§ trÃªn Moutain M9,private_room,3,False,,/ Ä‘Ãªm,2.0,True,,,True,,True,True,,False,,,True,True,,,True,,,,,False,,True,,,,,,,,,,,,,,,,,,,,,
879076829911338128,https://www.airbnb.com.vn/rooms/879076829911338128,,LÃª ChÃ¢n,8,20.85267,106.68449,REGULAR,,Homestay trung tÃ¢m thÃ nh phá»‘,entire_home,,False,,/ Ä‘Ãªm,4.0,,,True,True,True,True,,True,False,,,True,,,,True,,,,,False,,,,,,,,,,,,,,,,,,,,,,,
769261949815158466,https://www.airbnb.com.vn/rooms/769261949815158466,,ThÃ nh phá»‘ Háº¡ Long,6,20.948202674784177,107.07407264047853,REGULAR,,Homestay ngÃ y 5 thÃ¡ng 5,shared_room,,False,,/ Ä‘Ãªm,8.0,,True,True,True,True,True,,,False,,True,True,,275.024,â‚«275.024,,,,,,False,,,,,,,True,,,,,,,,,,,,,,,,
43825434,https://www.airbnb.com.vn/rooms/43825434,,ThÃ nh phá»‘ Háº¡ Long,3,20.9626,107.02106,REGULAR,,NhÃ  Nghá»‰ giÃ¡ ráº» nháº¥t BÃ£i ChÃ¡y,private_room,,False,,/ Ä‘Ãªm,2.0,,,,True,,,,True,False,,,True,,268.177,â‚«268.177,,,,,,False,,,,,,,,,,,,,,,,,,,,,,,
861255970133728204,https://www.airbnb.com.vn/rooms/861255970133728204,,TrÃ¢n ChÃ¢u,23,20.76737243864659,107.0214481609131,REGULAR,,Cat Ba Countryside Homestay 3,private_room,,False,,/ Ä‘Ãªm,4.0,,,,True,,True,True,,False,,,True,True,364.720,â‚«364.720,,,False,True,True,False,,,,,,,True,True,,,,,,,,,,,,,,,
827132588224943606,https://www.airbnb.com.vn/rooms/827132588224943606,,CÃ¡t Háº£i,30,20.726241329579928,107.0506152883172,REGULAR,,Huyá»n VÅ© 2,private_room,,False,,/ Ä‘Ãªm,2.0,,,True,True,,True,,True,False,,,True,,296.706,â‚«296.706,,,,,,False,,,,,,,True,,,,,,,True,,,,,,True,,,
38193290,https://www.airbnb.com.vn/rooms/38193290,,CÃ¡t Háº£i,22,20.74949,106.99818,REGULAR,,Green Homestay,private_room,,False,,/ Ä‘Ãªm,2.0,,,True,True,,True,,True,,,True,True,,456.471,â‚«456.471,,,False,True,True,,,,,True,True,,,,,,,,,,,,,True,,,,,
681005710681680261,https://www.airbnb.com.vn/rooms/681005710681680261,,CÃ¡t Háº£i,10,20.769271595455304,107.02155965395325,REGULAR,,Cat ba park homestay - single room - 04,private_room,,False,,/ Ä‘Ãªm,2.0,True,,True,True,True,True,,,False,,,,,342.353,â‚«342.353,,,,,,False,,True,,,,,True,,,True,,,,,,,,,,,,,
40064943,https://www.airbnb.com.vn/rooms/40064943,"4,82",CÃ¡t Háº£i,30,20.76946,107.0638,REGULAR,,"7. InnerX-Stay, Ha Long Floating Homestay",private_room,65,False,,/ Ä‘Ãªm,2.0,,,,,,,,,False,,,,,428.233,â‚«428.233,,,False,True,True,False,,,5,,,,,,,,,True,True,,,,,,,,,,
34321154,https://www.airbnb.com.vn/rooms/34321154,"4,92",CÃ¡t Háº£i,30,20.76791,107.06533,REGULAR,,"5.InnerX-Stay, Ha Long Floating Homestay",private_room,157,False,,/ Ä‘Ãªm,2.0,,,,,,,,,False,,,,,428.233,â‚«428.233,True,,False,True,,False,,,5,,,False,,,,,,True,True,,,,,,,,,,
31153517,https://www.airbnb.com.vn/rooms/31153517,"4,46",CÃ¡t Háº£i,3,20.73862,107.03225,REGULAR,,Cabin NÃºi trÃªn M6,private_room,24,False,,/ Ä‘Ãªm,2.0,True,,,True,,True,True,,False,,,True,True,,,True,,,,,False,,,,,,,True,,,,,,,,,,,,,,,,
24316231,https://www.airbnb.com.vn/rooms/24316231,,ThÃ nh phá»‘ Háº¡ Long,26,20.95825,107.09252,REGULAR,,GiÆ°á»ng táº§ng dá»… thÆ°Æ¡ng táº¡i homestay trÃªn vá»‹nh Háº¡ Long - táº§m nhÃ¬n Ä‘áº¹p,shared_room,,False,,/ Ä‘Ãªm,8.0,,,True,True,True,True,,True,False,,True,True,,225.164,â‚«225.164,,,,,,False,,,,,True,,,,,,,,,,,,,,,,,,
708610167640756434,https://www.airbnb.com.vn/rooms/708610167640756434,,CÃ¡t Háº£i,5,20.72608,107.0519,REGULAR,,PhÃ²ng nghá»‰ riÃªng táº¡i CÃ¡t BÃ ,private_room,,False,,/ Ä‘Ãªm,2.0,,,,True,,True,,True,False,,,True,,337.230,â‚«337.230,,,False,True,True,False,,,,,,,True,True,True,,,,,,,,,,,,,,
797336625412679403,https://www.airbnb.com.vn/rooms/797336625412679403,,LÃª ChÃ¢n,6,20.8269838,106.6842323,REGULAR,,Sunrise Hotel Háº£i PhÃ²ng,private_room,,False,,/ Ä‘Ãªm,16.0,,,,True,True,True,,True,,,True,True,,431.535,â‚«431.535,True,,,,,,,,,,,,,,True,,,,,,,,,,,,,,
48025156,https://www.airbnb.com.vn/rooms/48025156,,Háº£i An,18,20.85358,106.71355,REGULAR,,PhÃ²ng studio thoáº£i mÃ¡i,entire_home,,False,,/ Ä‘Ãªm,2.0,True,,True,True,True,True,,,False,,True,True,,399.412,â‚«399.412,,,,,,False,,,,,,,True,,,,,,,,,,,,,,,,
664123554291880779,https://www.airbnb.com.vn/rooms/664123554291880779,,Háº¡ Long,30,20.95254,107.03886,REGULAR,,NhÃ  â¤báº¿p kÃ½ tÃºc xÃ¡ há»—n há»£pâ¤ lÃ  biá»‡t thá»± vÃ  sá»‘ng cÃ¹ng gia Ä‘Ã¬nh báº£n xá»©,shared_room,,False,,/ Ä‘Ãªm,16.0,,True,True,True,True,,,True,,,True,True,,267.035,â‚«267.035,,,,,,,,True,,,,,,True,,,,,,True,,,,,,,,,
43484386,https://www.airbnb.com.vn/rooms/43484386,,Quan Láº¡n,30,20.90601,107.52251,REGULAR,,Mai Homestay,private_room,,False,,/ Ä‘Ãªm,16.0,,,True,True,,True,,,False,,True,True,,,,,,False,False,,False,,,,,,False,,True,,,,,,,,,,,,,,,
867863781018173889,https://www.airbnb.com.vn/rooms/867863781018173889,,,9,20.749569670036216,106.72171139896636,REGULAR,,Váº» Ä‘áº¹p cá»§a sá»± Ä‘Æ¡n giáº£n,private_room,,False,,/ Ä‘Ãªm,16.0,,True,,True,True,True,,,False,,,,,,,True,,False,True,,False,,,,,True,False,True,,,,,,,,,,,,,,,,
40900624,https://www.airbnb.com.vn/rooms/40900624,,CÃ¡t Háº£i,17,20.73862,107.03225,REGULAR,,Bungalow Top Mountain W3,shared_room,,False,,/ Ä‘Ãªm,2.0,True,,,True,True,True,True,True,False,,,True,,456.471,â‚«456.471,True,,,,,False,,,,,,,,,,,,,,,,,,,,,,,
26692670,https://www.airbnb.com.vn/rooms/26692670,,ThÃ nh phá»‘ Háº¡ Long,30,20.94991,107.16888,REGULAR,,RUBY HA LONG HOMESTAY,private_room,,False,,/ Ä‘Ãªm,16.0,,,True,True,,True,True,,False,,True,True,,314.394,â‚«314.394,,,False,True,,False,,,,,,False,,True,,,,,,,,,,,,,,,
46111185,https://www.airbnb.com.vn/rooms/46111185,,Lá»¥c Há»“n,6,21.55262,107.43255,REGULAR,,Sá»‘ng cÃ¹ng gia Ä‘Ã¬nh báº£n xá»© áº¥m cÃºng á»Ÿ trung tÃ¢m BÃ¬nh LiÃªu,private_room,,False,,/ Ä‘Ãªm,4.0,,,,True,,True,,,False,,True,,,308.118,â‚«308.118,,,,,,False,,,,,,,,True,,,,,,True,,,,,,,,,
776562900295927836,https://www.airbnb.com.vn/rooms/776562900295927836,,CÃ¡t Háº£i,5,20.726017939999714,107.05145839842528,REGULAR,,KhÃ¡ch sáº¡n Galaxy Dorm Hotel Elite,shared_room,,False,,/ Ä‘Ãªm,1.0,,,True,True,True,,,True,,,True,True,,273.958,â‚«273.958,True,,,,,,,,,,,,True,True,,,,,,,,,,,,,,,
25017997,https://www.airbnb.com.vn/rooms/25017997,"4,88",tt. CÃ¡t BÃ ,3,20.72612,107.05336,REGULAR,,NhÃ  khÃ¡ch Báº£o Long 1,private_room,8,False,,/ Ä‘Ãªm,4.0,,,,True,,,,True,False,,,True,,,,,,,,,False,,,,,,,,True,True,,,,,True,,,,,,,,,
33316552,https://www.airbnb.com.vn/rooms/33316552,,,23,20.84653,106.71077,REGULAR,,It is my house,private_room,,False,,/ Ä‘Ãªm,2.0,,,True,True,True,True,,,False,,,True,,319.530,â‚«319.530,True,True,False,True,,False,,,,,,False,,,,,,,,,,,,,,,,,
877054068579878806,https://www.airbnb.com.vn/rooms/877054068579878806,,CÃ¡t Háº£i,5,20.72948,107.04119,REGULAR,,Seoul Hotel And Apartment - Deluxe Room 303,private_room,,False,,/ Ä‘Ãªm,2.0,,True,,True,True,True,,True,False,,True,True,,,,True,,,,,,,,,,,,True,,,,,,,,,,,,,,,,
40647001,https://www.airbnb.com.vn/rooms/40647001,,Thá»§y NguyÃªn,5,20.92693,106.69296,REGULAR,,"áº¤m Ã¡p, áº¥m cÃºng do gia Ä‘Ã¬nh thÃ¢n thiá»‡n tráº» Ä‘Ã³n tiáº¿p",private_room,,False,,/ Ä‘Ãªm,16.0,,,True,True,,True,,True,False,True,True,,,268.177,â‚«268.177,True,,,,,,,,,True,,,True,,,,,,,,,,,,,,,,
39303544,https://www.airbnb.com.vn/rooms/39303544,,TrÃ¢n ChÃ¢u,30,20.799999237060547,106.99972534179688,REGULAR,,KhÃ¡ch sáº¡n lÃ£ng máº¡n,private_room,,False,,/ Ä‘Ãªm,4.0,True,,,True,True,,,True,False,,True,,,399.412,â‚«399.412,,,,,,,,,,,,,,True,,,True,,,True,,,,,,,True,,
22362693,https://www.airbnb.com.vn/rooms/22362693,,TT. CÃ¡t BÃ ,21,20.72555,107.05064,REGULAR,,KhÃ¡ch sáº¡n Lan HÃ  CÃ¡t BÃ ,private_room,,False,,/ Ä‘Ãªm,4.0,,,,True,,True,,True,False,True,,True,,276.224,â‚«276.224,True,,,,,False,,,,,,,,True,,,,,True,,,,,,,,,,
43436338,https://www.airbnb.com.vn/rooms/43436338,,TT. CÃ´ TÃ´,8,20.9718,107.76541,REGULAR,,Anh Nguyá»…n Hotel,private_room,,False,,/ Ä‘Ãªm,16.0,,,,True,,,,True,False,,,True,,456.471,â‚«456.471,,,,,,False,,,,,,,,True,,,,,,,,,,,,,,,
876750408213757209,https://www.airbnb.com.vn/rooms/876750408213757209,,CÃ¡t Háº£i,5,20.72985,107.04189,REGULAR,,Seoul Hotel And Apartment - Deluxe Room 203,private_room,,False,,/ Ä‘Ãªm,2.0,,True,,True,True,True,,True,False,,,True,,,,True,,,,,,,,,,,,True,True,,,,,,,,,,,,,,,
31094603,https://www.airbnb.com.vn/rooms/31094603,,CÃ¡t Háº£i,7,20.72587,107.05159,REGULAR,,PhÃ²ng Ä‘Ã´i sang trá»ng vá»›i Mountain View,hotel_room,,False,,/ Ä‘Ãªm,4.0,,,,True,,True,,,,True,,True,,419.953,â‚«419.953,,,,,,,,,,,,,,True,,,,True,,,,,,True,,,,True,
31153675,https://www.airbnb.com.vn/rooms/31153675,,CÃ¡t Háº£i,13,20.73746,107.03311,REGULAR,,Cabin NÃºi trÃªn M3,private_room,,False,,/ Ä‘Ãªm,2.0,True,True,,True,,True,True,,False,,,True,,342.353,â‚«342.353,True,,,,,False,,,,,,,,,,,,,,,,,,,,,,,
41779591,https://www.airbnb.com.vn/rooms/41779591,,CÃ¡t Háº£i,29,20.72462,107.05277,REGULAR,,KHÃCH Sáº N GIÃ Ráºº THÃ‚N THIá»†N Vá»šI GIA ÄÃŒNH CATBA,private_room,,False,,/ Ä‘Ãªm,10.0,,,,True,,True,,True,False,,,True,,399.412,â‚«399.412,,,False,False,,False,,,,,,False,True,True,,,,True,,,,,,,,,,,
868833195292495016,https://www.airbnb.com.vn/rooms/868833195292495016,,NgÃ´ Quyá»n,24,20.846906926357867,106.70887378244355,REGULAR,,KhaÌch SaÌ£n Nam SÆ¡n,private_room,,False,,/ Ä‘Ãªm,2.0,,,,True,True,True,,True,,,,True,,,,,,,,,,,,,,,,,,,,,,,,,,,,,,,,
46882444,https://www.airbnb.com.vn/rooms/46882444,,BÃ¬nh LiÃªu,9,21.55311,107.43176,REGULAR,,KhÃ´ng gian rá»™ng rÃ£i. Sáº¡ch sáº½. Chá»§ nhÃ  thÃ¢n thiá»‡n,private_room,,False,,/ Ä‘Ãªm,8.0,True,,True,True,True,,,,,,True,,True,342.590,â‚«342.590,,True,,,,,,True,,,,,,True,,,,,,True,,,,,,,,,
41160086,https://www.airbnb.com.vn/rooms/41160086,,Há»“ng BÃ ng,10,20.874159,106.649551,REGULAR,,PhÃ²ng 201 - VÃ¢n Anh,private_room,,False,,/ Ä‘Ãªm,2.0,,,,True,,True,,True,False,,,True,,268.177,â‚«268.177,True,,False,True,True,False,,,,,,,,True,,,,,,True,,,,,,,,,
876757655443892740,https://www.airbnb.com.vn/rooms/876757655443892740,,CÃ¡t Háº£i,5,20.72945,107.04146,REGULAR,,Seoul Hotel And Apartment - Deluxe Room 204,private_room,,False,,/ Ä‘Ãªm,2.0,,True,,True,True,True,,True,False,,,True,,,,True,,,,,,,,,,,,True,True,,,,,,,,,,,,,,,
40733077,https://www.airbnb.com.vn/rooms/40733077,"4,9",Háº£i PhÃ²ng,30,20.86777,106.66621,REGULAR,,Studio KhÃ¡nh Phong Ven 2112 Vinhome Imperia,private_room,10,False,,/ Ä‘Ãªm,2.0,,,True,True,,True,True,True,,,True,True,,450.000,â‚«450.000,True,,,,,,,,,True,,,,,,,,,,True,,,,,,,,,
43873032,https://www.airbnb.com.vn/rooms/43873032,,ThÃ nh phá»‘ Háº¡ Long,28,20.95434,107.04592,REGULAR,,Táº­n hÆ°á»Ÿng nhá»¯ng giÃ¢y phÃºt thoáº£i mÃ¡i khi Ä‘áº¿n Aroma,shared_room,,False,,/ Ä‘Ãªm,16.0,,,,True,,True,,True,False,True,,True,,352.830,â‚«352.830,,,,,,,,,,,,,,True,,,,True,,,,,,,,,,,
685013941442260676,https://www.airbnb.com.vn/rooms/685013941442260676,,CÃ¡t Háº£i,7,20.72562,107.05428,REPRESENTATIVE,,PhÃ²ng cho 3 ngÆ°á»i táº¡i khÃ¡ch sáº¡n giÃ¡ ráº» Luna 's house,private_room,,False,,/ Ä‘Ãªm,3.0,,,,True,,True,,,False,,,True,,490.000,â‚«490.000,,,,,,False,,,,,,,True,True,True,,,True,,,,,,,True,,,,
43241438,https://www.airbnb.com.vn/rooms/43241438,,ThÃ nh phá»‘ Háº¡ Long,3,20.95136,107.04312,REGULAR,,Sá»‘ng cÃ¹ng gia Ä‘Ã¬nh báº£n xá»© trong cá»™ng Ä‘á»“ng thay tháº¿ Ä‘á»™c Ä‘Ã¡o,private_room,,False,,/ Ä‘Ãªm,3.0,,,,True,,,,,False,,True,True,,285.650,â‚«285.650,,,False,False,,False,,,,,True,False,,True,,,,True,,,,,,,,,,,
619892276264828027,https://www.airbnb.com.vn/rooms/619892276264828027,,Háº£i An,5,20.84535789489746,106.71234130859375,REGULAR,,KhÃ¡ch sáº¡n giÃ¡ ráº» cÃ³ bá»“n táº¯m,private_room,,False,,/ Ä‘Ãªm,3.0,,,,True,,True,,True,,,,True,,395.841,â‚«395.841,True,,,,,,,,,,True,,,True,,,,,True,True,,,,,True,,,,
31152796,https://www.airbnb.com.vn/rooms/31152796,"4,0",CÃ¡t Háº£i,12,20.73862,107.03225,REGULAR,,Cabin NÃºi M7,private_room,4,False,,/ Ä‘Ãªm,2.0,True,,,True,,True,True,,False,,,True,True,351.863,â‚«351.863,True,,,,,False,,True,,,,,,,,,,,,,,,,,,,,,
31097843,https://www.airbnb.com.vn/rooms/31097843,"4,21",An DÆ°Æ¡ng,23,20.84752,106.6529,REGULAR,,"PhÃ²ng Ä‘Ã´i nhÃ  nghá»‰ Báº£o Minh, thÃ nh phá»‘ Háº£i PhÃ²ng",private_room,14,False,,/ Ä‘Ãªm,2.0,,,,True,,True,,True,False,True,,True,,296.706,â‚«296.706,,,,,,False,,,,,,,,True,,,,,True,,,,,,,,,,
747654587923579717,https://www.airbnb.com.vn/rooms/747654587923579717,,CÃ¡t Háº£i,13,20.724482,107.053356,REGULAR,,KhÃ¡ch sáº¡n giÃ¡ ráº» Coffee Scent vá»›i bá»¯a sÃ¡ng,private_room,,False,,/ Ä‘Ãªm,2.0,,,,True,,True,,True,False,,,True,,399.412,â‚«399.412,,,,,,,,,,,,,True,,,True,,,,,,,,,,,,,
732946510707347215,https://www.airbnb.com.vn/rooms/732946510707347215,,ThÃ nh phá»‘ Cáº©m Pháº£,6,20.99917,107.26323,REGULAR,,PhÃ²ng 1 giÆ°á»ng giÃ¡ ráº» chá»‰ 250k,private_room,,False,,/ Ä‘Ãªm,2.0,,,,True,,,,True,False,,,True,,285.294,â‚«285.294,,,,,,False,,,,,,,,,,,,,,,,,,,,,,,
49535325,https://www.airbnb.com.vn/rooms/49535325,,Äáº±ng Giang,6,20.84564,106.69721,REGULAR,,CÄƒn há»™ AB Lake Side Apartment,private_room,,False,,/ Ä‘Ãªm,2.0,,,True,True,True,True,,True,False,True,,True,,399.412,â‚«399.412,,,False,False,,False,,,,,,False,,,,,,,,,,,,,,,,,
41724433,https://www.airbnb.com.vn/rooms/41724433,,CÃ¡t Háº£i,4,20.79513,106.99089,REGULAR,,phÃ²ng thÃ nh phá»‘- 701,private_room,,False,,/ Ä‘Ãªm,2.0,,,,True,,True,,True,False,,True,True,,,,,,,,,,,,,True,,,,True,,,,,,,,,,,,,,,
38169723,https://www.airbnb.com.vn/rooms/38169723,,CÃ¡t Háº£i,10,20.72736,107.04564,REGULAR,,KhÃ¡ch sáº¡n Minh Hiáº¿u,private_room,,False,,/ Ä‘Ãªm,16.0,,True,,True,,True,,True,False,True,,True,,456.471,â‚«456.471,,,False,False,True,False,,,,,,,,True,,,,,,,,,,,,,,,
876757539490694321,https://www.airbnb.com.vn/rooms/876757539490694321,,CÃ¡t Háº£i,4,20.7293,107.042,REGULAR,,Seoul Hotel And Apartment - Deluxe Room 205,private_room,,False,,/ Ä‘Ãªm,2.0,,True,,True,True,True,,True,False,,,True,,,,True,,,,,,,,,,,,True,True,,,,,,,,,,,,,,,
41826412,https://www.airbnb.com.vn/rooms/41826412,"4,25",NgÃ´ Quyá»n,26,20.86384,106.69114,REGULAR,,CÄƒn há»™ Studio KhÃ¡nh Phong PG0220 Vincom,entire_home,4,False,,/ Ä‘Ãªm,2.0,,,True,True,True,True,,True,,True,True,True,,470.000,â‚«470.000,True,,,,,,,,,,,,,True,,,,,,,,,,,,,,,
674842601092801563,https://www.airbnb.com.vn/rooms/674842601092801563,,LÃª ChÃ¢n,30,20.8377319,106.6773145,REGULAR,,Tour áº©m thá»±c cáº£ng Háº£i PhÃ²ng giÃ¡ ráº»,private_room,,False,,/ Ä‘Ãªm,9.0,True,,True,True,True,True,,True,,,,,,,,,,False,True,,,True,,,,True,False,True,,,,,,,,,,,,,,,,
23392309,https://www.airbnb.com.vn/rooms/23392309,,Háº¡ Long,17,20.97207,107.04683,REGULAR,,Thanh Long Hotel Halong,entire_home,,False,,/ Ä‘Ãªm,16.0,,,,,,,,,False,,,,,456.471,â‚«456.471,,,,,,False,,,,,,,,,,,,,,,,,,,,,,,
708622009669172747,https://www.airbnb.com.vn/rooms/708622009669172747,,CÃ¡t Háº£i,5,20.72739,107.05298,REGULAR,,PhÃ²ng nghá»‰ trung tÃ¢m CÃ¡t BÃ ,private_room,,False,,/ Ä‘Ãªm,2.0,,,,True,,True,,True,False,,,True,,355.605,â‚«355.605,,,False,True,True,False,,,,,,,True,True,True,,,,,,,,,,,,,,
40735273,https://www.airbnb.com.vn/rooms/40735273,,Háº£i PhÃ²ng,21,20.86443,106.69024,REGULAR,,KhÃ¡nh Phong Apartment PG02-20 Vincom LTT,private_room,,False,,/ Ä‘Ãªm,2.0,,,True,True,True,True,,True,,True,True,True,,450.000,â‚«450.000,True,,,,,,,,,,,,,,,,True,,,,,,,,,,,,
32478519,https://www.airbnb.com.vn/rooms/32478519,,LÃª ChÃ¢n,6,20.82383,106.69261,REGULAR,,HAI PHONG APARTMENT 2,private_room,,False,,/ Ä‘Ãªm,2.0,,,True,True,,True,,True,False,True,,True,,342.353,â‚«342.353,,,False,True,,False,,,,,True,False,,,,,,,,,,,,,,,,,
664633945397622018,https://www.airbnb.com.vn/rooms/664633945397622018,,Háº£i An,14,20.845382107819468,106.7123256996274,REGULAR,,"KhÃ¡ch sáº¡n cÃ³ bá»“n tÃ¢m
GiÃ¡ siÃªu ráº» gÃ n trung tÃ¢m TP",private_room,,False,,/ Ä‘Ãªm,2.0,,,,True,,True,,True,,,,True,,,,True,,,,,,,,,,True,,,True,,,,,True,True,,,,,True,,,,
43862578,https://www.airbnb.com.vn/rooms/43862578,,Quan Lan,5,20.87575,107.4926,REGULAR,,TrÃ­ cÃºc homestay,private_room,,False,,/ Ä‘Ãªm,16.0,,,True,True,,True,,True,False,,True,True,,456.471,â‚«456.471,True,,False,True,,False,,,,,,False,,,,,,,,,,,,,,,,,
26627711,https://www.airbnb.com.vn/rooms/26627711,,ThÃ nh phá»‘ Háº¡ Long,11,20.96095,107.06921,REGULAR,,TAM BAO ANH,private_room,,False,,/ Ä‘Ãªm,2.0,,,,True,,True,,True,False,True,,True,,456.471,â‚«456.471,,,False,False,True,False,,,,,,,,True,,,,,True,,,,,,,,,,
41160628,https://www.airbnb.com.vn/rooms/41160628,,Há»“ng BÃ ng,10,20.874159,106.649551,REGULAR,,PhÃ²ng 203 - VÃ¢n Anh,private_room,,False,,/ Ä‘Ãªm,2.0,,,,True,,True,,True,False,,True,True,,268.177,â‚«268.177,True,,False,True,True,False,,,,,,,,,,,,,,True,,,,,,,,,
43583627,https://www.airbnb.com.vn/rooms/43583627,,NgÃ´ Quyá»n,3,20.83573,106.70117,REGULAR,,Cuá»™c sá»‘ng tá»‘t Ä‘áº¹p,private_room,,False,,/ Ä‘Ãªm,4.0,,,True,True,,True,,,False,,True,True,,285.294,â‚«285.294,,,False,False,,False,,,,,True,False,,True,,,,,,,,,,,,,,,
25017684,https://www.airbnb.com.vn/rooms/25017684,,tt. CÃ¡t BÃ ,8,20.72612,107.05336,REGULAR,,NhÃ  khÃ¡ch Báº£o Long 4,private_room,,False,,/ Ä‘Ãªm,4.0,,,,True,,,,True,False,,True,True,,,,,,,,,False,,,,,,,,True,True,,,,,True,,,,,True,,,,
733159029918052987,https://www.airbnb.com.vn/rooms/733159029918052987,,ThÃ nh phá»‘ Cáº©m Pháº£,5,21.0032,107.26301,REGULAR,,PhÃ²ng 2 giÆ°á»ng chá»‰ tá»« 350k/Ä‘Ãªm,private_room,,False,,/ Ä‘Ãªm,4.0,,,,True,,True,,True,False,,,True,,399.412,â‚«399.412,,,,,,False,,,,,,,,,,,,,,,,,,,,,,,
38589390,https://www.airbnb.com.vn/rooms/38589390,,CÃ¡t Háº£i,30,20.726755142211914,107.05192565917969,REGULAR,,"Sá»‘ 71 Ä‘Æ°á»ng nÃºi ngá»c, cÃ¡t bÃ , háº£i phÃ²ng",hotel_room,,False,,/ Ä‘Ãªm,10.0,True,,,True,True,True,,True,False,True,True,True,,399.412,â‚«399.412,,,,,,,,,,,,,,,,,,,,,,,,,,,True,,
33512647,https://www.airbnb.com.vn/rooms/33512647,,Háº¡ Long,30,20.9712,107.04481,REGULAR,,HONG NGOC RUBY HA LONG,shared_room,,False,,/ Ä‘Ãªm,16.0,,True,True,True,,True,,,False,,True,True,,330.941,â‚«330.941,,,,,,False,,,,,,,,True,,,,True,,,,,,,,,,,
25017053,https://www.airbnb.com.vn/rooms/25017053,,tt. CÃ¡t BÃ ,9,20.72612,107.05336,REGULAR,,NhÃ  khÃ¡ch Báº£o Long 7,private_room,,False,,/ Ä‘Ãªm,4.0,,,,True,,,,True,False,,,True,,,,,,,,,False,,,,,,,,True,True,,,,,True,,,,,,,,,
41566272,https://www.airbnb.com.vn/rooms/41566272,,Háº£i An,1,20.8497,106.73547,REGULAR,,KhÃ¡ch sáº¡n Sonca,private_room,,False,,/ Ä‘Ãªm,2.0,,,,True,,True,,True,False,,,True,,342.353,â‚«342.353,,,,,,False,,,,,,,True,True,,,,,True,,,,,,,,,,
42243102,https://www.airbnb.com.vn/rooms/42243102,,ThÃ nh phá»‘ Háº¡ Long,5,20.96243,106.99847,REGULAR,,MoonHomestay xin kÃ­nh chÃ o quÃ½ khÃ¡ch,entire_home,,False,,/ Ä‘Ãªm,3.0,True,,True,True,,,True,True,,True,True,True,,485.087,â‚«485.087,,,,,,,,,,,,,,True,,,,,,,,,,,,,,True,
25017325,https://www.airbnb.com.vn/rooms/25017325,,tt. CÃ¡t BÃ ,9,20.72612,107.05336,REGULAR,,NhÃ  khÃ¡ch Báº£o Long 6,private_room,,False,,/ Ä‘Ãªm,4.0,,,,True,,,,True,False,,,True,,,,,,,,,False,,,,,,,,True,True,,,,,True,,,,,,,,,
41160737,https://www.airbnb.com.vn/rooms/41160737,,Há»“ng BÃ ng,12,20.87458,106.65052,REGULAR,,PhÃ²ng 02 - VÃ¢n Anh,private_room,,False,,/ Ä‘Ãªm,3.0,,,,True,,True,,True,False,,,True,,285.294,â‚«285.294,True,,False,True,True,False,,,,,,,,True,,,,,,True,,,,,,,,,
25001966,https://www.airbnb.com.vn/rooms/25001966,,tt. CÃ¡t BÃ ,17,20.72612,107.05336,REGULAR,,NhÃ  khÃ¡ch Báº£o Long 10,private_room,,False,,/ Ä‘Ãªm,4.0,,,,True,,,,True,False,,,True,,,,,,,,,False,,,,,,,,True,True,,,,,True,,,,,True,,,,
25017941,https://www.airbnb.com.vn/rooms/25017941,,tt. CÃ¡t BÃ ,7,20.72612,107.05336,REGULAR,,NhÃ  khÃ¡ch Báº£o Long 2,private_room,,False,,/ Ä‘Ãªm,2.0,,,,True,,,,True,False,,True,True,,,,,,,,,False,,,,,,,,True,True,,,,,True,,,,,True,,,,
612100044865241460,https://www.airbnb.com.vn/rooms/612100044865241460,,ThÃ nh phá»‘ Háº¡ Long,7,20.95496,107.089485,REGULAR,,Nha Ì€ Xanh Ha Ì£ Long Homestay,shared_room,,False,,/ Ä‘Ãªm,16.0,,,,True,,True,,,False,,,True,,341.212,â‚«341.212,,True,,,,False,,,,,,,True,,,,,,,,,,,True,,,,,
31522804,https://www.airbnb.com.vn/rooms/31522804,"4,83",LÃª ChÃ¢n,9,20.83893,106.68524,REGULAR,,Cindy House,private_room,6,False,,/ Ä‘Ãªm,4.0,,,True,True,,,,True,False,,True,True,,399.412,â‚«399.412,,,False,True,,False,,,4,,,False,,True,True,,,,,,,,,,,,,,
859021544363868796,https://www.airbnb.com.vn/rooms/859021544363868796,,NgÃ´ Quyá»n,8,20.8443373,106.6976886,REGULAR,,CÄƒn há»™ cho thuÃª,private_room,,False,,/ Ä‘Ãªm,3.0,,True,True,True,True,True,,,False,,True,True,,451.773,â‚«451.773,,,,,,False,,,,,,,,,,,,,,True,,,,,,,,,
38055026,https://www.airbnb.com.vn/rooms/38055026,,ThÃ nh phá»‘ Háº¡ Long,6,20.9559,107.04692,REGULAR,,Hotel Kiá»u Anh,private_room,,False,,/ Ä‘Ãªm,2.0,,,,True,,True,,True,False,,True,True,,401.495,â‚«401.495,,,,,,,,,,True,True,,,True,,,,,,,,,,True,,,,,
34375773,https://www.airbnb.com.vn/rooms/34375773,,ThÃ nh phá»‘ Háº¡ Long,10,20.97851,107.00979,REGULAR,,cho thue nha 118-162 ql279 gieng day,entire_home,,False,,/ Ä‘Ãªm,4.0,,,True,True,,,True,True,False,,True,,,267.656,â‚«267.656,True,,,,,False,,,,True,,,,,,,,,,,,,,,,,,,
25016215,https://www.airbnb.com.vn/rooms/25016215,,tt. CÃ¡t BÃ ,4,20.72612,107.05336,REGULAR,,NhÃ  khÃ¡ch Báº£o Long 8,private_room,,False,,/ Ä‘Ãªm,4.0,,,,True,,,,True,False,,,True,,,,,,,,,False,,,,,,,,True,True,,,,,True,,,,,,,,,
44669610,https://www.airbnb.com.vn/rooms/44669610,"1,67",Háº£i An,20,20.84269,106.70822,REGULAR,,"phÃ²ng Ä‘áº¹p , giÃ¡ gia Ä‘Ã¬nh , con chá»§ nhÃ  Ä‘áº¹p trai ,",entire_home,3,False,,/ Ä‘Ãªm,12.0,,,True,True,,,,True,False,,True,True,,285.294,â‚«285.294,True,,,,,False,,,,,,,,,,,,,True,,,,,,,,,,
697312470883170951,https://www.airbnb.com.vn/rooms/697312470883170951,,Haiphong,30,20.8449115,106.6880841,REGULAR,,ChÃ o má»«ng nhá»¯ng ngÃ´i nhÃ  háº¡nh phÃºc,private_room,,False,,/ Ä‘Ãªm,4.0,,True,True,True,True,True,,True,False,,,,,409.107,â‚«409.107,,,,,,False,,,,,True,,True,,,,,,,,,,,,,,,,
41160547,https://www.airbnb.com.vn/rooms/41160547,,Há»“ng BÃ ng,11,20.874159,106.649551,REGULAR,,PhÃ²ng 202 - VÃ¢n Anh,private_room,,False,,/ Ä‘Ãªm,2.0,,,,True,,,,True,False,,True,True,,268.177,â‚«268.177,True,,False,True,True,False,,,,,,,,True,,,,,,True,,,,,,,,,
38782507,https://www.airbnb.com.vn/rooms/38782507,,Cat Ba Town,15,20.72511,107.04971,REGULAR,,"chÃºng tÃ´i cÃ³ quÃ¡n rÆ°á»£u, nhÃ  hÃ ng",private_room,,False,,/ Ä‘Ãªm,2.0,,,,True,,True,,True,False,True,,True,,345.600,â‚«345.600,True,,,,,False,,,,,,,,True,,,,,True,,,,,,,,,,
797376296742733393,https://www.airbnb.com.vn/rooms/797376296742733393,,Kiáº¿n An,7,20.8210366,106.6360269,REGULAR,,ViÃªn HÆ°Æ¡ng Hotel,private_room,,False,,/ Ä‘Ãªm,16.0,,,,True,True,True,,True,,,True,True,,411.093,â‚«411.093,True,,,,,,,,,,True,,,,,True,,,,,,,,,,,,,
704197221565050207,https://www.airbnb.com.vn/rooms/704197221565050207,"4,72",ThÃ nh phá»‘ Háº¡ Long,20,20.95837,107.05218,REGULAR,,"PhÃ²ng á»Ÿ trung tÃ¢m Háº¡ Long, phÃ²ng ráº», sáº¡ch sáº½, ngáº«u nhiÃªn",private_room,18,False,,/ Ä‘Ãªm,2.0,,,True,True,,,,True,False,,,True,,342.353,â‚«342.353,True,,,,,False,,,,,,,,True,,,,,,,,,,,,,,,
42111598,https://www.airbnb.com.vn/rooms/42111598,,ThÃ nh phá»‘ ÄÃ  Láº¡t,12,20.74662,106.6665,REGULAR,,Lengkeng - GiÆ°á»ng trong nhÃ  trá» táº­p thá»ƒ láº¥p lÃ¡nh dÃ nh cho báº¡n bÃ¨,private_room,,False,,/ Ä‘Ãªm,8.0,,,,True,,True,,,False,,,,,285.294,â‚«285.294,,,,,,False,,,,,,,,True,,,,True,,,,,,,,,,,
31095325,https://www.airbnb.com.vn/rooms/31095325,,CÃ¡t Háº£i,7,20.72673,107.05208,REGULAR,,phÃ²ng Ä‘Ã´i,private_room,2,False,,/ Ä‘Ãªm,4.0,,,,True,,True,,,,True,,True,,267.035,â‚«267.035,,,False,True,,,,,4,,,False,,True,,,,True,,,,,,,,,,,
619897652298202114,https://www.airbnb.com.vn/rooms/619897652298202114,,Háº£i An,8,20.84535789489746,106.71234130859375,REGULAR,,KhÃ¡ch sáº¡n cÃ³ bá»“n táº¯m,private_room,,False,,/ Ä‘Ãªm,2.0,,,,True,,True,,True,,,,True,,395.771,â‚«395.771,True,,,,,,,,,,True,,,True,,,,,True,True,,,,,True,,,,
15718390,https://www.airbnb.com.vn/rooms/15718390,"4,67",tp. Háº¡ Long,9,20.97326,107.00769,REGULAR,,Halong Bay Central !,private_room,6,False,,/ Ä‘Ãªm,2.0,,,True,True,,True,,True,False,,True,True,,456.471,â‚«456.471,True,,False,False,,False,,,7,,,False,,,,,,,,,,,,,,,,,
40183593,https://www.airbnb.com.vn/rooms/40183593,,Hai Phong,30,20.86112,106.72191,REGULAR,,KHÃCH Sáº N HAMI,private_room,,False,,/ Ä‘Ãªm,2.0,,,True,True,,True,,True,False,True,True,,,433.647,â‚«433.647,True,,,,,False,,,,True,,,,,,,,,,,,,,,,,,,
15922826,https://www.airbnb.com.vn/rooms/15922826,"4,2",tp. Háº¡ Long,12,20.95715,107.02194,REGULAR,,PhÃ²ng áº¥m cÃºng á»Ÿ Háº¡ Long! 5 phÃºt Ä‘i bá»™ Ä‘áº¿n trung tÃ¢m!,private_room,5,False,,/ Ä‘Ãªm,6.0,,True,True,True,,True,,True,False,True,,,,447.341,â‚«447.341,,,False,False,,False,,,5,,True,False,,,,,,,,,,,,,,,,,
33663586,https://www.airbnb.com.vn/rooms/33663586,,Hai Phong,16,20.84679,106.71219,REGULAR,,TBD villa,private_room,,False,,/ Ä‘Ãªm,2.0,,,True,True,,,,True,False,,,True,,424.518,â‚«424.518,,,False,True,True,False,,,,,,,,,,,,,,,,,,,,,,,
43571331,https://www.airbnb.com.vn/rooms/43571331,,Hai Phong,4,20.73105,107.04858,REGULAR,,"NhÃ  nghá»‰ thÃ nh long,nÄƒm riÃªng biá»‡t khu du lá»‹ch",private_room,,False,,/ Ä‘Ãªm,4.0,,,True,True,,True,,True,False,,,True,,342.353,â‚«342.353,,,False,True,,False,,,,,,False,,,,,,,,,,,,,,,,,
36152608,https://www.airbnb.com.vn/rooms/36152608,,TÃ¢n Phong,5,20.73539,106.70968,REGULAR,,LÃ€NG Rá»ªNG GIÃ€ NHIá»†T Äá»šI,entire_home,,False,,/ Ä‘Ãªm,4.0,,,True,,,,,True,False,,True,True,,456.471,â‚«456.471,,,,,,False,,,,,,,,True,,,,,,,,,,True,,,,,
44278789,https://www.airbnb.com.vn/rooms/44278789,,ThÃ nh phá»‘ Háº¡ Long,30,20.95347,107.102,REGULAR,,Bungalow,entire_home,,False,,/ Ä‘Ãªm,10.0,,,True,True,True,True,,,False,,,True,,456.471,â‚«456.471,True,,,,,False,,,,,True,,,True,,,,,,,,,,,,,,,
31095406,https://www.airbnb.com.vn/rooms/31095406,,CÃ¡t Háº£i,10,20.72726,107.05236,REGULAR,,kÃ½ tÃºc xÃ¡ há»—n há»£p 501,hotel_room,,False,,/ Ä‘Ãªm,6.0,,,,True,,True,,,,,,True,,314.965,â‚«314.965,,,,,,,,,,,,,True,,,,,True,,,,,,,,,,True,
39781268,https://www.airbnb.com.vn/rooms/39781268,,Há»“ng BÃ ng,30,20.86131,106.72312,REGULAR,,Hami Hotel,private_room,,False,,/ Ä‘Ãªm,2.0,,,True,True,,True,,True,False,True,True,,,433.647,â‚«433.647,True,,,,,False,,,,True,,,,,,,,,,,,,,,,,,,
31094757,https://www.airbnb.com.vn/rooms/31094757,,CÃ¡t Háº£i,7,20.7278,107.05316,REGULAR,,PhÃ²ng Ä‘Ã´i vá»›i Mountain View,hotel_room,,False,,/ Ä‘Ãªm,4.0,,,,True,,True,,,,True,,True,,314.965,â‚«314.965,,,,,,,,,,,,,,True,,,,True,,,,,,,,,,True,
24948546,https://www.airbnb.com.vn/rooms/24948546,"3,4",ThÃ nh phá»‘ Háº¡ Long,8,20.95808,107.04881,REGULAR,,T&N Sá»NG CÃ™NG GIA ÄÃŒNH Báº¢N xá»© - Äáº¸P nhÆ° NGÃ”I nhÃ  cá»§a Báº N,private_room,6,False,,/ Ä‘Ãªm,7.0,,,True,True,,True,,True,False,True,,True,,399.412,â‚«399.412,True,,False,False,,False,,,5,,,False,,,,,,,,,,,,,,,,,
38962811,https://www.airbnb.com.vn/rooms/38962811,,ThÃ nh phá»‘ Háº¡ Long,12,20.97151,107.01451,REGULAR,,NhÃ  tÆ°Æ¡i má»›i,entire_home,,False,,/ Ä‘Ãªm,2.0,,,True,,,True,,,False,,,True,,267.197,â‚«267.197,True,,,,,False,,,,,,,,True,,,,,True,,,,,,,,,,
41301703,https://www.airbnb.com.vn/rooms/41301703,,Háº£i PhÃ²ng,11,20.82311,106.69117,REGULAR,,Nice room in new spacious villa for rent,private_room,,False,,/ Ä‘Ãªm,2.0,,,True,True,,True,,True,False,,True,True,,481.803,â‚«481.803,,,False,False,True,False,,,,,,,,True,,,,,,,,,,,,,,,
34778552,https://www.airbnb.com.vn/rooms/34778552,,ThÃ nh phá»‘ Háº¡ Long,6,20.98044,107.08765,REGULAR,,cho thue nha 596 tran phu,entire_home,,False,,/ Ä‘Ãªm,1.0,,,True,True,,True,,True,False,,,,,401.495,â‚«401.495,True,,,,,False,,,,,,,,,,,,,,,,,,,,,,,
664628846199611475,https://www.airbnb.com.vn/rooms/664628846199611475,,Háº£i An,9,20.845382107819468,106.7123256996274,REGULAR,,KhÃ¡ch sáº¡n cÃ³ bá»“n táº¯m gáº§n trung tÃ¢m thÃ nh phá»‘ giÃ¡ráº»,private_room,,False,,/ Ä‘Ãªm,3.0,,,,True,,True,,True,,,,True,True,,,True,,,,,,,True,,,True,,,,,,,,,True,,,,True,,,,,
22911230,https://www.airbnb.com.vn/rooms/22911230,"4,92",tt. CÃ¡t BÃ ,23,20.72429,107.05417,REGULAR,,CÃ¡t BÃ  Lucky Family Hotel,private_room,12,False,,/ Ä‘Ãªm,2.0,,,,True,,True,,True,False,,True,True,,399.412,â‚«399.412,True,,,,,False,,,,True,,,True,,,,,,,,,,,,,,,,
612119124629584477,https://www.airbnb.com.vn/rooms/612119124629584477,,ThÃ nh phá»‘ Háº¡ Long,14,20.954901,107.08947,REGULAR,,Nha Ì€ Xanh Ha Ì£ Long Homestay,shared_room,,False,,/ Ä‘Ãªm,16.0,,,,True,,True,,,False,,,True,,341.212,â‚«341.212,,,,,,False,,,,,,,True,,,,,,,,,,,,,,,,
777055711341052035,https://www.airbnb.com.vn/rooms/777055711341052035,,CÃ¡t Háº£i,5,20.72642,107.05195,REGULAR,,Central Budget Hostel in Cat Ba,shared_room,,False,,/ Ä‘Ãªm,4.0,,,,True,,,,,False,,,True,,,,,,,,,False,,,,,,,True,,True,,,,,True,,,,,True,,,,True
11605656,https://www.airbnb.com.vn/rooms/11605656,,tp. Háº¡ Long,6,20.95082,107.07895,REGULAR,,KhÃ´ng gian riÃªng Äáº¶C biá»‡t @ Sá»‘ng cÃ¹ng gia Ä‘Ã¬nh báº£n xá»© thÃ¢n thiá»‡n,private_room,1,False,,/ Ä‘Ãªm,3.0,,,True,True,,,,True,False,,True,True,,410.824,â‚«410.824,,,False,True,True,False,,,6,True,,,,,,,,,,,,,,,,,,,
34576048,https://www.airbnb.com.vn/rooms/34576048,,Hai Phong,21,20.72758,107.05165,REGULAR,,NhÃ  vÃ  khÃ¡ch sáº¡n CÃ¡t BÃ .,private_room,,False,,/ Ä‘Ãªm,4.0,,,,True,,True,,True,False,,,True,,308.497,â‚«308.497,True,,,,,False,,,,,,,,True,,,,True,True,,,,,,,,,,
46163425,https://www.airbnb.com.vn/rooms/46163425,,DÆ°Æ¡ng Kinh,5,20.76952,106.73492,REGULAR,,CHP THUÃŠ NHÃ€ Máº¶T TIá»€N 6M NGUYÃŠN CÄ‚N DT 180m2/ sÃ n,entire_home,,False,,/ Ä‘Ãªm,6.0,True,,True,,,True,,,False,,,,,285.294,â‚«285.294,True,,,,,False,,,,,,,,,,,,,True,,,,,,,,,,
47228184,https://www.airbnb.com.vn/rooms/47228184,,Haiphong,14,20.82655,106.69223,REGULAR,,No.55 Apartment-401.Studio hiá»‡n Ä‘áº¡i,entire_home,,False,,/ Ä‘Ãªm,2.0,,,True,True,True,True,,True,False,,True,True,,459.746,â‚«459.746,,,,,,,,,,,,,,True,,,,,,,,,,,,,,,
755177823139305894,https://www.airbnb.com.vn/rooms/755177823139305894,,LÃª ChÃ¢n,6,20.8273255,106.6845602,REGULAR,,"NhÃ  nghá»‰ giÃ¡ ráº» háº¥p dáº«n thoÃ¡ng ,yÃªn tÄ©nh
sáº¡ch sáº½",private_room,,False,,/ Ä‘Ãªm,4.0,,,,True,True,True,,True,,,True,True,,456.471,â‚«456.471,,,,,,,,,,,,,True,,,,,,,,,,,,,,,,
23208105,https://www.airbnb.com.vn/rooms/23208105,,ThÃ nh phá»‘ Háº¡ Long,30,20.95899,107.05936,REGULAR,,Thuy Duong Halong hotel,private_room,,False,,/ Ä‘Ãªm,16.0,,,,True,,True,,True,False,,True,True,,401.495,â‚«401.495,,,,,,,,,,True,,,,True,,,,True,True,,,,,,,,,,
49218660,https://www.airbnb.com.vn/rooms/49218660,,NgÃ´ Quyá»n,21,20.84774,106.68883,REGULAR,,NhÃ  KhÃ¡ch HoÃ ng Tuyáº¿t - PhÃ²ng Sang Trá»ng Dá»… ThÆ°Æ¡ng,private_room,,False,,/ Ä‘Ãªm,2.0,,,,True,True,,,True,False,,,True,,383.435,â‚«383.435,,,,,,False,,,,,,,,True,,,,,,,,,,,,,,,
717368961957593579,https://www.airbnb.com.vn/rooms/717368961957593579,,Há»“ng BÃ ng,10,20.85817,106.67624,REGULAR,,Homestay phÃ²ng studio 2 ngÆ°á»i táº§ng 4 (402),private_room,1,False,,/ Ä‘Ãªm,2.0,True,,,True,,True,,True,False,,,True,,473.588,â‚«473.588,,,False,True,True,False,True,,7,,,,True,,,,,,,,,,,,,,,,
38792835,https://www.airbnb.com.vn/rooms/38792835,,ThÃ nh phá»‘ Háº¡ Long,15,20.96014,107.05008,REGULAR,,PhÃ²ng ba bá»‘n mÃ¹a Háº¡ Long,private_room,,False,,/ Ä‘Ãªm,3.0,,,,,,True,,,False,,,,,399.412,â‚«399.412,,,,,,False,,,,,,,,,,,,,,,,,,,,,,,
49218641,https://www.airbnb.com.vn/rooms/49218641,,NgÃ´ Quyá»n,21,20.84904,106.68924,REGULAR,,NhÃ  KhÃ¡ch HoÃ ng Tuyáº¿t - PhÃ²ng Sang Trá»ng Dá»… ThÆ°Æ¡ng,private_room,,False,,/ Ä‘Ãªm,2.0,,,,True,True,,,True,False,,,True,,383.435,â‚«383.435,,,,,,False,,,,,,,,True,,,,,,,,,,,,,,,
28295148,https://www.airbnb.com.vn/rooms/28295148,,ThÃ nh phá»‘ Háº¡ Long,30,20.95905,107.05182,REGULAR,,The Bay - Háº¡ Long Homestay (PhÃ²ng Ä‘Ã´i 2),private_room,2,False,,/ Ä‘Ãªm,2.0,,,True,True,,True,,,False,,,True,,368.212,â‚«368.212,,,True,True,,False,,True,5,,,False,,True,,,,,,True,,,,,,,,,
31628991,https://www.airbnb.com.vn/rooms/31628991,,Háº£i An,5,20.83237,106.70656,REGULAR,,CÄƒn studio giÃ¡ ráº» cho thuÃª,private_room,,False,,/ Ä‘Ãªm,1.0,,,True,True,,True,,True,False,,True,True,,342.353,â‚«342.353,,,,,,False,,,,,,,True,True,,,,,,,,,,,,,,,
47413921,https://www.airbnb.com.vn/rooms/47413921,,Kiáº¿n An,2,20.8177,106.66323,REGULAR,,PhÃ²ng nghá»‰ cÃ¡ nhÃ¢n,private_room,,False,,/ Ä‘Ãªm,2.0,,,,True,True,,,True,False,,,True,,401.482,â‚«401.482,,,False,True,,False,,,,,,False,,True,,,,,,,,,,,,,,,
718422283186745272,https://www.airbnb.com.vn/rooms/718422283186745272,,Há»“ng BÃ ng,10,20.85803,106.67759,REGULAR,,Homestay phÃ²ng studio 2 ngÆ°á»i táº§ng 6 (602),private_room,2,False,,/ Ä‘Ãªm,2.0,True,,,True,,True,,True,False,True,,,,,,,,False,True,True,False,True,,7,,,,True,,,,,,,,,,,,,,,,
49218699,https://www.airbnb.com.vn/rooms/49218699,,NgÃ´ Quyá»n,20,20.84849,106.68949,REGULAR,,NhÃ  khÃ¡ch HoÃ ng Tuyáº¿t - Star Luxury Room,private_room,,False,,/ Ä‘Ãªm,2.0,,,,True,True,,,True,False,,,True,,445.059,â‚«445.059,,,,,,False,,,,,,,,True,,,,,,,,,,,,,,,
48815419,https://www.airbnb.com.vn/rooms/48815419,,NgÃ´ Quyá»n,22,20.84911,106.68895,REGULAR,,NhÃ  KhÃ¡ch HoÃ ng Tuyáº¿t - PhÃ²ng Sang Trá»ng Dá»… ThÆ°Æ¡ng,private_room,,False,,/ Ä‘Ãªm,2.0,,,,True,True,,,True,False,,,True,,383.435,â‚«383.435,,,False,True,True,False,,,,,,,,True,,,,,,,,,,,,,,,
49218744,https://www.airbnb.com.vn/rooms/49218744,,NgÃ´ Quyá»n,21,20.84977,106.69059,REGULAR,,NhÃ  khÃ¡ch HoÃ ng Tuyáº¿t - Star Luxury Room,private_room,,False,,/ Ä‘Ãªm,2.0,,,,True,True,,,True,False,,,True,,445.059,â‚«445.059,,,False,True,True,False,,,,,,,,True,,,,,,,,,,,,,,,
48815943,https://www.airbnb.com.vn/rooms/48815943,,NgÃ´ Quyá»n,21,20.84794,106.69048,REGULAR,,NhÃ  khÃ¡ch HoÃ ng Tuyáº¿t - Star Luxury Room,private_room,,False,,/ Ä‘Ãªm,2.0,,,,True,True,,,True,False,,,True,,445.059,â‚«445.059,,,False,True,True,False,,,,,,,,True,,,,,,,,,,,,,,,
24982976,https://www.airbnb.com.vn/rooms/24982976,,ThÃ nh phá»‘ Háº¡ Long,9,20.95955,107.05029,REGULAR,,Ná»¥ cÆ°á»i Háº¡ Long,private_room,,False,,/ Ä‘Ãªm,,,,,,,,,,,,,,,481.095,â‚«481.095,,,,,,,,,,,,,,,,,,,,,,,,,,,,,
718398740685069973,https://www.airbnb.com.vn/rooms/718398740685069973,,Há»“ng BÃ ng,15,20.85835,106.67752,REGULAR,,Homestay phÃ²ng studio 2 ngÆ°á»i táº§ng 5 (502),private_room,1,False,,/ Ä‘Ãªm,,,,,,,,,,,,,,,473.588,â‚«473.588,,,False,True,,,,,7,,,,,,,,,,,,,,,,,,,,
48762245,https://www.airbnb.com.vn/rooms/48762245,,NgÃ´ Quyá»n,24,20.84873,106.68993,REGULAR,,NhÃ  khÃ¡ch HoÃ ng Tuyáº¿t - PhÃ²ng Ä‘áº¹p sang trá»ng,private_room,,False,,/ Ä‘Ãªm,,,,,,,,,,,,,,,490.706,â‚«490.706,,,False,True,,,,,,,,,,,,,,,,,,,,,,,,,
15168867,https://www.airbnb.com.vn/rooms/15168867,"4,79",tp. Háº¡ Long,21,20.96193,107.0161,REGULAR,,PhÃ²ng XoÃ i áº¥m cÃºng táº¡i Gingerhomestay,private_room,34,False,,/ Ä‘Ãªm,,,,,,,,,,,,,,,351.912,â‚«351.912,,,False,True,,,,,7,,,,,,,,,,,,,,,,,,,,
26846974,https://www.airbnb.com.vn/rooms/26846974,,NgÃ´ Quyá»n,7,20.8361,106.70408,REGULAR,,æµ·é˜²-ä¸­å›½äººå®¶,private_room,,False,,/ Ä‘Ãªm,,,,,,,,,,,,,,,489.752,â‚«489.752,,,False,True,,,,,,,,,,,,,,,,,,,,,,,,,
