room_id,url,city,contextualPicturesCount,lat,long,listingObjType,pdpUrlType,name,roomTypeCategory,canInstantBook,weeklyPriceFactor,structuredStayDisplayPrice,maxGuestCapacity,SYSTEM_VIEW_OCEAN,SYSTEM_WI_FI,SYSTEM_WORKSPACE,SYSTEM_MAPS_CAR_RENTAL,SYSTEM_TV,SYSTEM_WASHER,SYSTEM_SNOWFLAKE,SYSTEM_SURVEILLANCE,SYSTEM_NO_DETECTOR_CO2,SYSTEM_NO_DETECTOR_SMOKE,isSuperHost,isVerified,SYSTEM_LOCK_ON_DOOR,SYSTEM_FLOWER,rating,reviewCount,yearHosting,price,price_full,SYSTEM_COOKING_BASICS,SYSTEM_DRYER,SYSTEM_PATIO_BALCONY,SYSTEM_HAIRDRYER,SYSTEM_LUGGAGE_DROP,SYSTEM_VIEW_CITY,SYSTEM_POOL,SYSTEM_PETS,SYSTEM_NO_LOCK_ON_DOOR,SYSTEM_REFRIGERATOR,SYSTEM_MICROWAVE,SYSTEM_ELEVATOR,SYSTEM_SAUNA,SYSTEM_BREAKFAST,SYSTEM_BEACH,SYSTEM_JACUZZI,SYSTEM_SMOKING_ALLOWED,SYSTEM_FIREPLACE,SYSTEM_VIEW_MOUNTAIN,SYSTEM_EV_CHARGER,SYSTEM_CRIB,SYSTEM_FIREPIT,SYSTEM_CALENDAR,SYSTEM_HIGH_CHAIR,SYSTEM_SKI,SYSTEM_PIANO,SYSTEM_BATHTUB
888807169697772883,https://www.airbnb.com.vn/rooms/888807169697772883,Thành phố Yên Bái,8,21.7763774,104.920076,REGULAR,,Mountain Breath Retreat Homestay,private_room,False,,/ đêm,2,True,True,True,True,True,True,True,True,False,False,,,,,,,,,,,,,,,,,,,,,,,,,,,,,,,,,,,,
642421621683881752,https://www.airbnb.com.vn/rooms/642421621683881752,Thành phố Yên Bái,14,21.77638,104.92008,REGULAR,,Homestay Am Núi Thở,private_room,False,,/ đêm,8,True,True,True,True,,,,True,False,False,False,False,True,True,,,,,,,,,,,,,,,,,,,,,,,,,,,,,,,,
18487010,https://www.airbnb.com.vn/rooms/18487010,Yên Phụ,16,21.05487,105.83704,REGULAR,,Sống cùng gia đình bản xứ Kim Hà Nội 4,private_room,False,,/ đêm,2,,True,True,True,True,True,,,False,False,True,True,True,,"4,6",63,6,321.187,₫321.187,True,True,,,,,,,,,,,,,,,,,,,,,,,,,
36722199,https://www.airbnb.com.vn/rooms/36722199,Thanh Nhàn,14,21.00339,105.86218,REGULAR,,Ngôi nhà ấm cúng trong cửa sổ rộng ở giữa - Góc nhìn thoáng mát. R #302,private_room,False,,/ đêm,2,,True,True,,,True,True,,False,False,True,True,True,,"4,76",42,4,321.187,₫321.187,True,,True,True,,,,,,,,,,,,,,,,,,,,,,,
661914022530614120,https://www.airbnb.com.vn/rooms/661914022530614120,Đống Đa,13,21.02345,105.83146,REGULAR,,Yue 越 HOMESTAY #2 @yueviet,private_room,False,,/ đêm,2,True,True,True,True,True,,True,True,False,,True,True,True,,"4,98",62,2,433.983,₫433.983,,,,,True,,,,,,,,,,,,,,,,,,,,,,
665790698932957015,https://www.airbnb.com.vn/rooms/665790698932957015,Từ Liêm,8,21.03141,105.77266,REGULAR,,"Căn hộ tươi mới tại Mỹ Đình, Hà Nội",private_room,False,,/ đêm,2,,True,True,True,,True,True,True,False,False,,,,,"5,0",3,,346.606,₫346.606,True,True,,,,,,,,,,,,,,,,,,,,,,,,,
891673992976938536,https://www.airbnb.com.vn/rooms/891673992976938536,Tây Hồ,23,21.06232,105.83261,REGULAR,,Vitamin Home~Beauty daisy room,private_room,False,,/ đêm,2,,True,True,,True,True,True,True,False,False,,,,,,,,,,True,,,,,,,,,,,,,,,,,,,,,,,,,,
34748111,https://www.airbnb.com.vn/rooms/34748111,Ba Đình,18,21.04581,105.8106,REGULAR,,Studio đẹp gần Westlake và nhiều đường phố chính,entire_home,False,,/ đêm,2,True,True,True,,True,True,,,False,False,,,,,"4,9",79,,374.726,₫374.726,True,True,,,,True,,,,,,,,,,,,,,,,,,,,,
17193612,https://www.airbnb.com.vn/rooms/17193612,,10,21.01208,105.8404,REGULAR,,Ấm cúng,private_room,False,,/ đêm,3,True,True,True,True,True,True,,,False,,False,True,True,,"4,44",59,7,254.282,₫254.282,True,True,,,,,,,,,,,,,,,,,,,,,,,,,
737539223434077240,https://www.airbnb.com.vn/rooms/737539223434077240,Hoàn Kiếm,11,21.02093,105.85956,REGULAR,,Ánh sáng mặt trời tự nhiên ở Hoàn Kiếm,private_room,False,,/ đêm,2,,True,True,,True,True,True,True,False,,False,True,True,,"4,83",23,9,441.436,₫441.436,True,,,True,,,,,,,,,,,,,,,,,,,,,,,
650425451200538810,https://www.airbnb.com.vn/rooms/650425451200538810,,19,21.0650529984523,105.32845249378013,REGULAR,,Les Bois Ba Vi Bungalows By HoLo - LB B1,private_room,False,,/ đêm,2,,True,True,True,True,True,,,False,False,,,,,,,,485.000,₫485.000,True,,,,,,True,True,,,,,,,,,,,,,,,,,,,
719979493315673429,https://www.airbnb.com.vn/rooms/719979493315673429,Hoàn Kiếm,15,21.02037,105.84621,REGULAR,,Vequehomestay-Villa15- Phố cổ -Bếp-Yên tĩnh,private_room,False,,/ đêm,2,True,True,,True,,True,True,,False,False,False,False,,,"4,71",21,8,315.839,₫315.839,True,True,,,,,,,False,,,,,,,,,,,,,,,,,,
889335822358705688,https://www.airbnb.com.vn/rooms/889335822358705688,Cầu Giấy,25,21.04459,105.79056,REGULAR,,"Guest suite with private kitchen, toilet, AC",private_room,False,,/ đêm,3,,True,True,,True,,True,True,,,,,,,,,,421.995,₫421.995,True,,,True,True,,,,,True,True,,,,,,,,,,,,,,,,
864472251138044843,https://www.airbnb.com.vn/rooms/864472251138044843,Ba Đình,30,21.0438,105.8441,REGULAR,,(iii) Được trang bị đầy đủ tiện nghi/Studio/Trung tâm,private_room,False,,/ đêm,2,,True,True,True,True,,True,,False,False,,,,,"5,0",3,,,,True,,,True,True,,,,,,,,,,,,,,,,,,,,,,
15889901,https://www.airbnb.com.vn/rooms/15889901,Hanoi,11,21.01171,105.84003,REGULAR,,Rẻ và an toàn cho thuê,private_room,False,,/ đêm,2,True,True,True,True,True,,,,False,False,False,True,True,True,"4,47",55,7,267.664,₫267.664,True,,,,,,,,,,,,,,,,,,,,,,,,,,
746322085943335360,https://www.airbnb.com.vn/rooms/746322085943335360,Tây Hồ,19,21.05207,105.83968,REGULAR,,Căn hộ phong cách với không gian xanh gần hồ Tây,private_room,False,,/ đêm,2,True,True,True,,True,True,,,False,False,True,True,True,,"4,64",14,6,322.653,₫322.653,True,,,,,,,,,,,,,,,,,,,,,,,,,,
21807270,https://www.airbnb.com.vn/rooms/21807270,Hà Nội,28,21.0235,105.82509,REGULAR,,Ngôi nhà của một kiến trúc sư (Xanh dương),private_room,False,,/ đêm,2,,True,True,,True,True,True,,False,False,True,True,True,,"4,84",117,5,374.710,₫374.710,True,,,,True,,,,,,,,,,,,,,,,,,,,,,
852001341076676351,https://www.airbnb.com.vn/rooms/852001341076676351,Hoàn Kiếm,13,21.0293002,105.8491782,REGULAR,,GEM-Topaz,private_room,False,,/ đêm,3,,True,True,True,True,,True,,False,False,False,True,,,"4,4",5,3,402.800,₫402.800,,True,,True,,,,,False,,,,,,,,,,,,,,,,,,
36681116,https://www.airbnb.com.vn/rooms/36681116,Hai Bà Trưng,18,20.99721,105.86368,REGULAR,,Ngôi nhà ấm cúng ở góc nhìn thoáng mát trên toàn trung tâm. R#202,private_room,False,,/ đêm,2,,True,True,,,True,True,,False,False,True,True,True,,"4,64",44,4,305.144,₫305.144,True,,True,True,,,,,,,,,,,,,,,,,,,,,,,
661518993434369023,https://www.airbnb.com.vn/rooms/661518993434369023,Đống Đa,13,21.0222663,105.831827,REGULAR,,Yue 越 HOMESTAY #1 @yueviet,private_room,False,,/ đêm,2,True,True,True,True,True,,True,True,False,,True,True,True,,"4,99",74,2,428.294,₫428.294,,,,,True,,,,,,,,,,,,,,,,,,,,,,
21642515,https://www.airbnb.com.vn/rooms/21642515,Định Công,6,20.97813,105.83642,REGULAR,,"Phòng riêng hiện đại mới xây, ban công view đẹp",private_room,False,,/ đêm,1,,True,,True,,True,True,,False,,,,,,,,,267.664,₫267.664,True,,,True,,,,,,,,True,,,,,,,,,,,,,,,
740798436221615329,https://www.airbnb.com.vn/rooms/740798436221615329,Quang Tiến,20,21.2182863,105.7818496,REGULAR,,"Thanh Huong 99 - Noi Bai, Ha Noi, Viet Nam (201)",private_room,False,,/ đêm,2,,True,True,True,True,True,True,True,,,,,,,"4,62",26,,319.530,₫319.530,True,,True,,,True,,,,,,,,,,,,,,,,,,,,,
843928904800987551,https://www.airbnb.com.vn/rooms/843928904800987551,Hoàn Kiếm,7,21.0315055,105.855027,REGULAR,,"Phòng ấm cúng ở Hồ Gươm, Hoàn Kiếm",private_room,False,,/ đêm,2,True,True,True,True,,True,True,,,,,,,,"3,29",7,,,,True,,True,,True,,,True,,,,,,,,,,,,,,,,,,,
36889249,https://www.airbnb.com.vn/rooms/36889249,Thanh Xuân Nam,14,20.98529,105.79718,REGULAR,,CẢI TẠO MỚI - Phòng yên tĩnh gần Đại học Hà Nội,private_room,False,,/ đêm,1,,True,True,True,,True,True,True,False,False,False,True,True,,"4,78",9,4,271.565,₫271.565,True,,,,,,,,,,,,,,,,,,,,,,,,,,
39703917,https://www.airbnb.com.vn/rooms/39703917,Hà nội,30,21.03202,105.84704,REGULAR,,Khu phố cổ / PINKY HOME/ {Orchid garden Hanoi},entire_home,False,,/ đêm,2,,True,True,True,True,True,True,,False,False,,,,,"4,41",44,,,,True,,,,True,,,,,,,,,,,,,,,,,,,,,,
841756260812639174,https://www.airbnb.com.vn/rooms/841756260812639174,Hoàn Kiếm,12,21.0245787,105.8428323,REGULAR,,Soul Homestay - TV/bếp/Wi-fi,private_room,False,,/ đêm,2,,True,,True,True,True,True,True,False,False,,,,,"4,29",7,,,,True,,True,,,,,,,,,,,,,,,,,,,,,,,,
732151647948523523,https://www.airbnb.com.vn/rooms/732151647948523523,Hoàn Kiếm,28,21.021208,105.8473892,REGULAR,,VequeHomestay/Villa03/Trung tâm/Máy giặt miễn phí/Yên tĩnh,entire_home,False,,/ đêm,2,True,True,,,,True,True,,False,False,,,,,"4,48",58,,290.602,₫290.602,,,,True,,,,,,,,,,,,,,,,,,,,,,,
891602910962617082,https://www.airbnb.com.vn/rooms/891602910962617082,Tây Mỗ,7,21.0088528,105.7439194,REGULAR,,Ở chỗ chúng mình sẽ có tất cả,entire_home,False,,/ đêm,4,,True,True,,True,True,True,True,False,False,,,,,,,,,,True,,,,,,True,,,,,,,,,,,,,,,,,,,,
865932613451179787,https://www.airbnb.com.vn/rooms/865932613451179787,Hoàn Kiếm,9,21.033684,105.8473817,REGULAR,,Kome Inn - Jade Studio  *Center Old Quarter*,private_room,False,,/ đêm,2,,True,True,True,True,True,,True,,,False,True,True,,"4,33",3,,,,True,,,,,,,True,,,,,True,,,,,,,,,,,,,,
35046303,https://www.airbnb.com.vn/rooms/35046303,Yên Bái,28,21.72119,104.8747,REGULAR,,Phòng riêng - Zoni House- Gia đình bản xứ Yên Bái,private_room,False,,/ đêm,2,True,True,,True,True,True,True,,False,False,False,False,True,,,,,268.177,₫268.177,True,,,,,,,,,,,,,,,,,,,,,,,,,,
48061820,https://www.airbnb.com.vn/rooms/48061820,Mai Châu,12,20.643387,105.075859,REGULAR,,An Bungalow - Phong 1,private_room,False,,/ đêm,2,,True,,True,True,,True,True,False,False,False,False,True,,"4,8",5,2,416.530,₫416.530,,,,,,,True,,,,,,,True,,,,,,,,,,,,,
41680539,https://www.airbnb.com.vn/rooms/41680539,Sóc Sơn,29,21.21683,105.78117,REGULAR,,Tổ ấm Sao Mai - sân bay Nội Bài,private_room,False,,/ đêm,16,,True,,True,True,True,True,True,False,,,,,,"4,58",88,,340.071,₫340.071,,True,True,,True,,,,,,,,,,,,,,,,,,,,,,
893077195930306837,https://www.airbnb.com.vn/rooms/893077195930306837,Hoàn Kiếm,10,21.03251,105.8544,REGULAR,,Hanoi Boutique,private_room,False,,/ đêm,3,True,True,True,True,True,,True,True,,,,,,,,,,,,,,,True,,,,True,,,,,,,,,,,,,,,,,,,
40900943,https://www.airbnb.com.vn/rooms/40900943,Từ Liêm,8,21.02068,105.77559,REGULAR,,New apartment very cheap in my dinh 1,private_room,False,,/ đêm,2,,True,,True,,,True,,False,False,False,True,,,,,,267.650,₫267.650,True,,,,,,,,False,,,True,,,,,,,,,,,,,,,
21327955,https://www.airbnb.com.vn/rooms/21327955,Thành phố Yên Bái,30,21.78141,105.03538,REGULAR,,Gia đình bản xứ Thác Bà,shared_room,False,,/ đêm,16,,True,,True,True,True,,,False,False,,,,,,,,268.177,₫268.177,True,,,,,,,True,,,,,,,True,True,,,,,,,,,,,
34427814,https://www.airbnb.com.vn/rooms/34427814,Hoàn Kiếm,16,21.02121,105.84921,REGULAR,,Dreamcatcher Villa *** TV Netflix * *** ban công lớn *,private_room,False,,/ đêm,2,,True,True,True,True,True,True,,False,False,,,,,"4,75",24,,443.918,₫443.918,True,True,,,,,,,,,,,,,,,,,,,,,,,,,
20019831,https://www.airbnb.com.vn/rooms/20019831,Hanoi,30,21.04285,105.79045,REGULAR,,"Phòng có bếp, WC, Netflix gần phố khu ăn uống",entire_home,False,,/ đêm,3,,True,True,True,True,True,True,True,,,,,,,"4,91",196,,,,True,,,,True,,,True,,,,,,,,,,,,,,,,,,,
883560542097962991,https://www.airbnb.com.vn/rooms/883560542097962991,Từ Liêm,5,21.0496,105.78257,REGULAR,,Cảm giác thoải mái yên tĩnh,private_room,False,,/ đêm,2,,True,True,True,True,True,,True,False,,False,True,True,,,,,,,True,,,,,,,,,,,,,,,True,,,,,,,,,,,
21671494,https://www.airbnb.com.vn/rooms/21671494,Trung Liệt,11,21.01084,105.82428,REGULAR,,Sống cùng gia đình bản xứ đáng yêu tại Trung tâm Hà Nội,private_room,False,,/ đêm,2,,True,,True,True,True,True,,False,False,True,True,True,,"4,91",104,6,294.401,₫294.401,True,,,True,,,,,,,,,,,,,,,,,,,,,,,
755532648369451894,https://www.airbnb.com.vn/rooms/755532648369451894,Hoàn Kiếm,18,21.038,105.84541,REGULAR,,"Phòng rộng rãi, nơi thư giãn thực sự tại Hoàn Kiếm",private_room,False,,/ đêm,2,,True,True,,True,True,True,True,False,False,False,True,True,,"4,41",22,5,,,True,,,,,,,,,,,,,,,,,,,,,,,,,,
661452293174027216,https://www.airbnb.com.vn/rooms/661452293174027216,Hoàn Kiếm,8,21.02969,105.84732,REGULAR,,* Khuphố cổ * Nhà thờ *phòng có cửa sổ*,private_room,False,,/ đêm,2,,True,,True,True,,True,True,False,False,False,True,,True,"4,78",9,4,,,True,,,,,,,,False,,,,,,,,,,,,,,,,,,
891764502403241424,https://www.airbnb.com.vn/rooms/891764502403241424,Tây Hồ,16,21.08309,105.81966,REGULAR,,Vitamin Home~nice room w/balcony,private_room,False,,/ đêm,2,,True,True,,True,True,True,True,False,False,,,,,,,,,,True,,,,,,,,,,,,,,,,,,,,,,,,,,
656254346393995930,https://www.airbnb.com.vn/rooms/656254346393995930,Hoàn Kiếm,14,21.03461,105.85382,REGULAR,,Khách sạn giá rẻ Hà Nội EcoStay 2 - Nhà trọ tập thể hỗn hợp 4,shared_room,False,,/ đêm,10,,True,True,,True,,True,True,False,False,,,,,,,,,,True,,,,,,,,,True,,,,,,,,,,,,,,,,,
42992364,https://www.airbnb.com.vn/rooms/42992364,Thành phố Yên Bái,10,21.72051,104.87574,REGULAR,,Phòng ký túc xá - Zonihouse- Yên Bái homestay,shared_room,False,,/ đêm,6,,True,,True,True,True,True,,False,,,,,,,,,268.177,₫268.177,True,,,True,,,,,,,,,,True,,,True,,,,,,,,,,
33349086,https://www.airbnb.com.vn/rooms/33349086,Đống Đa,30,21.02791,105.84065,REGULAR,,"Cửa sổ siêu mỏng, khá rộng rãi, thông thoáng, ánh sáng tự nhiên ,2.",private_room,False,,/ đêm,2,,True,,True,True,True,True,,False,False,False,True,True,,"4,63",97,5,,,,,,True,,,,,,,,,,,,,,True,,,,,,,,,
884522026093493882,https://www.airbnb.com.vn/rooms/884522026093493882,Hoàn Kiếm,20,21.01942,105.85546,REGULAR,,Comfort/bathtub/HoanKiem/Cental,private_room,False,,/ đêm,2,,True,,,,True,True,True,False,False,False,True,True,,,1,5,,,True,,,,,,,,,,,,,,,True,,,,,,,,,,,
648381977328428715,https://www.airbnb.com.vn/rooms/648381977328428715,Hàng Bài,6,21.02409,105.85133,REGULAR,,Căn 1 phòng ngủ đáng yêu gần trung tâm Hà Nội,private_room,False,,/ đêm,2,,True,True,True,True,True,,,False,False,True,True,True,,"4,93",14,11,,,True,,,,,,,,,,,True,,,,,,,,,,,,,,,
780888412764806940,https://www.airbnb.com.vn/rooms/780888412764806940,Hoàn Kiếm,7,21.0315055,105.855027,REGULAR,,"Trung tâm Cozyhome Khu phố cổ, Nhà thờ",private_room,False,,/ đêm,2,True,True,True,True,,True,True,,,,,,,,"4,19",21,,280.751,₫280.751,True,,True,,True,,,True,,,,,,,,,,,,,,,,,,,
23065835,https://www.airbnb.com.vn/rooms/23065835,Ngọc Khánh,3,21.03226,105.82135,REGULAR,,"Phòng riêng tại Kim Mã, Ba Đình",private_room,False,,/ đêm,2,,True,,True,True,True,True,,False,,False,True,True,,"4,83",6,5,341.212,₫341.212,True,,,,True,,,,,,,True,,,,,,,,,,,,,,,
19939757,https://www.airbnb.com.vn/rooms/19939757,,20,21.03686,105.82352,REGULAR,,"Sống cùng gia đình bản xứ số 1 (phòng Hoian, stylist deco)",private_room,False,,/ đêm,2,,True,True,True,True,,,,False,False,True,True,True,,"4,82",91,6,428.233,₫428.233,True,True,,,,,,,,,,True,,,,,,,,,,,,,,,
656259025007316261,https://www.airbnb.com.vn/rooms/656259025007316261,Hoàn Kiếm,11,21.03449,105.85324,REGULAR,,Khách sạn giá rẻ Hà Nội EcoStay 2 - Nhà trọ tập thể hỗn hợp 5,shared_room,False,,/ đêm,12,,True,True,,True,,True,True,False,,,,,,,,,,,True,,,True,True,,,,,True,,,,,,,,,,,,,,,,,
41179589,https://www.airbnb.com.vn/rooms/41179589,Hà Nội,25,21.01056,105.86045,REGULAR,,Ban công/4.netflix/topferbed/wash/dry/AIRPORTcar,entire_home,False,,/ đêm,2,,True,True,True,True,True,,True,False,,,,,,"4,79",19,,360.825,₫360.825,True,,,,,True,,True,,,,,,,,,,,,,,,,,,,
770925754538389296,https://www.airbnb.com.vn/rooms/770925754538389296,Hoàn Kiếm,10,21.02225,105.8614,REGULAR,,"Ấm cúng, ánh sáng mặt trời 1br ở Hoàn Kiếm",private_room,False,,/ đêm,2,,True,True,,True,True,True,True,False,,False,True,True,,"4,57",14,9,,,True,,,,True,,,,,,,,,,,,,,,,,,,,,,
774584790760779336,https://www.airbnb.com.vn/rooms/774584790760779336,Hoàn Kiếm,30,21.0262038,105.8436506,REGULAR,,Phòng Retro thập niên 80 độc đáo với Big Sunshine Terrace,private_room,False,,/ đêm,2,,True,True,True,,,True,,False,False,True,True,True,,"4,71",24,3,489.482,₫489.482,True,True,,,,,,True,,,,,,,,,,,,,,,,,,,
885947778622110964,https://www.airbnb.com.vn/rooms/885947778622110964,Ba Đình,26,21.04659,105.80825,REGULAR,,Cozy room near the Ha Noi center and West Lake 3.2,private_room,False,,/ đêm,2,,True,True,True,True,True,,True,False,False,False,True,True,,,,,,,,,,,,,,True,,,,,,,,,,,,,,,,,,,
52978253,https://www.airbnb.com.vn/rooms/52978253,Ba Đình,23,21.03442,105.80733,REGULAR,,"Căn hộ ấm cúng, thân thiện ở trung tâm thành phố",private_room,False,,/ đêm,2,,True,True,,True,True,True,,False,False,True,True,True,,"5,0",44,2,399.412,₫399.412,True,,,,,,,,,,,True,,,,,,,,,,,,,,,
19939687,https://www.airbnb.com.vn/rooms/19939687,,23,21.0351,105.8221,REGULAR,,Quyet Homestay #2 (Halong Bay room & balcony),private_room,False,,/ đêm,2,True,True,True,True,True,,,,False,False,True,True,True,,"4,86",126,6,481.803,₫481.803,True,,,,,,,,,,,True,,,,,,,,,,,,,,,
661422925069945305,https://www.airbnb.com.vn/rooms/661422925069945305,Hoàn Kiếm,9,21.03051,105.84812,REGULAR,,*OLDQUARTER*Nhà thờ HÀ NỘI*CỦ CẢI,private_room,False,,/ đêm,2,,True,,,True,,True,True,False,,False,True,True,,"4,43",7,4,,,True,,True,True,,,,,,,,,,,,,,,,,,,,,,,
865009784625368046,https://www.airbnb.com.vn/rooms/865009784625368046,Ba Đình,6,21.0333701,105.811266,REGULAR,,1 studio near westlake and Lotte BĐinh,private_room,False,,/ đêm,2,,True,True,True,True,,,True,False,,False,True,,,,2,2,325.235,₫325.235,True,,,,,,,True,False,,,,,,,True,,,,,,,,,,,
35856057,https://www.airbnb.com.vn/rooms/35856057,Đống Đa,20,21.02745,105.83952,REGULAR,,Nhà của Juan 2. Hanoi Sweet Home - Chợ địa phương,private_room,False,,/ đêm,2,,True,True,,,True,True,,False,,False,True,True,,"4,75",44,5,,,True,,True,True,True,,,,,,,,,,,,,,,,,,,,,,
878971967452050482,https://www.airbnb.com.vn/rooms/878971967452050482,Từ Liêm,5,21.02026,105.778,REGULAR,,Eterbe house - Discount từ 15-18/4,private_room,False,,/ đêm,2,,True,True,True,True,,,True,False,,False,True,True,True,,,,422.235,₫422.235,True,,,,,,,True,,,,,,,,,,,,,,,,,,,
34796586,https://www.airbnb.com.vn/rooms/34796586,Hanoi,14,21.03564,105.85577,REGULAR,,CHẾ ĐỘ XEM/VỊ TRÍ TUYỆT VỜI - SỐNG CÙNG GIA ĐÌNH BẢN XỨ TRONG XƯƠNG RỒNG,private_room,False,,/ đêm,2,,True,,True,,True,True,,False,False,False,True,,,"4,57",7,4,410.824,₫410.824,True,True,True,,,,,,False,,,,,,,,,,,,,,,,,,
628478416887162501,https://www.airbnb.com.vn/rooms/628478416887162501,Hoan Kiem district,21,21.021695,105.85979,REGULAR,,Phòng ánh sáng mặt trời gần Nhà hát Lớn,private_room,False,,/ đêm,2,,True,True,True,True,True,True,True,False,,False,True,True,,"4,55",11,9,,,True,,,,,,,,,,,,,,,,,,,,,,,,,,
31548066,https://www.airbnb.com.vn/rooms/31548066,Nam Từ Liêm,26,21.04242,105.7668,REGULAR,,Goldmark City Apartment Homestay,private_room,False,,/ đêm,1,,True,,,True,True,True,,,,False,False,,,"5,0",10,5,293.967,₫293.967,True,True,,,,True,True,,False,,,True,,,,,,,,,,,,,,,
791493165885230507,https://www.airbnb.com.vn/rooms/791493165885230507,Tây Hồ,13,21.07974,105.81953,REGULAR,,Ban công Sunside Studio ấm cúng,private_room,False,,/ đêm,2,True,True,True,True,True,,,True,False,False,,,,,,,,421.257,₫421.257,True,,,,,,,True,,,,,,,,,,,,,,,,,,,
29995408,https://www.airbnb.com.vn/rooms/29995408,Hanoi,30,21.03535,105.8504,REGULAR,,Nhà của Trần - view thành phố/Tầng thượng lớn/Qtr Cũ trung tâm,private_room,False,,/ đêm,2,True,True,True,,True,True,,,False,False,False,True,True,,"4,73",134,5,466.667,₫466.667,,,,,,True,,,,,,True,,,,,,,,,,,,,,,
20396616,https://www.airbnb.com.vn/rooms/20396616,Yên Phụ,21,21.0545,105.83766,REGULAR,,Sống cùng gia đình bản xứ Kim Hà Nội 2,private_room,False,,/ đêm,2,,True,True,True,True,True,,,False,False,True,True,True,,"4,78",23,6,321.187,₫321.187,True,True,,,,,,,,,,,,,,,,,,,,,,,,,
787380266410387770,https://www.airbnb.com.vn/rooms/787380266410387770,Tây Hồ,13,21.05088759924921,105.8094449730104,REGULAR,,"Vong Thi, Room402. Studios gần Hồ Tây",private_room,False,,/ đêm,2,,True,,,True,True,True,,False,False,True,True,,,"5,0",7,2,412.000,₫412.000,True,,,True,,,,,False,,,,,,,,True,,,,,,,,,,
666309265194580487,https://www.airbnb.com.vn/rooms/666309265194580487,Kim Mã,18,21.02365444427904,105.5821264866233,REGULAR,,Chào mừng Ba Vi Bungalow yên bình - LB B4,private_room,False,,/ đêm,2,,True,True,True,True,,,,False,False,,,,,,,,462.177,₫462.177,True,,,,,,True,True,,,,,,,,,,,True,,,,,,,,
825831251224318852,https://www.airbnb.com.vn/rooms/825831251224318852,Yên Bái,26,21.47761,104.8485,REGULAR,,Homestay Hào Bà,shared_room,False,,/ đêm,10,True,True,True,True,True,,,,False,False,,,,,,,,,,True,,,,,,,True,,,,,,,,,,True,,,,,,,,,
888128215489217175,https://www.airbnb.com.vn/rooms/888128215489217175,Tây Hồ,20,21.05285,105.8374432,REGULAR,,"Sun Clover Home-indochine style,city view,westlake",private_room,False,,/ đêm,2,True,True,True,True,True,True,True,,False,,,,,,,,,479.294,₫479.294,,,,,,True,,,,,,,,,,,True,,,,,,,,,,
804796818122849248,https://www.airbnb.com.vn/rooms/804796818122849248,Hoàn Kiếm,16,21.029270157205495,105.84929621719668,REGULAR,,GEM-Sapphire,private_room,False,,/ đêm,3,,True,True,True,True,True,True,,False,False,False,True,True,,"4,71",17,3,454.153,₫454.153,,True,,,,,,,,,,,,,,,,,,,,,,,,,
630643621269241930,https://www.airbnb.com.vn/rooms/630643621269241930,Hoàn Kiếm,17,21.03392,105.853676,REGULAR,,Reale F5-3 - Chuyến phiêu lưu mới trong khu phố cổ,shared_room,False,,/ đêm,1,,True,,,,,True,True,False,,,,,,"4,82",17,,273.882,₫273.882,,,,,True,,,,,,,,,True,,,,,,,,,,,,,
713280798716468993,https://www.airbnb.com.vn/rooms/713280798716468993,Hoàn Kiếm,10,21.030949,105.850153,REGULAR,,"Condo with kitchen in Ho Guom, Ta Hien, Cathedral!",private_room,False,,/ đêm,2,True,True,True,True,,True,True,,,,,,,True,"4,27",26,,487.247,₫487.247,True,,,,,True,,True,,,,,,,,,,,,,,,,,,,
597842582217773112,https://www.airbnb.com.vn/rooms/597842582217773112,Hoàn Kiếm,19,21.02983,105.84528,REGULAR,,Moonni Homestay - Không gian sống tối thiểu @ Hoàn Kiếm,private_room,False,,/ đêm,2,,True,,True,,,True,True,False,False,False,True,True,True,"4,5",22,1,346.301,₫346.301,True,,,,,,,True,,,,,,,,,,,,,,,,,,,
870118745112046288,https://www.airbnb.com.vn/rooms/870118745112046288,Ba Đình,9,21.03419,105.81093,REGULAR,,2 studio near westlake and lotte badinh,private_room,False,,/ đêm,2,,True,True,,True,True,True,True,,,False,True,True,,,2,2,314.394,₫314.394,True,,,,,,,True,,,,,,,,True,,,,,,,,,,,
878513445516279762,https://www.airbnb.com.vn/rooms/878513445516279762,Hai Bà Trưng,8,21.007548799405882,105.85972253233194,REGULAR,,Căn Hộ Nhỏ Xinh Gần CV Tuổi Trẻ,private_room,False,,/ đêm,1,True,True,True,,,True,True,True,False,False,False,True,,,,2,3,289.859,₫289.859,True,,,,,,,,False,,,,,,,,,,,,,,,,,,
34844777,https://www.airbnb.com.vn/rooms/34844777,Ba Đình,11,21.03257,105.80672,REGULAR,,"Căn hộ H803-01 Giường * Giặt ủi miễn phí, dọn dẹp *Gim*Lotte",entire_home,False,,/ đêm,2,,True,,True,True,True,True,,False,,,,,,"4,79",42,,471.062,₫471.062,True,True,,,,,,,,,,True,,,,True,,,,,,,,,,,
784638738240140393,https://www.airbnb.com.vn/rooms/784638738240140393,Quảng An,30,21.06647260036268,105.82533603933919,REGULAR,,Tây Hồ Studio! Ngôi nhà ấm cúng! Gần Hồ.,entire_home,False,,/ đêm,2,,True,True,True,True,True,True,,False,False,,,,,"4,8",10,,420.518,₫420.518,,,,True,,,,,,,,,,,,,,,,,,,,,,,
774579236697560281,https://www.airbnb.com.vn/rooms/774579236697560281,Hoàn Kiếm,20,21.0262038,105.8436506,REGULAR,,Cool Retro Budget Room với Big Outdoor Terrace,private_room,False,,/ đêm,2,,True,True,True,,,True,,False,False,True,True,True,,"4,94",16,3,,,True,,True,,,,,True,,,,,,,,,,,,,,,,,,,
828700828300061719,https://www.airbnb.com.vn/rooms/828700828300061719,Tây Hồ,10,21.0628395,105.8234699,REGULAR,,R601 - Studio ấm cúng cho cặp đôi ở Tây Hồ,entire_home,False,,/ đêm,2,,True,True,True,True,True,True,True,,,,,,,"4,83",12,,480.307,₫480.307,True,,,True,,,,,,,,,,,,,,,,,,,,,,,
713955733425948869,https://www.airbnb.com.vn/rooms/713955733425948869,Hoàn Kiếm,10,21.030949,105.850153,REGULAR,,"Lovelycondo in Ho Guom,Ta Hien,Cathedral,Mausoleum",private_room,False,,/ đêm,2,True,True,True,True,,True,True,,,,,,,True,"4,46",35,,,,True,,,,,True,,True,,,,,,,,,,,,,,,,,,,
774590549939636694,https://www.airbnb.com.vn/rooms/774590549939636694,Hoàn Kiếm,24,21.0262038,105.8436506,REGULAR,,Phòng Sunshine Retro thập niên 80 với Sân thượng ngoài trời lớn,private_room,False,,/ đêm,3,,True,True,True,,,True,,False,False,True,True,True,,"4,83",24,3,483.844,₫483.844,True,,,,,True,,True,,,,,,,,,,,,,,,,,,,
45868684,https://www.airbnb.com.vn/rooms/45868684,Hai Bà Trưng,7,21.01864,105.84119,REGULAR,,Căn hộ kiểu✯ Pháp Lagom Homestay Phòng✯ yên tĩnh,entire_home,False,,/ đêm,3,,True,,True,,,True,,False,False,,,,,"4,74",112,,421.094,₫421.094,True,True,True,True,,,,,,True,,,,,,,,,,,,,,,,,
878870840165610986,https://www.airbnb.com.vn/rooms/878870840165610986,Hoàn Kiếm,7,21.03004,105.8486,REGULAR,,Joyce  ChurchView  BestLocation,entire_home,False,,/ đêm,2,,True,True,True,True,,True,,False,False,,,,,,,,479.294,₫479.294,True,,,True,True,,,,,,,,,,,,,,,,,,,,,,
650844189111285267,https://www.airbnb.com.vn/rooms/650844189111285267,Hoàn Kiếm,30,21.02921,105.84757,REGULAR,,Vitamin Home ~ Summer room in HoanKiem,private_room,False,,/ đêm,2,,True,True,True,True,True,True,,False,False,False,True,True,,"4,54",26,6,490.706,₫490.706,True,,,,,,,,,,,,,,,,,,,,,,,,,,
555656581000472665,https://www.airbnb.com.vn/rooms/555656581000472665,Ba Đình,10,21.04676,105.84136,REGULAR,,Căn hộ ban công phong cách Hồ Trúc Bạch 1 phút,entire_home,False,,/ đêm,2,,True,True,,True,,True,True,False,False,,,,,"4,39",33,,461.023,₫461.023,True,,True,,,,,,,,,True,,,,,,,,,,,,,,,
17859872,https://www.airbnb.com.vn/rooms/17859872,Hanoi,19,21.03105,105.85486,REGULAR,,Căn hộ trung tâm hoàn hảo - Khu phố cổ Hà Nội,entire_home,False,,/ đêm,2,True,True,,True,True,,True,,False,,,,,True,"4,69",101,,438.229,₫438.229,,,True,,,True,,,,,,,,,,,,,,True,,,,,,,
44426054,https://www.airbnb.com.vn/rooms/44426054,Hoàn Kiếm,30,21.02199,105.85323,REGULAR,,LUXHOME3_Yên tĩnh_BigBacony4 phút đến Hồ Hoàn Kiếm,entire_home,False,,/ đêm,2,True,True,,,,,True,,False,False,,,,,"4,16",19,,,,True,,True,True,,,,,,,,,,,,,,True,,,,,,,,,
46229103,https://www.airbnb.com.vn/rooms/46229103,Hải Bối,12,21.11732,105.80361,REGULAR,,Green Homestay,private_room,False,,/ đêm,2,True,True,,True,True,True,,,False,False,False,True,True,,"4,67",6,3,321.187,₫321.187,True,,,,,,,True,,,,,,,,,,,,,,,,,,,
632870046970984382,https://www.airbnb.com.vn/rooms/632870046970984382,Thái Nguyên,11,21.57752,105.83151,REGULAR,,Nơi nghỉ dưỡng tuyệt đẹp giữ lòng thành phố.,private_room,False,,/ đêm,2,,True,True,True,True,,True,True,False,False,,,,,,,,422.235,₫422.235,True,,True,,,,,,,,,,,,,,,,,,,,,,,,
43617150,https://www.airbnb.com.vn/rooms/43617150,Mai Châu,27,20.65865,105.09068,REGULAR,,Phong cảnh vườn nhà đôi sinh thái Mai Châu,private_room,False,,/ đêm,2,,True,,True,,True,,,,False,False,True,True,,"4,67",3,3,481.803,₫481.803,True,True,,True,,,,,,,,,,True,,True,,,,,,,,,,,
893089055253770237,https://www.airbnb.com.vn/rooms/893089055253770237,Đống Đa,10,21.029622935330696,105.8336904951065,REGULAR,,Libré Homestay - City View,private_room,False,,/ đêm,2,,True,,,True,True,True,True,False,,,,,,,,,,,True,,,,,,,,,,,,,,,,,,,,,,,,,,
872989129723295454,https://www.airbnb.com.vn/rooms/872989129723295454,Hoàn Kiếm,18,21.02564,105.85428,REGULAR,,Loft House/ Hoan Kiem Lake/ Book Street,entire_home,False,,/ đêm,2,,True,True,,True,,True,,False,False,,,,True,,,,445.059,₫445.059,True,,,,,,,,,,,,,,,,,,,,,,,,,,
35809168,https://www.airbnb.com.vn/rooms/35809168,,11,21.03183,105.8081,REGULAR,,"H271*1bed Apt* Free laundry, clearning* Gim*Lotte",entire_home,False,,/ đêm,2,,True,,True,True,True,,,False,,,,,,"4,86",73,,487.151,₫487.151,True,True,,,,,,True,,,,True,,,,True,,,,,,,,,,,
685220543219968997,https://www.airbnb.com.vn/rooms/685220543219968997,Hoàn Kiếm,17,21.03185,105.85081,REGULAR,,"!!!Condo in center Old Quarter, Cathedral, Ho Guom",private_room,False,,/ đêm,2,,True,True,True,,True,True,,,,,,,,"4,59",27,,,,,,True,True,,,,True,,,,,,,,,True,,,,True,,,,,,
691767114617574425,https://www.airbnb.com.vn/rooms/691767114617574425,Tây Hồ,16,21.0601,105.83381,REGULAR,,"cozy room, heart in westlake",private_room,False,,/ đêm,2,,True,True,True,True,True,True,,False,False,,,,,,,,479.294,₫479.294,,,,,,,,,,,,,,,,,,,,,,,,,,,
49039294,https://www.airbnb.com.vn/rooms/49039294,Ba Đình,17,21.04616,105.84028,REGULAR,,Studio với hàng tấn ánh sáng tự nhiên,entire_home,False,,/ đêm,2,True,True,True,True,True,,,,False,False,,,,True,,,,456.471,₫456.471,True,,,,,,,True,,,,,,,,,,,,,,,,,,,
20574867,https://www.airbnb.com.vn/rooms/20574867,Hà Nội,17,21.03143,105.84981,REGULAR,,-50% /1’ đến Hồ Hoàn Kiếm/5F,private_room,False,,/ đêm,2,True,True,,True,True,True,,,False,False,False,True,True,,"4,69",111,6,,,True,,,,,,,True,,,,,,,,,,,,,,,,,,,
875630631270068528,https://www.airbnb.com.vn/rooms/875630631270068528,Hoàn Kiếm,8,21.03107,105.84405,REGULAR,,Compact vintage room @ Hoan Kiem,private_room,False,,/ đêm,4,,True,True,True,,True,True,True,False,False,,,,,,,,,,True,,,,,,,,,,,,,,,,,,,,,,,,,,
885169885818975484,https://www.airbnb.com.vn/rooms/885169885818975484,Tây Hồ,5,21.0673808,105.8350737,REGULAR,,Homestay giá rẻ  tại Tây Hồ,private_room,False,,/ đêm,4,,True,True,True,,,,True,False,False,,,,True,,,,,,True,,,,,True,,True,,,,,,,,,,,,,,,,,,,
727978228198297176,https://www.airbnb.com.vn/rooms/727978228198297176,Hoàn Kiếm,6,21.03142,105.85008,REGULAR,,Aqua House 1* 50m đến hồ Guom * khu phố CỔ,private_room,False,,/ đêm,2,,True,True,True,,True,True,,False,False,,,,,"4,4",25,,,,,True,,True,,,,,,True,,,,,,,,,,,,,,,,,
656068383044424258,https://www.airbnb.com.vn/rooms/656068383044424258,Hoàn Kiếm,16,21.03512,105.85224,REGULAR,,Khách sạn giá rẻ Hà Nội EcoStay 2 - Nhà trọ tập thể hỗn hợp 2,shared_room,False,,/ đêm,10,,True,True,,True,,True,True,False,False,,,,,"4,33",3,,,,True,,True,,,,,,,True,,,,,,,,,,,,,,,,,
871819211863215444,https://www.airbnb.com.vn/rooms/871819211863215444,Hoàn Kiếm,14,21.02768185813895,105.84500751957397,REGULAR,,The only QUEEN SIZE bunk bed in Hanoi (01 bed),shared_room,False,,/ đêm,1,True,True,,,,,True,True,,,,,,,,,,273.882,₫273.882,True,,True,True,True,,,,,True,True,,,,,,,,,,,,,,,,
30390106,https://www.airbnb.com.vn/rooms/30390106,Ba Đình,14,21.0424,105.84326,REGULAR,,"SunFlower homestay, Làn đường yên tĩnh,Gần khu phố cổ(2)",private_room,False,,/ đêm,2,,True,,True,,True,True,,False,False,True,True,True,,"4,78",90,4,401.495,₫401.495,True,True,,True,,,,,,,,,,,,,,,,,,,,,,,
833710241504370028,https://www.airbnb.com.vn/rooms/833710241504370028,Hoàn Kiếm,20,21.0372636,105.8523205,REGULAR,,"Comfy Studio Loft, Private Balcony, Local Living",entire_home,False,,/ đêm,2,,True,,,True,,True,,False,False,,,,,"4,31",13,,,,,,True,True,True,,,True,,True,,,,,,,,,,,,,,,,,
595832597886914368,https://www.airbnb.com.vn/rooms/595832597886914368,Ba Đình,15,21.03376,105.80655,REGULAR,,H3361*Căn hộ đáng yêu với bồn tắm* gần Lotte *CGV,private_room,False,,/ đêm,2,,True,True,,True,,,True,False,,,,,,"4,89",9,,487.151,₫487.151,True,True,,,,,,True,,,,True,,,,True,,,,,,,,,,,
40939792,https://www.airbnb.com.vn/rooms/40939792,Hà Nội,24,21.01035,105.85893,REGULAR,,Ban công/1.netflix/wash/dry/Airportcar/freeparking,entire_home,False,,/ đêm,3,,True,True,True,True,True,,True,False,,,,,,"4,62",13,,425.325,₫425.325,True,True,,,,,,True,,,,,,,,,,,,,,,,,,,
32847325,https://www.airbnb.com.vn/rooms/32847325,Ba Đình,17,21.04462,105.84439,REGULAR,,Linnie 's Abditory - Ở trung tâm Hà Nội,entire_home,False,,/ đêm,2,,True,,,,,True,,False,False,,,,,"4,89",102,,413.106,₫413.106,,,,True,,,,,,True,,,,,,,True,,,,,,,,,,
48399757,https://www.airbnb.com.vn/rooms/48399757,Hoàng Mai,15,20.97988,105.81444,REGULAR,,Giai điệu Đại Kim quê hương - Hà Nội,private_room,False,,/ đêm,2,,True,,True,True,True,True,True,False,,False,True,,,"4,75",4,2,402.731,₫402.731,True,,,,,,,,False,,,True,,,,,,,,,,,,,,,
893092575076041318,https://www.airbnb.com.vn/rooms/893092575076041318,Đống Đa,19,21.029619046667232,105.83367860304108,REGULAR,,Libré Homestay - Stadium View,private_room,False,,/ đêm,2,,True,,,True,True,True,True,False,,,,,,,,,,,True,,,,,,,,,,,,,,,,,,,,,,,,,,
655633424964749959,https://www.airbnb.com.vn/rooms/655633424964749959,Tây Hồ,19,21.05408,105.8376,REGULAR,,Kimhanoi Homestay 5,private_room,False,,/ đêm,2,,True,True,True,,,True,,False,False,True,True,,,"4,67",9,6,401.495,₫401.495,,,,,,,,,False,,,,,,,,True,,,,,,,,,,
645244618667748795,https://www.airbnb.com.vn/rooms/645244618667748795,Hanoi,30,21.31828,105.77714,REGULAR,,Địa điểm cắm trại rừng thông ven hồ,private_room,False,,/ đêm,12,,True,,True,,,True,,False,False,,,,,,,,353.765,₫353.765,,,,,,,,True,,,,,,,,,True,,,,,True,,,,,
753502350104915466,https://www.airbnb.com.vn/rooms/753502350104915466,Hoàn Kiếm,16,21.0380821,105.8454286,REGULAR,,"Phòng thoải mái, yên tĩnh, ánh sáng tự nhiên, Hoàn Kiếm",private_room,False,,/ đêm,2,,True,True,,True,True,True,True,False,False,False,True,True,,"4,7",23,5,420.868,₫420.868,True,,,,,,,,,,,,,,,,,,,,,,,,,,
893099396958136552,https://www.airbnb.com.vn/rooms/893099396958136552,Đống Đa,14,21.029634068030088,105.83368933187714,REGULAR,,Libré Homestay- Stadium Top View,private_room,False,,/ đêm,2,,True,,,True,True,True,True,False,,,,,,,,,,,True,,,,,,,,,,,,,,,,,,,,,,,,,,
893096716441713807,https://www.airbnb.com.vn/rooms/893096716441713807,Đống Đa,17,21.02964797093394,105.83368513068847,REGULAR,,Libré Homestay- Stadium Top View,private_room,False,,/ đêm,2,,True,,,True,True,True,True,False,,,,,,,,,,,True,,,,,,,,,,,,,,,,,,,,,,,,,,
821678601683410888,https://www.airbnb.com.vn/rooms/821678601683410888,Cầu Giấy,10,21.03032,105.7969,REGULAR,,Căn Hộ Tiện Nghi Gần CV Cầu Giấy,private_room,False,,/ đêm,1,,True,True,,True,True,True,True,False,False,False,True,True,,,1,3,386.859,₫386.859,True,,,,,,,,,,,,,,,,,,,,,,,,,,
559034921220790557,https://www.airbnb.com.vn/rooms/559034921220790557,Hoàn Kiếm,7,21.03196,105.84669,REGULAR,,Phòng riêng tại khu phố cổ/ban công/tầm nhìn ra thành phố,private_room,False,,/ đêm,2,True,True,,True,True,,True,True,False,False,False,True,True,,"4,52",42,5,456.471,₫456.471,,,True,,,,,,,,,,,,,,,,,,,,,,,,
33277319,https://www.airbnb.com.vn/rooms/33277319, Hang Dao Ward,13,21.03649,105.84916,REGULAR,,8 giường ngủ ký túc xá,hotel_room,False,,/ đêm,8,True,True,,,,,True,,False,,,,,,"4,43",7,,251.627,₫251.627,,,,True,True,,,,,,,,,True,,,True,,,,,,True,,,,
40554422,https://www.airbnb.com.vn/rooms/40554422,Hoàn Kiếm,30,21.03358,105.8543,REGULAR,,#22 PHÒNG RIÊNG ẤM CÚNG CÁCH️ HỒ HOÀN KIẾM❤️ 2 PHÚT,private_room,False,,/ đêm,2,,True,,,,,True,,False,False,False,True,True,,,1,5,441.885,₫441.885,True,,,True,,,,,,,,,,,,,,,,,,,,,,,
847513943285043637,https://www.airbnb.com.vn/rooms/847513943285043637,Tây Hồ,16,21.06896,105.82393,REGULAR,,Studio 01 giường tại Thành phố Tây Hồ,entire_home,False,,/ đêm,2,,True,,True,True,True,,,False,False,,,,,"5,0",4,,430.765,₫430.765,True,True,,,,True,,,,,,,,,,,,,,True,,,,,,,
42236398,https://www.airbnb.com.vn/rooms/42236398,Tây Hồ,27,21.06339,105.8314,REGULAR,,TRAAM Việt Tea Inn - Phòng Deluxe,private_room,False,,/ đêm,2,True,True,True,True,True,,True,True,,,True,True,True,True,"5,0",7,4,482.683,₫482.683,,,,,,,,True,,,,,,,,,,,,,,,,,,,
29245929,https://www.airbnb.com.vn/rooms/29245929,,30,20.62668,105.21686,REGULAR,,Homestay Mường Bi - Chú Lon - Phòng đôi,private_room,False,,/ đêm,2,True,True,,True,True,,,,False,False,False,False,,,,2,5,,,True,,,,,,True,True,False,,,,,,,,,,,,,,,,,,
36889236,https://www.airbnb.com.vn/rooms/36889236,Thanh Xuân,19,20.98769,105.7979,REGULAR,,- CẢI TẠO MỚI Phòng Tư nhân gần trường Đại học Hà Nội.,private_room,False,,/ đêm,2,,True,True,True,,True,True,True,False,False,False,True,True,,"5,0",7,4,345.741,₫345.741,True,,,,,,,,,,,,,,,,,,,,,,,,,,
43685965,https://www.airbnb.com.vn/rooms/43685965,Hoàn Kiếm,30,21.03559,105.85361,REGULAR,,"Studio, thang máy, Hoàn Kiếm, gần khu phố cổ #B02",entire_home,False,,/ đêm,2,,True,True,True,True,True,True,True,,,,,,,"4,93",166,,492.143,₫492.143,True,True,,,,,,,,,,True,,,,,,,,,,,,,,,
891590449449301061,https://www.airbnb.com.vn/rooms/891590449449301061,Hoàn Kiếm,12,21.0301731,105.8504665,REGULAR,,Mascapone - 50mtoHoan Kiem Lake,private_room,False,,/ đêm,2,,True,,,True,,True,,False,False,,,,,,,,489.189,₫489.189,True,,True,True,,,,,,True,,True,,,,,,,,,,,,,,,
729625493927442011,https://www.airbnb.com.vn/rooms/729625493927442011,Hoàn Kiếm,6,21.03144,105.85,REGULAR,,Aqua house 3 * 50m hồ Guom * khu phố CỔ*netflix,private_room,False,,/ đêm,2,,True,True,True,True,True,True,,False,False,,,,,"4,17",23,,,,,True,,True,,,,,,,,,,,,,,,,,,,,,,,
735720253726051982,https://www.airbnb.com.vn/rooms/735720253726051982,Hoàn Kiếm,17,21.021208,105.8473892,REGULAR,,Vequehomflix/Villa4/Netflix/Nhà bếp/Hoà bình,private_room,False,,/ đêm,2,,True,,,True,True,True,,False,False,False,False,,,"4,43",7,8,,,True,,,,,,,,False,,,,,,,,,,,,,,,,,,
844817886726901754,https://www.airbnb.com.vn/rooms/844817886726901754,Ba Đình,8,21.033092023426853,105.81121545284986,REGULAR,,3 studio near WestLake and Lotte BaDinh,private_room,False,,/ đêm,2,,True,True,True,True,,,True,False,False,,,,,,,,379.441,₫379.441,True,,,,,,,True,,,,,,,,True,,,,,,,,,,,
22541913,https://www.airbnb.com.vn/rooms/22541913,Hanoi,16,21.00851,105.82306,REGULAR,,Phòng ngủ có sân vườn ngay trung tâm Hà Nội,private_room,False,,/ đêm,2,,True,,True,True,True,True,,False,False,True,True,True,,"4,82",87,6,347.972,₫347.972,True,True,,,,,,,,,,,,,,,,,,,,,,,,,
891594785889170927,https://www.airbnb.com.vn/rooms/891594785889170927,Hoàn Kiếm,12,21.0301731,105.8504665,REGULAR,,Le Teapot @50m to HoanKiemLake,private_room,False,,/ đêm,2,,True,,,True,,True,,False,False,,,,,,,,489.189,₫489.189,True,,True,True,,,,,,True,,True,,,,,,,,,,,,,,,
40364755,https://www.airbnb.com.vn/rooms/40364755,Hà Nội,30,21.03117,105.85395,REGULAR,,#41 PHONG CÁCH TỐI GIẢN ★5 phút đến Nhà hát Múa rối Nước,private_room,False,,/ đêm,2,,True,,,True,,True,,False,False,False,True,True,,"4,7",10,5,,,True,,,True,,,,,,,,,,,,,,,,,,,,,,,
10540525,https://www.airbnb.com.vn/rooms/10540525,Hanoi,26,21.03489,105.84494,REGULAR,,Phòng studio rộng rãi gần khu phố cổ,private_room,False,,/ đêm,2,,True,True,True,True,True,True,,False,False,False,True,True,,"4,77",239,7,,,True,,,,,,,,,,,,,,,,,,,,,,,,,,
34636213,https://www.airbnb.com.vn/rooms/34636213,,13,21.03259,105.80813,REGULAR,,"H251 * Căn hộ 1 giường * Giặt ủi, vệ sinh miễn phí * Phòng tập thể dục *Lotte",entire_home,False,,/ đêm,2,,True,,True,True,True,True,,,,,,,,"4,78",51,,487.151,₫487.151,True,True,,,,,,True,,,,True,,,,True,,,,,,,,,,,
770554277221934764,https://www.airbnb.com.vn/rooms/770554277221934764,Tây Hồ,28,21.0899591,105.7915941,REGULAR,,Ngôi nhà ấm áp và thân thiện - gần Hồ Tây,private_room,False,,/ đêm,2,,True,True,,True,True,True,,False,False,False,True,True,,,,,273.882,₫273.882,True,,,,,,,True,,,,,,,,,,,,,,,,,,,
797679496311138245,https://www.airbnb.com.vn/rooms/797679496311138245,Hoàn Kiếm,5,21.03118,105.85587,REGULAR,,"Khu phố cổ Lovelyhome,Nhà thờ",entire_home,False,,/ đêm,2,True,True,True,True,True,True,True,,,,,,,,"4,21",29,,365.177,₫365.177,True,,True,,,,,True,,,,,,,,,,,,,,,,,,,
767734500890791044,https://www.airbnb.com.vn/rooms/767734500890791044,Quảng An,14,21.06674,105.82421,REGULAR,,"Ngôi nhà ấm cúng, Trung tâm Tây Hồ, Gần Hồ.",entire_home,False,,/ đêm,2,,True,,,True,,True,True,False,False,,,,,"4,5",6,,428.212,₫428.212,True,,,,,,,,,,,,,,,,,,,,,,,,,,
43519626,https://www.airbnb.com.vn/rooms/43519626,Hà Nội,27,21.02954,105.81436,REGULAR,,[FLASHSALE]Local central loft@HanoiBuiHomestay,entire_home,False,,/ đêm,5,,True,True,,True,True,True,True,False,False,,,,,"4,86",29,,,,True,,,True,,,,,,,,,,,,,,,,,,,,,,,
836610309307990848,https://www.airbnb.com.vn/rooms/836610309307990848,Tây Hồ,10,21.06905,105.82356,REGULAR,,Studio Apt on To Ngoc Van 36,entire_home,False,,/ đêm,2,,True,,True,True,,,,False,False,,,,,"4,67",3,,424.589,₫424.589,True,,,,,True,,True,,,,,,,,True,,,,True,,,,,,,
39404445,https://www.airbnb.com.vn/rooms/39404445,Hoàn Kiếm,19,21.03336,105.85278,REGULAR,,Phố ✨Bia❗ ️ Phòng Riêng NHỎ ẤM cúng❗ ️,private_room,False,,/ đêm,2,True,True,,True,True,,True,,,,False,True,True,,"4,63",86,5,455.019,₫455.019,,,,True,True,,,,,,,,,,,,,,,,True,,,True,,,
41396609,https://www.airbnb.com.vn/rooms/41396609,Hoàn Kiếm,29,21.02093,105.84785,REGULAR,,Vequehomestay✩villa11✩NetflixTV✩VS riêng✩Sân để xe,private_room,False,,/ đêm,2,True,True,,True,True,True,True,,False,False,False,True,,,"4,75",84,7,385.405,₫385.405,,,,,,,,,False,,,,,,,,,,,,,,,,,,
882132395764014937,https://www.airbnb.com.vn/rooms/882132395764014937,Hoàn Kiếm,6,21.02958,105.8462,REGULAR,,Heart of Hoan Kiem super aesthetic,private_room,False,,/ đêm,2,,True,True,True,,,True,True,False,False,,,,True,,,,419.294,₫419.294,True,,,,,,,True,,,,,,,,,,,,,,,,,,,
709835938086573677,https://www.airbnb.com.vn/rooms/709835938086573677,Ba Đình,6,21.04366,105.84068,REGULAR,,Căn hộ cao cấp của T.A homestay,private_room,False,,/ đêm,2,,True,,,True,,True,True,False,False,,,,,"4,87",53,,444.146,₫444.146,True,,,True,,,,,,True,,True,,,,,,,,,,,,,,,
40184377,https://www.airbnb.com.vn/rooms/40184377,Mai Châu,9,20.64883,105.06893,REGULAR,,• Bungalow ở Mai Châu không có Bữa sáng & Điều hòa nhiệt độ •,private_room,False,,/ đêm,3,,True,True,True,,True,True,,False,False,,,,,,,,433.647,₫433.647,,,,True,,,,,,,,,,True,,,,,,,,,,,,,
37008022,https://www.airbnb.com.vn/rooms/37008022,Hoàn Kiếm,19,21.02877,105.8501,REGULAR,,Nhà Chuông - Phòng Xanh - Tầng 3,private_room,False,,/ đêm,2,,True,,,True,,True,,False,False,True,True,,,"4,39",23,4,485.087,₫485.087,True,,,True,,,,,False,True,True,,,,,,,,,,,,,,,,
47832947,https://www.airbnb.com.vn/rooms/47832947,Ba Đình,13,21.03311,105.80648,REGULAR,,H3362*01 giường Căn hộ* Ba Đình*Đào Tấn*Lote* Metropolis,private_room,False,,/ đêm,2,,True,True,True,True,,,,False,,True,True,True,,"4,88",26,4,487.151,₫487.151,True,,,,,,,True,,,,True,,,,True,,,,,,,,,,,
29520177,https://www.airbnb.com.vn/rooms/29520177,Ba Đình,9,21.0429,105.84386,REGULAR,,"SunFlower Homestay , Ngõ yên tĩnh,Gần khu phố cổ(1)",private_room,False,,/ đêm,2,,True,,True,True,True,True,,False,False,True,True,True,,"4,91",123,4,401.495,₫401.495,True,True,,,,,,,,,,,,,,,,,,,,,,,,,
655504270627616890,https://www.airbnb.com.vn/rooms/655504270627616890,Hoàn Kiếm,7,21.00068,105.80866,REGULAR,,Khách sạn giá rẻ Hà Nội EcoStay 1 - Nhà trọ tập thể hỗn hợp,shared_room,False,,/ đêm,12,,True,True,True,,,True,True,False,False,,,,,,,,139.865,₫139.865,,True,,,True,,,,,,,,,,,,,,,,,,,True,,,
864463789203708916,https://www.airbnb.com.vn/rooms/864463789203708916,Ba Đình,30,21.04305,105.84366,REGULAR,,(II) Studio ấm cúng/Hà NộiHearts/,private_room,False,,/ đêm,2,,True,True,True,True,,True,,False,False,False,True,,,,1,10,,,True,,,,True,,,,False,,,,,,,,,,,,,,,,,,
47752792,https://www.airbnb.com.vn/rooms/47752792,Quảng An,11,21.05629,105.82142,REGULAR,,Lagrace05 Chỗ ở đẹp và ấm cúng,entire_home,False,,/ đêm,2,,True,True,True,True,True,,,False,,,,,,"4,62",50,,456.471,₫456.471,True,True,,,,,,True,,,,,,,,True,,,,,,,,,,,
740053486028534848,https://www.airbnb.com.vn/rooms/740053486028534848,Tây Hồ,15,21.05038,105.8381,REGULAR,,Căn hộ view hồ thoáng mát với không gian xanh,private_room,False,,/ đêm,2,True,True,True,True,True,,,,False,False,True,True,,,"4,79",28,6,379.280,₫379.280,True,,,,,,,,False,,,,,,,True,,,,,,,,,,,
885874241347852040,https://www.airbnb.com.vn/rooms/885874241347852040,Ba Đình,15,21.04462,105.84473,REGULAR,,AimeeHouse-Elevator-Netflix-Private for couples,private_room,False,,/ đêm,2,,True,True,True,True,True,True,,False,,False,True,True,,,1,4,,,,True,,,True,,,,,,,,,,,,,,,,,,,,,,
825829918200290669,https://www.airbnb.com.vn/rooms/825829918200290669,Từ Liêm,7,21.0189403,105.7768348,REGULAR,,Căn hộ cho thuê tại MyDinh,entire_home,False,,/ đêm,2,,True,True,,True,True,True,True,False,False,,,,,,,,360.000,₫360.000,True,,,,,,,,,,,,,,,,,,,,,,,,,,
41270782,https://www.airbnb.com.vn/rooms/41270782,Tây Hồ,18,21.05911,105.80827,REGULAR,,Tuna Homestay,shared_room,False,,/ đêm,4,,True,True,True,True,,,,,,,,,,"4,88",8,,223.117,₫223.117,True,,,,,,True,True,,,,,,,True,True,,,,,,,,,True,,
876496221331960748,https://www.airbnb.com.vn/rooms/876496221331960748,Tây Hồ,16,21.060893167413937,105.82616920691528,REGULAR,,"Căn hộ 1 ngủ tại Xuân Diệu, Tây Hồ. (201)",private_room,False,,/ đêm,2,True,True,True,,True,True,,True,False,,,,,,,,,,,True,True,,,,,,True,,,,,,,,,,,,,,,,,,,
872238611394717714,https://www.airbnb.com.vn/rooms/872238611394717714,Hà Đông,6,20.97481,105.78643,REGULAR,,20m2 nice room to live,private_room,False,,/ đêm,3,,,True,,,,True,True,False,False,False,True,,,,,,,,True,,,,,,,,False,,,,,,,,,,,,,,,,,,
16417995,https://www.airbnb.com.vn/rooms/16417995,Hanoi (Ha Noi),11,21.01406,105.83941,REGULAR,,Chỗ ở trong không khí trong lành cho thuê,private_room,False,,/ đêm,2,True,True,True,True,,,,,False,False,False,True,True,True,"4,42",38,7,267.664,₫267.664,True,,,,,,,,,,,,,,,,,,,,,,,,,,
846326834181939445,https://www.airbnb.com.vn/rooms/846326834181939445,Hoàn Kiếm,30,21.03267,105.84907,REGULAR,,Riêng với 2 giường | Vị trí siêu cấp | An toàn | Sáng,private_room,False,,/ đêm,2,,True,,True,True,True,True,,False,False,False,True,True,,"4,4",10,10,,,,,,True,,,,,,,True,,,,,,,,,,,,,,,,
41188415,https://www.airbnb.com.vn/rooms/41188415,Hanoi,25,21.01257,105.86028,REGULAR,,Ban công/2.netflix/wash/dry/Airportcar/Topferbed,entire_home,False,,/ đêm,2,,True,True,True,True,,,True,False,False,,,,,"4,91",11,,391.624,₫391.624,True,,,,,True,,True,,,,,,,,,,,,,,,,,,,
20396864,https://www.airbnb.com.vn/rooms/20396864,Yên Phụ,23,21.05496,105.83629,REGULAR,,Kim Hanoi Homestay 3,private_room,False,,/ đêm,2,,True,True,True,,True,,,False,False,True,True,True,,"4,81",16,6,401.495,₫401.495,True,True,,,,,,,,,,,,,,True,,,,,,,,,,,
757853117148784689,https://www.airbnb.com.vn/rooms/757853117148784689,Long Biên,10,21.0333,105.86943,REGULAR,,V 's Home Red River. Ngôi nhà cổ gần trung tâm 402,private_room,False,,/ đêm,2,True,True,,True,,True,True,True,False,False,True,True,True,,,,,328.659,₫328.659,True,,,,,,,,,,,,,,,,,,,,,,,,,,
797530386252866819,https://www.airbnb.com.vn/rooms/797530386252866819,Hoàn Kiếm,8,21.0279604,105.8436866,REGULAR,,Phòng Riêng Trung tâm Hà Nội nhìn ra thành phố,private_room,False,,/ đêm,2,,True,True,,,True,True,True,,,True,True,True,,"5,0",9,4,405.059,₫405.059,True,,,True,,,,,,,,,,,,,True,,,,,,,,,True,
880091000787624812,https://www.airbnb.com.vn/rooms/880091000787624812,Tây Hồ,30,21.07555,105.81696,REGULAR,,Chill studio full fur close Ho Tay water park,private_room,False,,/ đêm,2,,True,True,True,True,,,True,False,False,False,True,True,,,,,,,True,,,,,,,True,,,,,,,,,,,,,,,,,,,
684372525391672164,https://www.airbnb.com.vn/rooms/684372525391672164,Hoàn Kiếm,10,21.03113346717561,105.8499859294304,REGULAR,,"LuxDorm center of Ho Guom, Old Quarter, Cathedral.",shared_room,False,,/ đêm,1,,True,True,True,,True,True,,,,,,,,"4,67",3,,263.831,₫263.831,True,,,True,,,,True,,,,,,,,,True,,,,True,,,,,,
762468471262428694,https://www.airbnb.com.vn/rooms/762468471262428694,Hoàn Kiếm,10,21.030949,105.850153,REGULAR,,"3minutes to Ho Guom, Ta Hien!",private_room,False,,/ đêm,2,True,True,True,True,,True,,,,,,,,True,,,,,,True,True,,,,True,,True,,,,,,,,,,,,,,,,,,,
689028227576760039,https://www.airbnb.com.vn/rooms/689028227576760039,Hoàn Kiếm,8,21.031115942428464,105.84999934047548,REGULAR,,"!!Lovely 3 doubed condo center Old Quarter,Ho Guom",private_room,False,,/ đêm,6,,True,True,True,,True,True,,,,,,,True,"4,45",20,,,,True,,True,,,True,,True,,,,,,,,,,,,,,,,,,,
24114959,https://www.airbnb.com.vn/rooms/24114959,Phú Diễn,17,21.04338,105.76689,REGULAR,,Lâu đài trên mây - phòng riêng trong căn hộ chung.,private_room,False,,/ đêm,2,True,True,True,,,,,,False,,True,True,True,,"4,75",28,5,455.330,₫455.330,True,,,,,True,True,,,,,True,True,,,,,,,,,,,,,,
822963877549896974,https://www.airbnb.com.vn/rooms/822963877549896974,Hoàn Kiếm,20,21.034940362040434,105.85269563491356,REGULAR,,Siêu trung tâm & giá rẻ| Giường cỡ King ấm cúng,private_room,False,,/ đêm,2,,True,,True,,,True,,False,False,True,True,,,"4,88",16,3,321.187,₫321.187,True,,True,,,,,,False,True,,,,,,,,,,,,,,,,,
35810046,https://www.airbnb.com.vn/rooms/35810046,,17,21.03263,105.80711,REGULAR,,"H223 1bed Apt* Free laundry, clearning*Gym*lotte",entire_home,False,,/ đêm,2,,True,,True,True,True,True,,False,,,,,,"4,93",56,,477.971,₫477.971,True,True,,,,,,,,,,True,,,,True,,,,,,,,,,,
24793107,https://www.airbnb.com.vn/rooms/24793107,Thành phố Yên Bái,9,21.71542,104.90628,REGULAR,,Căn hộ 498 Cửa Đông,entire_home,False,,/ đêm,4,,True,,True,True,True,,,False,False,,,,,,,,267.650,₫267.650,True,,,,,,True,True,,,,True,,,,,,,,,,,,,,,
795227624976095783,https://www.airbnb.com.vn/rooms/795227624976095783,Đống Đa,10,21.02649,105.83217,REGULAR,,"Phòng 20m2, giặt là miễn phí",private_room,False,,/ đêm,1,,True,True,True,,True,True,True,False,False,False,True,True,,"4,83",6,4,319.530,₫319.530,,,,,,,,,,,,True,,,,,,,,,,,,,,,
877417604854892292,https://www.airbnb.com.vn/rooms/877417604854892292,Từ Liêm,9,21.04141,105.76814,REGULAR,,Lan ‘s Home,private_room,False,,/ đêm,2,True,True,True,True,,,,,False,False,False,True,True,True,,,,,,True,,,,,,True,,,,,,,,,,,,,,,,,,,,
689028118821448942,https://www.airbnb.com.vn/rooms/689028118821448942,Hoàn Kiếm,7,21.031150991920715,105.84999397605745,REGULAR,,"Lovelycondo center Old Quarter, Ta Hien, Cathedral",private_room,False,,/ đêm,2,,True,True,True,,True,True,,,,,,,True,"4,23",22,,364.000,₫364.000,,,True,,,True,,True,,,,,,,,,,,,,True,,,,,,
38507046,https://www.airbnb.com.vn/rooms/38507046,Ba Đình,15,21.04172,105.84291,REGULAR,,"SunFlower homestay , Làn đường yên tĩnh,Gần khu phố cổ(3)",private_room,False,,/ đêm,4,,True,,True,,True,True,,False,False,True,True,True,,"4,75",95,4,401.495,₫401.495,True,True,,True,,,,,,,,,,,,,,,,,,,,,,,
31896934,https://www.airbnb.com.vn/rooms/31896934,,30,21.02345,105.82832,REGULAR,,Ban công đáng yêu - Phòng riêng tại Trung tâm thành phố Hà Nội.,private_room,False,,/ đêm,2,,True,True,True,,,,,False,False,False,True,True,True,"4,92",13,4,450.765,₫450.765,True,,,,,True,,,,,,,,,,,,,,True,,,,,,,
851727887915148354,https://www.airbnb.com.vn/rooms/851727887915148354,Đống Đa,26,21.0230565,105.8076453,REGULAR,,Một studio mới và thư giãn ở Đống Đa,entire_home,False,,/ đêm,2,,True,True,,True,True,,True,False,,,,,True,,,,,,True,True,,,,,,,,,,True,,,,,,,,,,,,,,,
893084657282957307,https://www.airbnb.com.vn/rooms/893084657282957307,Tây Hồ,12,21.0514036,105.8111512,REGULAR,,2 Bed Apartment -Fully Furnished,private_room,False,,/ đêm,2,,True,True,,True,True,True,True,,,,,,,,,,,,True,,,,,,,,,,,,,,,,,,,,,,,,,,
865899151121410374,https://www.airbnb.com.vn/rooms/865899151121410374,Ba Đình,8,21.0303729,105.8148413,REGULAR,,Hằng'sweethome,private_room,False,,/ đêm,1,,True,True,True,,,,True,False,False,False,True,True,,,,,,,True,,,,,,,True,,,,,,,,,,,,True,,,,,,,
41648961,https://www.airbnb.com.vn/rooms/41648961,Tây Hồ,18,21.0601,105.80891,REGULAR,,Tuna Homestay,shared_room,False,,/ đêm,16,,True,True,True,True,True,,,,,,,,,"5,0",4,,,,True,,,,,,,True,,,,,,,True,True,,,,True,,,,,,,
808480418599268075,https://www.airbnb.com.vn/rooms/808480418599268075,Nà Phòn,23,20.66532,105.0594,REGULAR,,Homestay & tour du lịch Nha Tân,shared_room,False,,/ đêm,12,,,,True,,True,True,,False,False,,,,True,,,,376.588,₫376.588,True,True,,,,,,True,,,,,,,,,,,True,,,,,,,,
43564496,https://www.airbnb.com.vn/rooms/43564496,Mai Hịch,15,20.61068,104.9978,REGULAR,,Trang trại Fullzoom Mai Châu,shared_room,False,,/ đêm,2,,True,,True,,,,,False,False,,,,,,,,267.664,₫267.664,True,,,,,,True,True,,,,,,,,,True,,,,,,,,,,
738126376174994928,https://www.airbnb.com.vn/rooms/738126376174994928,Hoàn Kiếm,8,21.03145,105.85002,REGULAR,,Aqua house 4* 50m đến hồ Guom * khu phố CỔ*netflix,private_room,False,,/ đêm,2,,True,True,,True,True,True,,False,False,,,,,"4,65",34,,475.491,₫475.491,,True,,True,,,,,,,,,,,,,,,,,,,,,,,
840835379133217694,https://www.airbnb.com.vn/rooms/840835379133217694,Từ Liêm,7,21.00779,105.73915,REGULAR,,Mighty Riche Studio Smart City,entire_home,False,,/ đêm,2,,,True,,True,,True,,False,,,,,,,,,433.647,₫433.647,True,,,,,,,,,,,,,,,,,,,,,,,,,,
872173599850248937,https://www.airbnb.com.vn/rooms/872173599850248937,Bắc Từ Liêm,7,21.06049,105.7982,REGULAR,,"Thoáng đãng, yên tĩnh & ấm cúng!",private_room,False,,/ đêm,3,True,True,True,,True,True,,True,False,False,False,True,True,,,,,,,True,,,,,,,,,,,,,,,,,,,,,,,,,,
48634532,https://www.airbnb.com.vn/rooms/48634532,Huyện Sơn Tây,10,21.04005,105.44369,REGULAR,,Bộ lạc lên mặt trăng,private_room,False,,/ đêm,2,,True,True,True,True,True,,,False,False,False,True,True,,,2,4,,,True,,,,,,,True,,,,,,,,,,,,,,,,,,,
604535276904676133,https://www.airbnb.com.vn/rooms/604535276904676133,Cầu Giấy,4,21.0149,105.79357,REGULAR,,HK HOTEL - Phòng Double hướng đường phố,private_room,False,,/ đêm,2,,True,,,True,True,True,True,False,,,,,,"4,8",5,,433.647,₫433.647,,,,True,True,True,,True,,,,,,,,,,,,,,,,,,,
796104528458152760,https://www.airbnb.com.vn/rooms/796104528458152760,Hải Bối,24,21.11025,105.79112,REGULAR,,"Siêu lớn 400m2, yên bình, hiện đại, nhà hoa",private_room,False,,/ đêm,2,True,True,True,True,True,,,,False,False,False,True,True,,,2,4,401.503,₫401.503,True,,,,,,,True,,,,,,,,,,,,,,,,,,,
613431475800553165,https://www.airbnb.com.vn/rooms/613431475800553165,Hoàn Kiếm,16,21.036753,105.852882,REGULAR,,"Trái tim của khu phố cổ với máy chiếu, tầm nhìn đáng yêu",entire_home,False,,/ đêm,2,,True,True,True,True,,,True,False,False,,,,True,"4,42",24,,,,True,True,,,,,,,,,,,,,,,,,,,,,,,,,
657232426525311498,https://www.airbnb.com.vn/rooms/657232426525311498,Hoàn Kiếm,11,21.03575,105.85332,REGULAR,,Khách sạn giá rẻ Hà Nội EcoStay 2 - Ký túc xá đôi,shared_room,False,,/ đêm,8,,True,True,,True,,True,True,False,False,,,,,,,,,,True,,,,,,,,,True,,,,,,,,,,,,,,,,,
753597025001522305,https://www.airbnb.com.vn/rooms/753597025001522305,Hoàn Kiếm,18,21.037991976910266,105.84540177790987,REGULAR,,"Trung tâm Hoàn Kiếm, khu vực yên ti ̃ nh, phòng tiện lợi",private_room,False,,/ đêm,2,,True,True,,True,True,True,True,False,False,False,True,True,,"4,83",23,5,,,,,,,,,,,,,,,,,,,,,,,,,,,,,True
39449319,https://www.airbnb.com.vn/rooms/39449319,Hoàn Kiếm,19,21.03382,105.85302,REGULAR,,✨Trung tâm OLDTown❗️ PHÒNG RIÊNG mini❗ ️Phố bia❤ ️,private_room,False,,/ đêm,2,True,True,,True,True,,True,,,,,,,,"4,56",75,,455.019,₫455.019,,,,True,True,,,,,True,,,,,,,,,,,,,True,,,,
15336853,https://www.airbnb.com.vn/rooms/15336853,Hanoi,13,21.00781,105.83745,REGULAR,,Rẻ và an toàn cho thuê,private_room,False,,/ đêm,2,True,True,True,True,True,,,,False,False,False,True,True,True,"4,52",69,7,267.664,₫267.664,True,,,,,,,,,,,,,,,,,,,,,,,,,,
891097653790582448,https://www.airbnb.com.vn/rooms/891097653790582448,Hoàn Kiếm,6,21.03259,105.85457,REGULAR,,Hanoi Boutique,private_room,False,,/ đêm,2,,True,True,True,True,,,True,,,,,,,,,,,,,,,,,,,,,,,,,,,,,,,,,,,,,,
860776711788946956,https://www.airbnb.com.vn/rooms/860776711788946956,Ngọc Thụy,9,21.06403,105.86965,REGULAR,,Thất tịch | Cuối mùa thu,private_room,False,,/ đêm,1,,True,True,True,,,,,False,,,,,,,,,,,True,,,,,,,True,,,,,,,,,True,,,,,True,,,,,
666870781383947692,https://www.airbnb.com.vn/rooms/666870781383947692,Hoàn Kiếm,18,21.0273458,105.8440119,REGULAR,,"Su Casa: Mezzanine House, Central Alley",private_room,False,,/ đêm,2,True,True,True,True,True,,True,True,False,False,,,,,"4,89",19,,,,True,,,,,,,,,,,,,,,,,,,,,,,,,,
32269958,https://www.airbnb.com.vn/rooms/32269958,Ba Đình,13,21.03678321838379,105.82493591308594,REGULAR,,Hà Nội trái tim nhà Beyond House # Snapdragon,private_room,False,,/ đêm,2,True,True,True,,True,True,,True,False,False,True,True,True,,,2,4,,,True,,,,,,,,,,,,,,,,,,,,,,,,,,
874249271816627961,https://www.airbnb.com.vn/rooms/874249271816627961,Tây Hồ,18,21.0660696,105.8288807,REGULAR,,Căn hộ dành cho cặp đôi,private_room,False,,/ đêm,2,,True,True,True,True,True,True,True,,,False,True,True,,,,,,,True,,,,,,,True,,,,,,,,,,,,,,,,,,,
37364729,https://www.airbnb.com.vn/rooms/37364729,Đống Đa,10,21.01298,105.84022,REGULAR,,Nice-Warm Stay,private_room,False,,/ đêm,2,,True,True,True,True,True,,True,False,False,False,True,,,,1,7,302.977,₫302.977,True,,,,,,,,False,,,,,,,,,,,,,,,,,,
831062842995721874,https://www.airbnb.com.vn/rooms/831062842995721874,Hàng Buồm,11,21.03689012905147,105.85293186627048,REGULAR,,Trái tim của Khu phố cổ - SIÊU GIÁ RẺ ( 3 phòng),private_room,False,,/ đêm,2,,True,,True,,,True,True,False,,False,True,True,True,,,,,,True,,True,,,,,,,,,,,,,,,,,,,,,,,,
37761804,https://www.airbnb.com.vn/rooms/37761804,Đống Đa,30,21.02356,105.80477,REGULAR,,Nhà đậu phụ - Emerald Flat có bếp (+THANG máy),hotel_room,False,,/ đêm,2,,True,,True,True,True,True,,,,,,,,"4,88",26,,,,True,True,True,,,,,True,,,,True,,,,,,,,,,,,,,,
20608904,https://www.airbnb.com.vn/rooms/20608904,Hanoi,30,21.02446,105.80373,REGULAR,,Nhà đậu phụ - Daisy Flat có bếp (+THANG máy),hotel_room,False,,/ đêm,2,,True,,True,True,True,True,,,,,,,True,"4,7",114,,459.859,₫459.859,True,True,True,,,,,,,,,True,,,,,,,,,,,,,,,
673791143922930560,https://www.airbnb.com.vn/rooms/673791143922930560,Hoàn Kiếm,14,21.03581,105.85164,REGULAR,,🌳CentralOldTown-FoodStreet🌟OMoHouse💕Selfcheck247,private_room,False,,/ đêm,2,,True,True,True,,,True,True,False,False,False,True,True,,"4,31",13,6,328.546,₫328.546,,,,,True,,,True,,,,,,,,,,,,,,,,,,,
885193839829363740,https://www.airbnb.com.vn/rooms/885193839829363740,Hoàn Kiếm,5,21.021919,105.8571716,REGULAR,,Homestay giá rẻ tại Hoàn Kiếm,shared_room,False,,/ đêm,16,,True,True,True,,,True,True,False,False,,,,,,,,,,True,,,,,,,,,,,,,,,,,,,,,,,,,,
878951660955141277,https://www.airbnb.com.vn/rooms/878951660955141277,Hoàn Kiếm,8,21.0225578,105.8481919,REGULAR,,THD03 Căn hộ đơn giản nhẹ nhàng Hoàn Kiếm,private_room,False,,/ đêm,2,,True,True,,True,,True,,False,False,False,True,True,,,,,404.942,₫404.942,,,,True,,,,,,True,,,,,,,,,,,,,,,,,
662928147357661608,https://www.airbnb.com.vn/rooms/662928147357661608,Sóc Sơn,8,21.20208,105.83168,REGULAR,,Khách sạn giá rẻ Hà Nội - Nội Bài,shared_room,False,,/ đêm,1,,True,True,True,True,,,True,,,,,,True,"5,0",6,,258.134,₫258.134,,True,,True,,True,,True,,,,,,,,,,,,,,,,,,,
853126081453611654,https://www.airbnb.com.vn/rooms/853126081453611654,Từ Liêm,8,21.0137886,105.7789282,REGULAR,,"Studio Metri,Cho thuê Mỹ Đình",entire_home,False,,/ đêm,2,,True,True,,True,True,True,True,False,False,,,,,,,,360.000,₫360.000,True,,,,,,,,,,,,,,,,,,,,,,,,,,
586583387843770958,https://www.airbnb.com.vn/rooms/586583387843770958,Ba Đình,16,21.03525,105.80774,REGULAR,,"H331001 với bồn tắm, phòng Gym,gần Lotte",private_room,False,,/ đêm,2,,True,True,,True,,,True,False,,,,,,"4,83",6,,487.151,₫487.151,True,True,,,,,,True,,,,True,,,,True,,,,,,,,,,,
35043502,https://www.airbnb.com.vn/rooms/35043502,Ba Đình,24,21.03593,105.82236,REGULAR,,Sống cùng gia đình bản xứ số 5 (Tam Cốc Studio),private_room,False,,/ đêm,3,,True,True,True,True,True,True,,False,False,True,True,True,,"4,8",25,6,428.233,₫428.233,True,,,,,,,,,,,,,,,,,,,,,,,,,,
858625151501796573,https://www.airbnb.com.vn/rooms/858625151501796573,Hoàn Kiếm,11,21.02844,105.84313,REGULAR,,Phòng Hà NộiCenter với quang cảnh thành phố,private_room,False,,/ đêm,2,,True,True,,,True,True,True,,,True,True,True,,"4,8",5,4,405.059,₫405.059,True,,,True,,,,,,,,,,,,,True,,,,,,,,,True,
43718561,https://www.airbnb.com.vn/rooms/43718561,Ba Đình,17,21.03417,105.80882,REGULAR,,Căn hộ H222-01 giường * giặt ỦIVÀ VỆ sinh miễn phí * Lotte* CGV,entire_home,False,,/ đêm,2,,True,,True,True,True,True,,False,,,,,,"4,71",24,,487.151,₫487.151,True,True,,,,,,,,,,True,,,,True,,,,,,,,,,,
767754006931897213,https://www.airbnb.com.vn/rooms/767754006931897213,Quảng An,18,21.06559,105.82594,REGULAR,,Tây Hồ Studio! Ngôi nhà ấm cúng! Gần Hồ.,private_room,False,,/ đêm,2,,True,,,True,,True,True,False,False,,,,,,,,456.471,₫456.471,True,,,,,,,,,,,,,,,,,,,,,,,,,,
29766138,https://www.airbnb.com.vn/rooms/29766138,Phan Chu Trinh,12,21.02029,105.85935,REGULAR,,SIÊU NGÂN sách | TRUNG TÂM HÀ Nội | CĂN hộ chung cư HIỆN đại & ẤM CÚNG,entire_home,False,,/ đêm,2,True,True,,,True,,True,,False,False,,,,,"4,55",22,,435.000,₫435.000,True,,,True,True,,,,,True,,,,,,,,,,,,,,,,,
41096760,https://www.airbnb.com.vn/rooms/41096760,Hoàn Kiếm,19,21.0238,105.84833,REGULAR,,BUZZ Home 2❤️ Phòng tắm riêng ★Yên tĩnh ★Trung tâm,private_room,False,,/ đêm,2,,True,,True,,True,True,,False,False,False,False,True,,"4,04",25,4,479.294,₫479.294,True,,,True,,,,,,True,,,,,,,,,,,,,,,,,
893037844449087647,https://www.airbnb.com.vn/rooms/893037844449087647,Tây Hồ,15,21.0514036,105.8111512,REGULAR,,1 BR Apartment - Fully Furnished,private_room,False,,/ đêm,2,,,True,,True,True,True,True,,,,,,,,,,,,True,,,,,,,,,,,,,,,,,,,,,,,,,,
622124266232324734,https://www.airbnb.com.vn/rooms/622124266232324734,Kiến Hưng,8,20.95772,105.79321,REGULAR,,Nơi nghỉ ngơi yên bình và ấm áp.,private_room,False,,/ đêm,4,True,True,True,True,,,,True,False,False,False,True,True,,,,,285.294,₫285.294,True,,,,,,,True,,,,,,,,,,,,,,,,,,,
46015441,https://www.airbnb.com.vn/rooms/46015441,Ba Đình,3,21.03393,105.82495,REGULAR,,"Phòng sáng sủa,yên tĩnh trong nhà chung của người nước ngoài gần Lotte",private_room,False,,/ đêm,1,,True,True,True,,True,True,,False,False,False,False,True,,,,,267.664,₫267.664,True,,,,True,,,,,,,,,,,,,,,,,,,,,,
25213197,https://www.airbnb.com.vn/rooms/25213197,Láng Hạ,7,21.01653,105.81638,REGULAR,,Phòng ngủ thoáng mát với ban công lớn,private_room,False,,/ đêm,2,,True,,True,,True,True,,False,False,True,True,True,,"4,93",40,6,347.972,₫347.972,True,True,,,,,,,,,,,,,,True,,,,,,,,,,,
874281073893156587,https://www.airbnb.com.vn/rooms/874281073893156587,Cầu Giấy,9,21.027558,105.7977737,REGULAR,,Modern Studio apartment Cau Giay,entire_home,False,,/ đêm,2,,True,True,,True,True,True,True,False,False,,,,,,,,480.000,₫480.000,True,,,,,,,,,,,,,,,,,,,,,,,,,,
783198535105922177,https://www.airbnb.com.vn/rooms/783198535105922177,Ba Đình,23,21.036957483531438,105.82483576454331,REGULAR,,The Strawberry house 1A,private_room,False,,/ đêm,2,,True,True,True,True,True,True,,False,False,True,True,True,,"5,0",8,4,321.187,₫321.187,True,,,,,,,,,,,,,,,,,,,,,,,,,,
29992971,https://www.airbnb.com.vn/rooms/29992971,Hoàn Kiếm,24,21.02476,105.85753,REGULAR,,CHUNG cư TRUNG tâm & NGÂN sách | 3 PHÚT đến NHÀ HÁT OPERA HN,entire_home,False,,/ đêm,2,,True,True,,True,,True,,False,False,,,,,"4,71",7,,435.000,₫435.000,True,,,True,,,,,,True,True,,,,,,,,,,,,,,,,
586468932350494734,https://www.airbnb.com.vn/rooms/586468932350494734,Long Biên,15,21.0644,105.85945,REGULAR,,Hidden Gem*Riverside Camping* Bãi đỗ xe miễn phí *FreeBBQ,entire_home,False,,/ đêm,6,,True,True,True,True,,True,,False,False,,,,,,,,391.429,₫391.429,True,,,,,True,,True,,,,,,,,,,,,,,,,,,,
885229321475194356,https://www.airbnb.com.vn/rooms/885229321475194356,Hoàn Kiếm,6,21.033684,105.8473817,REGULAR,,Komeinn - Nature- Centre of Old Quarter,private_room,False,,/ đêm,2,,True,True,,True,True,,True,,,False,True,True,,,,,369.362,₫369.362,True,True,,,,,,True,,,,,,,,,,,,True,,,,,,,
672111519748122108,https://www.airbnb.com.vn/rooms/672111519748122108,Hoàn Kiếm,15,21.03563,105.8541,REGULAR,,🌳CentralOldTown-FoodStreet🌟OMoHouse💕Selfcheck247,private_room,False,,/ đêm,2,,True,True,True,,,True,True,False,False,False,True,True,,"4,43",14,6,295.632,₫295.632,,,,,True,,,True,,,,,,,,,,,,,,,,,,,
735341122690872643,https://www.airbnb.com.vn/rooms/735341122690872643,Hoàn Kiếm,9,21.0301,105.85142,REGULAR,,Legume Home - Phòng bốn ngươ ̀ i có vòi sen,entire_home,False,,/ đêm,4,,True,True,True,True,,True,,False,False,,,,,"4,17",6,,441.000,₫441.000,,,,True,,,,,,,,,,,,,,,,,,,,,,,
24218923,https://www.airbnb.com.vn/rooms/24218923,Hanoi,14,21.0284,105.80843,REGULAR,,Căn hộ Ba Đình Studio với tầm nhìn ra thành phố,entire_home,False,,/ đêm,2,True,True,True,True,True,True,,,False,False,,,,,"4,77",13,,437.938,₫437.938,True,,,,,,,,,,,,,,,,,,,True,,,,,,,
35467582,https://www.airbnb.com.vn/rooms/35467582,Hà Nội,26,21.03209,105.82378,REGULAR,,Căn hộ một giường ấm cúng - studio @HanoiBui 'sHomflix,entire_home,False,,/ đêm,6,,True,True,,True,True,True,True,False,False,,,,,"4,85",34,,391.410,₫391.410,True,,True,,,,,,,,,,,,,,,,,,,,,,,,
43939550,https://www.airbnb.com.vn/rooms/43939550,Nhật Tân,23,21.07828,105.81689,REGULAR,,Chill Studio close Ho Tay water park 2.2,entire_home,False,,/ đêm,2,,True,True,True,True,True,True,,False,False,,,,,"5,0",3,,361.694,₫361.694,True,,,,,,,True,,,,,,,,,,,,,,,,,,,
43606769,https://www.airbnb.com.vn/rooms/43606769,Mai Châu,27,20.6433,105.0744,REGULAR,,[KM]Mai Châu Eco Homestay- Phòng Đôi View Sân Vườn,private_room,False,,/ đêm,2,,True,,True,True,True,,,,False,False,True,True,,,,,481.803,₫481.803,True,True,,True,,,,,,,,,,,,True,,,,,,,,,,,
646677629386735160,https://www.airbnb.com.vn/rooms/646677629386735160,Hoàn Kiếm,5,21.02331,105.85367,REGULAR,,Studio riêng đáng yêu tại quận Hoàn Kiếm,private_room,False,,/ đêm,2,,True,True,True,True,True,,True,False,False,,,,,"4,83",6,,433.647,₫433.647,True,,,,,,,,,,,True,,,,,,,,,,,,,,,
29886860,https://www.airbnb.com.vn/rooms/29886860,Hoàn Kiếm,22,21.02278,105.85805,REGULAR,,GIÁ TỐT NHẤT | CĂN HỘ ẤM CÚNG | TRÁI TIM HÀ NỘI,entire_home,False,,/ đêm,2,,True,True,,True,,True,,False,False,,,,,"4,92",13,,432.983,₫432.983,True,,,True,,,,,,True,True,,,,,,,,,,,,,,,,
790479621604183404,https://www.airbnb.com.vn/rooms/790479621604183404,Hoàn Kiếm,14,21.0275717,105.8453723,REGULAR,,01 GIƯỜNG CỠ QUEEN wt Gối 5 SAO (Phòng 4 giường),shared_room,False,,/ đêm,2,,True,,,,,True,True,,,,,,,,,,269.741,₫269.741,True,,True,True,True,,,,,True,True,,,,,,,True,,,,,,,,,
13534943,https://www.airbnb.com.vn/rooms/13534943,Hanoi,30,21.03268,105.80939,REGULAR,,"Hà Nội Cosy Homestay, phòng Hoa hồng",entire_home,False,,/ đêm,2,,True,,True,True,True,True,,False,False,,,,,"4,53",51,,485.087,₫485.087,True,True,,,,,,,,,,,,,,True,,,,,,,,,,,
35948587,https://www.airbnb.com.vn/rooms/35948587,,11,21.03196,105.80863,REGULAR,,"H281*1bed Apt* Free laundry, clearning *Gim*Lotte",entire_home,False,,/ đêm,2,,True,,True,True,True,True,,False,,,,,,"4,92",73,,471.062,₫471.062,True,True,,,,,,,,,,True,,,,True,,,,,,,,,,,
826453182258538328,https://www.airbnb.com.vn/rooms/826453182258538328,Sóc Sơn,15,21.21671746192627,105.78149957409667,REGULAR,,Phong khach san  Sân Bay Noi Bai,shared_room,False,,/ đêm,16,,True,,True,True,True,True,True,,False,,,,,"5,0",4,,460.956,₫460.956,,,,,,,,,,,,,,,,,,,,,,,,,,,
853481505839316804,https://www.airbnb.com.vn/rooms/853481505839316804,Hoàn Kiếm,17,21.03521,105.84555,REGULAR,,Annam  Train street  Xanh bạc hà,entire_home,False,,/ đêm,2,,True,,True,,,True,,False,,,,,,,,,463.143,₫463.143,True,,,True,,,,,,True,,,,,,,True,,,,,,,,,,
46668496,https://www.airbnb.com.vn/rooms/46668496,Hoàn Kiếm,6,21.03488,105.84801,REGULAR,,Phòng đơn,private_room,False,,/ đêm,1,,True,,,True,True,True,,False,False,False,True,True,,"4,75",12,6,457.493,₫457.493,,True,,True,,,,,,,,,,,,,,,,,,,,,,,
37502759,https://www.airbnb.com.vn/rooms/37502759,Yen Phu ward,21,21.05291,105.83728,REGULAR,,V 's Home Westlake. Ngôi nhà ấm cúng gần Westlake 402,private_room,False,,/ đêm,1,True,True,,True,,True,True,,False,False,True,True,True,,"4,67",15,4,285.294,₫285.294,True,,,,True,,,,,,,,,,,,,,,,,,,,,,
34678433,https://www.airbnb.com.vn/rooms/34678433,Ba Đình,17,21.03375,105.80691,REGULAR,,"H302* 1 Căn hộ Giường * Giặt ủi miễn phí, dọn dẹp * Gim*Lotte",entire_home,False,,/ đêm,2,,True,,True,True,True,True,,False,,,,,,"4,87",31,,468.388,₫468.388,True,True,,,,,,,,,,True,,,,True,,,,,,,,,,,
13690650,https://www.airbnb.com.vn/rooms/13690650,Hoàn Kiếm,19,21.03975,105.84785,REGULAR,,✯  NGÂN SÁCH PHÒNG HIỆN đại & RỘNG rãi | HÀ NỘI TRUNG TÂM,private_room,False,,/ đêm,2,True,True,,,True,,True,,,,,,,,"4,74",27,,,,,,,True,True,,,,,True,,True,,,,True,,,,,,,True,,,,
29422956,https://www.airbnb.com.vn/rooms/29422956,Đống Đa,17,21.02498,105.83684,REGULAR,,Phòng riêng gần Đền Văn học,private_room,False,,/ đêm,2,,True,True,,True,True,True,,False,False,True,True,True,,"4,84",57,5,294.401,₫294.401,True,,,,,,,True,,,,,,,,,,,,,,,,,,,
874576531783026356,https://www.airbnb.com.vn/rooms/874576531783026356,Hoàn Kiếm,20,21.02749158493874,105.8453723,REGULAR,,QUEEN SIZE bunk bed in Hanoi,shared_room,False,,/ đêm,1,True,True,,,,,True,True,,,,,,,,,,273.882,₫273.882,True,,True,True,True,,,,,True,True,,,,,,,,,,,,,,,,
